tau_$/kgCO2,Energy_%,Feed_%,Capital_%,Process_%,Operating_%,Other_%
0.0,28.18290360491016,31.462614381737353,20.562153395150897,0.0,11.919868893218082,7.872459724983516
0.002,28.468567323506704,31.328074828231873,20.452367199634462,0.05935142879285522,11.856263255453714,7.835375964380403
0.004,28.751005205152687,31.195071207650905,20.343856453121365,0.11797240410254858,11.793396044248858,7.798698685723641
0.006,29.03027680974082,31.063574753056567,20.236597171150002,0.1758774808057751,11.731253384827365,7.762420400419469
0.008,29.306440114689288,30.93355747618185,20.13056601482355,0.23308079769952175,11.669821775534269,7.726533821071528
0.01,29.5795515712245,30.804992139112947,20.025740267611553,0.28959609340380416,11.609088074440264,7.691031854206932
0.012,29.84966615811177,30.677852227287122,19.922097813213117,0.34543672149156246,11.549039486558534,7.655907593337898
0.014,30.116837432975917,30.55211192373096,19.819617114421895,0.40061566489161754,11.489663551639625,7.621154312339991
0.016,30.381117581344842,30.42774608446904,19.718277192937332,0.45514554960736103,11.430948132512217,7.586765459129212
0.018000000000000002,30.642557463539788,30.304730215037818,19.61805761007019,0.5090386577908911,11.372881403939884,7.552734649621433
0.02,30.90120665952852,30.183040448043645,19.51893844829371,0.5623069402095741,11.315451841965842,7.519055661958711
0.022,31.1571135118498,30.06265352170812,19.42090029359512,0.6149620281395071,11.258648213719448,7.4857224309880035
0.024,31.4103251667109,29.94354675934735,19.323924218584857,0.6670152447180365,11.202459567660027,7.452729042978825
0.026000000000000002,31.66088761335336,29.825698049735514,19.227991766323683,0.7184776157853555,11.146875224234957,7.420069730567132
0.028,31.90884572177636,29.70908582830577,19.133084934830435,0.7693598802432317,11.091884766930566,7.38773886791364
0.03,32.15424327890158,29.593689059145063,19.039186162235293,0.8196724999570932,11.03747803369559,7.3557309660653765
0.032,32.39712302325836,29.47948721774153,18.946278312545733,0.8694256692260155,10.983645108718257,7.324040668510108
0.034,32.63752667826305,29.366460274446183,18.85434466199423,0.9186293238435916,10.930376314539163,7.292662746913782
0.036000000000000004,32.87549498416239,29.254588678612635,18.763368885938718,0.9672931497712223,10.87766220448321,7.261592097031825
0.038,33.11106772870625,29.143853343380837,18.673335046288443,1.0154265914440213,10.825493555394827,7.230823734785609
0.04,33.344283776611576,29.034235631073006,18.584227579429534,1.0630388597282858,10.773861360661648,7.20035279249594
0.042,33.57518109787561,28.92571733917138,18.49603128462605,1.1101389395483279,10.722756823512716,7.170174515265923
0.044,33.803796794993204,28.818280686849857,18.408731312873634,1.1567355971993856,10.672171350577967,7.140284257505954
0.046,34.03016712913015,28.71190830203245,18.32231315618437,1.2028373873623335,10.622096545696657,7.110677479594036
0.048,34.25432754530095,28.6065832089537,18.236762637282393,1.2484526598349852,10.572524203962963,7.081349744665011
0.05,34.47631269659756,28.50228881619705,18.15206589969115,1.2935895659939052,10.523446305997723,7.0522967155226075
0.052000000000000005,34.69615646751245,28.399008905189017,18.068209398194206,1.3382560649998516,10.474855012435839,7.023514151668634
0.054,34.913891996397254,28.296727619127758,17.98517988965244,1.3824599297591993,10.426742658619494,6.9949979064438566
0.056,35.12955169709593,28.195429452326316,17.90296442416145,1.4262087526530098,10.37910174948782,6.966743924275488
0.058,35.343167279789526,28.0950992399513,17.82155033653384,1.469509951044738,10.331924954654173,6.9387482380264265
0.06,35.55476977108722,27.995722148139496,17.74092523809194,1.5123707725769648,10.28520510366269,6.911006966441686
0.062,35.76438953339701,27.897283664475133,17.66107700875711,1.5547983002669572,10.238935181416126,6.883516311687677
0.064,35.97205628360718,27.79976958881199,17.581993789422746,1.5967994574103317,10.193108323767525,6.8562725569802305
0.066,36.17779911110859,27.703166024425173,17.503663974598556,1.6383810123015792,10.147717813268597,6.829272064297507
0.068,36.38164649518582,27.607459369477986,17.42607620531441,1.6795495827797535,10.102757075067988,6.802511272174041
0.07,36.583626321804104,27.512636308790427,17.349219362272724,1.7203116406071608,10.058219672953106,6.775986693572482
0.07200000000000001,36.78376589981738,27.418683805896325,17.273082559238713,1.7606735156884923,10.014099305529381,6.7496949138297
0.074,36.982091976621945,27.325589095376728,17.19765513665865,1.8006414001374396,9.970389802531159,6.723632588674076
0.076,37.17863075327829,27.233339675458023,17.12292665549642,1.8402213521974724,9.927085121258788,6.697796442311006
0.078,37.373407899123414,27.141923300863557,17.048886891279555,1.8794193000231032,9.884179343136605,6.6721832655737705
0.08,37.56644856589414,27.05132797590831,16.975525828345898,1.9182410453276504,9.841666670386926,6.64678991413707
0.082,37.757777401381375,26.96154194782661,16.902833654282915,1.9566922669032083,9.799541422815267,6.621613306790626
0.084,37.94741856263409,26.872553700323238,16.83080075455171,1.9947785240182252,9.75779803470229,6.596650423770447
0.08600000000000001,38.13539572873111,26.784351947338976,16.759417707288442,2.032505259697848,9.716431051798246,6.571898305145369
0.088,38.321732113137685,26.696925627021983,16.688675278275948,2.069877803891916,9.675435128415753,6.547354049256716
0.09,38.506450475663215,26.61026389589657,16.618564416078975,2.1069013765352493,9.634805024617094,6.523014811208901
0.092,38.68957313403578,26.524356123221793,16.54907624733647,2.143581090504675,9.594535603492279,6.498877801409011
0.094,38.871121975108174,26.439191885532225,16.48020207220488,2.1799219544769652,9.55462182852434,6.474940284153416
0.096,39.051118465709735,26.35476096135384,16.41193335994659,2.2159288756917337,9.515058761038514,6.451199576259587
0.098,39.229583663157335,26.27105332608822,16.344261744657956,2.2516066626230735,9.475841557732055,6.42765304574136
0.1,39.40653822543874,26.188059147058553,16.277179021131495,2.2869600275635937,9.436965468281613,6.404298110526012
