Region,Feed,PD,FC,E,CR
Global/EU,PE,2.1219,1.7752,0.6735,3.2236
Global/EU,PET,1.8419,2.1686,1.0783,2.9323
Global/EU,PP,2.0837,1.6271,0.4497,3.2611
Global/EU,PS,2.4666,2.1017,0.5698,3.9984
Global/EU,PVC,0.9979,0.5427,0.4548,1.0857
U.S.,PE,2.1219,1.7308,0.6765,3.1761
U.S.,PET,1.8419,2.1475,1.0799,2.9095
U.S.,PP,2.0837,1.5850,0.4526,3.2161
U.S.,PS,2.4666,2.0658,0.5722,3.9602
U.S.,PVC,0.9979,0.5289,0.4559,1.0709
China,PE,2.1219,1.5975,0.6808,3.0385
China,PET,1.8419,2.0841,1.0821,2.8440
China,PP,2.0837,1.4587,0.4566,3.0858
China,PS,2.4666,1.9582,0.5755,3.8493
China,PVC,0.9979,0.4877,0.4575,1.0281
Japan,PE,2.1219,1.7308,0.6778,3.1749
Japan,PET,1.8419,2.1475,1.0805,2.9089
Japan,PP,2.0837,1.5850,0.4537,3.2150
Japan,PS,2.4666,2.0658,0.5731,3.9592
Japan,PVC,0.9979,0.5289,0.4564,1.0705
Korea,PE,2.1219,1.6864,0.6827,3.1256
Korea,PET,1.8419,2.1263,1.0830,2.8853
Korea,PP,2.0837,1.5429,0.4583,3.1683
Korea,PS,2.4666,2.0299,0.5769,3.9196
Korea,PVC,0.9979,0.5152,0.4581,1.0549
India,PE,2.1219,1.5531,0.6900,2.9849
India,PET,1.8419,2.0630,1.0868,2.8181
India,PP,2.0837,1.4166,0.4651,3.0351
India,PS,2.4666,1.9223,0.5825,3.8064
India,PVC,0.9979,0.4740,0.4608,1.0111
Indonesia,PE,2.1219,1.6419,0.6913,3.0725
Indonesia,PET,1.8419,2.1052,1.0874,2.8597
Indonesia,PP,2.0837,1.5008,0.4663,3.1182
Indonesia,PS,2.4666,1.9940,0.5834,3.8772
Indonesia,PVC,0.9979,0.5014,0.4612,1.0381
Canada,PE,2.1219,1.7974,0.6722,3.2471
Canada,PET,1.8419,2.1792,1.0776,2.9434
Canada,PP,2.0837,1.6481,0.4486,3.2833
Canada,PS,2.4666,2.1196,0.5689,4.0173
Canada,PVC,0.9979,0.5495,0.4544,1.0931
Brazil,PE,2.1219,1.7974,0.6719,3.2474
Brazil,PET,1.8419,2.1792,1.0775,2.9436
Brazil,PP,2.0837,1.6481,0.4483,3.2835
Brazil,PS,2.4666,2.1196,0.5687,4.0175
Brazil,PVC,0.9979,0.5495,0.4543,1.0932
Australia,PE,2.1219,1.7530,0.6744,3.2005
Australia,PET,1.8419,2.1580,1.0787,2.9212
Australia,PP,2.0837,1.6060,0.4506,3.2391
Australia,PS,2.4666,2.0837,0.5705,3.9798
Australia,PVC,0.9979,0.5358,0.4552,1.0785
South Africa,PE,2.1219,1.5975,0.6962,3.0232
South Africa,PET,1.8419,2.0841,1.0900,2.8361
South Africa,PP,2.0837,1.4587,0.4709,3.0715
South Africa,PS,2.4666,1.9582,0.5872,3.8375
South Africa,PVC,0.9979,0.4877,0.4630,1.0226
