Region,w_PVC,grid_CI,margin_A,CRt_A,margin_B,CRt_B,margin_C,CRt_C
U.S.,0.01700,50,0.18268,2.98554,0.16447,2.98554,0.21258,2.99191
India,0.04400,130,0.07948,2.85339,0.03499,2.85339,0.15209,2.86607
Japan,0.06000,50,0.11230,2.95503,0.04808,2.95503,0.21820,2.97659
Canada,0.08000,20,0.08475,2.99989,-0.00269,2.99989,0.22628,3.03155
Australia,0.08000,40,0.11016,2.96425,0.02388,2.96425,0.25408,2.99388
Korea,0.09000,70,0.04187,2.92201,-0.05307,2.92201,0.19931,2.95337
Indonesia,0.11600,90,0.00537,2.87877,-0.11505,2.87877,0.21005,2.91633
South Africa,0.12000,110,-0.00854,2.83749,-0.13125,2.83749,0.20269,2.87258
Global/EU,0.13700,30,0.00276,2.97544,-0.14598,2.97544,0.24829,3.03033
Brazil,0.18000,20,-0.08544,2.96670,-0.28221,2.96670,0.23444,3.03933
China,0.20400,110,-0.15160,2.81424,-0.36134,2.81424,0.20731,2.87422
