Scenario,Strategy,Region,w_PVC,margin
Fossil baseline,A,Global/EU,0.00000,0.24829
Fossil baseline,A,Global/EU,0.01000,0.23037
Fossil baseline,A,Global/EU,0.02000,0.21245
Fossil baseline,A,Global/EU,0.03000,0.19453
Fossil baseline,A,Global/EU,0.04000,0.17661
Fossil baseline,A,Global/EU,0.05000,0.15868
Fossil baseline,A,Global/EU,0.06000,0.14076
Fossil baseline,A,Global/EU,0.07000,0.12284
Fossil baseline,A,Global/EU,0.08000,0.10492
Fossil baseline,A,Global/EU,0.09000,0.08700
Fossil baseline,A,Global/EU,0.10000,0.06907
Fossil baseline,A,Global/EU,0.11000,0.05115
Fossil baseline,A,Global/EU,0.12000,0.03323
Fossil baseline,A,Global/EU,0.13000,0.01531
Fossil baseline,A,Global/EU,0.14000,-0.00261
Fossil baseline,A,Global/EU,0.15000,-0.02054
Fossil baseline,A,Global/EU,0.16000,-0.03846
Fossil baseline,A,Global/EU,0.17000,-0.05638
Fossil baseline,A,Global/EU,0.18000,-0.07430
Fossil baseline,A,Global/EU,0.19000,-0.09222
Fossil baseline,A,Global/EU,0.20000,-0.11015
Fossil baseline,A,Global/EU,0.21000,-0.12807
Fossil baseline,A,Global/EU,0.22000,-0.14599
Fossil baseline,A,Global/EU,0.23000,-0.16391
Fossil baseline,A,Global/EU,0.24000,-0.18183
Fossil baseline,A,Global/EU,0.25000,-0.19975
Fossil baseline,A,Global/EU,0.26000,-0.21768
Fossil baseline,B,Global/EU,0.00000,0.24829
Fossil baseline,B,Global/EU,0.01000,0.21951
Fossil baseline,B,Global/EU,0.02000,0.19073
Fossil baseline,B,Global/EU,0.03000,0.16196
Fossil baseline,B,Global/EU,0.04000,0.13318
Fossil baseline,B,Global/EU,0.05000,0.10440
Fossil baseline,B,Global/EU,0.06000,0.07562
Fossil baseline,B,Global/EU,0.07000,0.04684
Fossil baseline,B,Global/EU,0.08000,0.01806
Fossil baseline,B,Global/EU,0.09000,-0.01072
Fossil baseline,B,Global/EU,0.10000,-0.03950
Fossil baseline,B,Global/EU,0.11000,-0.06828
Fossil baseline,B,Global/EU,0.12000,-0.09706
Fossil baseline,B,Global/EU,0.13000,-0.12584
Fossil baseline,B,Global/EU,0.14000,-0.15462
Fossil baseline,B,Global/EU,0.15000,-0.18340
Fossil baseline,B,Global/EU,0.16000,-0.21218
Fossil baseline,B,Global/EU,0.17000,-0.24096
Fossil baseline,B,Global/EU,0.18000,-0.26973
Fossil baseline,B,Global/EU,0.19000,-0.29851
Fossil baseline,B,Global/EU,0.20000,-0.32729
Fossil baseline,B,Global/EU,0.21000,-0.35607
Fossil baseline,B,Global/EU,0.22000,-0.38485
Fossil baseline,B,Global/EU,0.23000,-0.41363
Fossil baseline,B,Global/EU,0.24000,-0.44241
Fossil baseline,B,Global/EU,0.25000,-0.47119
Fossil baseline,B,Global/EU,0.26000,-0.49997
Fossil baseline,C,Global/EU,0.00000,0.24829
Fossil baseline,C,Global/EU,0.01000,0.24829
Fossil baseline,C,Global/EU,0.02000,0.24829
Fossil baseline,C,Global/EU,0.03000,0.24829
Fossil baseline,C,Global/EU,0.04000,0.24829
Fossil baseline,C,Global/EU,0.05000,0.24829
Fossil baseline,C,Global/EU,0.06000,0.24829
Fossil baseline,C,Global/EU,0.07000,0.24829
Fossil baseline,C,Global/EU,0.08000,0.24829
Fossil baseline,C,Global/EU,0.09000,0.24829
Fossil baseline,C,Global/EU,0.10000,0.24829
Fossil baseline,C,Global/EU,0.11000,0.24829
Fossil baseline,C,Global/EU,0.12000,0.24829
Fossil baseline,C,Global/EU,0.13000,0.24829
Fossil baseline,C,Global/EU,0.14000,0.24829
Fossil baseline,C,Global/EU,0.15000,0.24829
Fossil baseline,C,Global/EU,0.16000,0.24829
Fossil baseline,C,Global/EU,0.17000,0.24829
Fossil baseline,C,Global/EU,0.18000,0.24829
Fossil baseline,C,Global/EU,0.19000,0.24829
Fossil baseline,C,Global/EU,0.20000,0.24829
Fossil baseline,C,Global/EU,0.21000,0.24829
Fossil baseline,C,Global/EU,0.22000,0.24829
Fossil baseline,C,Global/EU,0.23000,0.24829
Fossil baseline,C,Global/EU,0.24000,0.24829
Fossil baseline,C,Global/EU,0.25000,0.24829
Fossil baseline,C,Global/EU,0.26000,0.24829
Fossil baseline,A,U.S.,0.00000,0.21258
Fossil baseline,A,U.S.,0.01000,0.19499
Fossil baseline,A,U.S.,0.02000,0.17740
Fossil baseline,A,U.S.,0.03000,0.15981
Fossil baseline,A,U.S.,0.04000,0.14222
Fossil baseline,A,U.S.,0.05000,0.12463
Fossil baseline,A,U.S.,0.06000,0.10704
Fossil baseline,A,U.S.,0.07000,0.08945
Fossil baseline,A,U.S.,0.08000,0.07186
Fossil baseline,A,U.S.,0.09000,0.05427
Fossil baseline,A,U.S.,0.10000,0.03668
Fossil baseline,A,U.S.,0.11000,0.01909
Fossil baseline,A,U.S.,0.12000,0.00150
Fossil baseline,A,U.S.,0.13000,-0.01609
Fossil baseline,A,U.S.,0.14000,-0.03368
Fossil baseline,A,U.S.,0.15000,-0.05127
Fossil baseline,A,U.S.,0.16000,-0.06885
Fossil baseline,A,U.S.,0.17000,-0.08644
Fossil baseline,A,U.S.,0.18000,-0.10403
Fossil baseline,A,U.S.,0.19000,-0.12162
Fossil baseline,A,U.S.,0.20000,-0.13921
Fossil baseline,A,U.S.,0.21000,-0.15680
Fossil baseline,A,U.S.,0.22000,-0.17439
Fossil baseline,A,U.S.,0.23000,-0.19198
Fossil baseline,A,U.S.,0.24000,-0.20957
Fossil baseline,A,U.S.,0.25000,-0.22716
Fossil baseline,A,U.S.,0.26000,-0.24475
Fossil baseline,B,U.S.,0.00000,0.21258
Fossil baseline,B,U.S.,0.01000,0.18428
Fossil baseline,B,U.S.,0.02000,0.15598
Fossil baseline,B,U.S.,0.03000,0.12768
Fossil baseline,B,U.S.,0.04000,0.09938
Fossil baseline,B,U.S.,0.05000,0.07109
Fossil baseline,B,U.S.,0.06000,0.04279
Fossil baseline,B,U.S.,0.07000,0.01449
Fossil baseline,B,U.S.,0.08000,-0.01381
Fossil baseline,B,U.S.,0.09000,-0.04211
Fossil baseline,B,U.S.,0.10000,-0.07041
Fossil baseline,B,U.S.,0.11000,-0.09871
Fossil baseline,B,U.S.,0.12000,-0.12700
Fossil baseline,B,U.S.,0.13000,-0.15530
Fossil baseline,B,U.S.,0.14000,-0.18360
Fossil baseline,B,U.S.,0.15000,-0.21190
Fossil baseline,B,U.S.,0.16000,-0.24020
Fossil baseline,B,U.S.,0.17000,-0.26850
Fossil baseline,B,U.S.,0.18000,-0.29679
Fossil baseline,B,U.S.,0.19000,-0.32509
Fossil baseline,B,U.S.,0.20000,-0.35339
Fossil baseline,B,U.S.,0.21000,-0.38169
Fossil baseline,B,U.S.,0.22000,-0.40999
Fossil baseline,B,U.S.,0.23000,-0.43829
Fossil baseline,B,U.S.,0.24000,-0.46659
Fossil baseline,B,U.S.,0.25000,-0.49488
Fossil baseline,B,U.S.,0.26000,-0.52318
Fossil baseline,C,U.S.,0.00000,0.21258
Fossil baseline,C,U.S.,0.01000,0.21258
Fossil baseline,C,U.S.,0.02000,0.21258
Fossil baseline,C,U.S.,0.03000,0.21258
Fossil baseline,C,U.S.,0.04000,0.21258
Fossil baseline,C,U.S.,0.05000,0.21258
Fossil baseline,C,U.S.,0.06000,0.21258
Fossil baseline,C,U.S.,0.07000,0.21258
Fossil baseline,C,U.S.,0.08000,0.21258
Fossil baseline,C,U.S.,0.09000,0.21258
Fossil baseline,C,U.S.,0.10000,0.21258
Fossil baseline,C,U.S.,0.11000,0.21258
Fossil baseline,C,U.S.,0.12000,0.21258
Fossil baseline,C,U.S.,0.13000,0.21258
Fossil baseline,C,U.S.,0.14000,0.21258
Fossil baseline,C,U.S.,0.15000,0.21258
Fossil baseline,C,U.S.,0.16000,0.21258
Fossil baseline,C,U.S.,0.17000,0.21258
Fossil baseline,C,U.S.,0.18000,0.21258
Fossil baseline,C,U.S.,0.19000,0.21258
Fossil baseline,C,U.S.,0.20000,0.21258
Fossil baseline,C,U.S.,0.21000,0.21258
Fossil baseline,C,U.S.,0.22000,0.21258
Fossil baseline,C,U.S.,0.23000,0.21258
Fossil baseline,C,U.S.,0.24000,0.21258
Fossil baseline,C,U.S.,0.25000,0.21258
Fossil baseline,C,U.S.,0.26000,0.21258
Fossil baseline,A,China,0.00000,0.20731
Fossil baseline,A,China,0.01000,0.18971
Fossil baseline,A,China,0.02000,0.17212
Fossil baseline,A,China,0.03000,0.15453
Fossil baseline,A,China,0.04000,0.13693
Fossil baseline,A,China,0.05000,0.11934
Fossil baseline,A,China,0.06000,0.10175
Fossil baseline,A,China,0.07000,0.08415
Fossil baseline,A,China,0.08000,0.06656
Fossil baseline,A,China,0.09000,0.04896
Fossil baseline,A,China,0.10000,0.03137
Fossil baseline,A,China,0.11000,0.01378
Fossil baseline,A,China,0.12000,-0.00382
Fossil baseline,A,China,0.13000,-0.02141
Fossil baseline,A,China,0.14000,-0.03900
Fossil baseline,A,China,0.15000,-0.05660
Fossil baseline,A,China,0.16000,-0.07419
Fossil baseline,A,China,0.17000,-0.09178
Fossil baseline,A,China,0.18000,-0.10938
Fossil baseline,A,China,0.19000,-0.12697
Fossil baseline,A,China,0.20000,-0.14456
Fossil baseline,A,China,0.21000,-0.16216
Fossil baseline,A,China,0.22000,-0.17975
Fossil baseline,A,China,0.23000,-0.19734
Fossil baseline,A,China,0.24000,-0.21494
Fossil baseline,A,China,0.25000,-0.23253
Fossil baseline,A,China,0.26000,-0.25013
Fossil baseline,B,China,0.00000,0.20731
Fossil baseline,B,China,0.01000,0.17943
Fossil baseline,B,China,0.02000,0.15156
Fossil baseline,B,China,0.03000,0.12368
Fossil baseline,B,China,0.04000,0.09581
Fossil baseline,B,China,0.05000,0.06793
Fossil baseline,B,China,0.06000,0.04006
Fossil baseline,B,China,0.07000,0.01218
Fossil baseline,B,China,0.08000,-0.01569
Fossil baseline,B,China,0.09000,-0.04357
Fossil baseline,B,China,0.10000,-0.07144
Fossil baseline,B,China,0.11000,-0.09932
Fossil baseline,B,China,0.12000,-0.12719
Fossil baseline,B,China,0.13000,-0.15507
Fossil baseline,B,China,0.14000,-0.18294
Fossil baseline,B,China,0.15000,-0.21081
Fossil baseline,B,China,0.16000,-0.23869
Fossil baseline,B,China,0.17000,-0.26656
Fossil baseline,B,China,0.18000,-0.29444
Fossil baseline,B,China,0.19000,-0.32231
Fossil baseline,B,China,0.20000,-0.35019
Fossil baseline,B,China,0.21000,-0.37806
Fossil baseline,B,China,0.22000,-0.40594
Fossil baseline,B,China,0.23000,-0.43381
Fossil baseline,B,China,0.24000,-0.46169
Fossil baseline,B,China,0.25000,-0.48956
Fossil baseline,B,China,0.26000,-0.51744
Fossil baseline,C,China,0.00000,0.20731
Fossil baseline,C,China,0.01000,0.20731
Fossil baseline,C,China,0.02000,0.20731
Fossil baseline,C,China,0.03000,0.20731
Fossil baseline,C,China,0.04000,0.20731
Fossil baseline,C,China,0.05000,0.20731
Fossil baseline,C,China,0.06000,0.20731
Fossil baseline,C,China,0.07000,0.20731
Fossil baseline,C,China,0.08000,0.20731
Fossil baseline,C,China,0.09000,0.20731
Fossil baseline,C,China,0.10000,0.20731
Fossil baseline,C,China,0.11000,0.20731
Fossil baseline,C,China,0.12000,0.20731
Fossil baseline,C,China,0.13000,0.20731
Fossil baseline,C,China,0.14000,0.20731
Fossil baseline,C,China,0.15000,0.20731
Fossil baseline,C,China,0.16000,0.20731
Fossil baseline,C,China,0.17000,0.20731
Fossil baseline,C,China,0.18000,0.20731
Fossil baseline,C,China,0.19000,0.20731
Fossil baseline,C,China,0.20000,0.20731
Fossil baseline,C,China,0.21000,0.20731
Fossil baseline,C,China,0.22000,0.20731
Fossil baseline,C,China,0.23000,0.20731
Fossil baseline,C,China,0.24000,0.20731
Fossil baseline,C,China,0.25000,0.20731
Fossil baseline,C,China,0.26000,0.20731
Fossil baseline,A,Japan,0.00000,0.21820
Fossil baseline,A,Japan,0.01000,0.20055
Fossil baseline,A,Japan,0.02000,0.18290
Fossil baseline,A,Japan,0.03000,0.16525
Fossil baseline,A,Japan,0.04000,0.14760
Fossil baseline,A,Japan,0.05000,0.12995
Fossil baseline,A,Japan,0.06000,0.11230
Fossil baseline,A,Japan,0.07000,0.09465
Fossil baseline,A,Japan,0.08000,0.07700
Fossil baseline,A,Japan,0.09000,0.05935
Fossil baseline,A,Japan,0.10000,0.04170
Fossil baseline,A,Japan,0.11000,0.02405
Fossil baseline,A,Japan,0.12000,0.00640
Fossil baseline,A,Japan,0.13000,-0.01125
Fossil baseline,A,Japan,0.14000,-0.02890
Fossil baseline,A,Japan,0.15000,-0.04655
Fossil baseline,A,Japan,0.16000,-0.06420
Fossil baseline,A,Japan,0.17000,-0.08185
Fossil baseline,A,Japan,0.18000,-0.09950
Fossil baseline,A,Japan,0.19000,-0.11715
Fossil baseline,A,Japan,0.20000,-0.13480
Fossil baseline,A,Japan,0.21000,-0.15245
Fossil baseline,A,Japan,0.22000,-0.17010
Fossil baseline,A,Japan,0.23000,-0.18775
Fossil baseline,A,Japan,0.24000,-0.20540
Fossil baseline,A,Japan,0.25000,-0.22305
Fossil baseline,A,Japan,0.26000,-0.24070
Fossil baseline,B,Japan,0.00000,0.21820
Fossil baseline,B,Japan,0.01000,0.18985
Fossil baseline,B,Japan,0.02000,0.16149
Fossil baseline,B,Japan,0.03000,0.13314
Fossil baseline,B,Japan,0.04000,0.10479
Fossil baseline,B,Japan,0.05000,0.07643
Fossil baseline,B,Japan,0.06000,0.04808
Fossil baseline,B,Japan,0.07000,0.01972
Fossil baseline,B,Japan,0.08000,-0.00863
Fossil baseline,B,Japan,0.09000,-0.03699
Fossil baseline,B,Japan,0.10000,-0.06534
Fossil baseline,B,Japan,0.11000,-0.09370
Fossil baseline,B,Japan,0.12000,-0.12205
Fossil baseline,B,Japan,0.13000,-0.15041
Fossil baseline,B,Japan,0.14000,-0.17876
Fossil baseline,B,Japan,0.15000,-0.20712
Fossil baseline,B,Japan,0.16000,-0.23547
Fossil baseline,B,Japan,0.17000,-0.26383
Fossil baseline,B,Japan,0.18000,-0.29218
Fossil baseline,B,Japan,0.19000,-0.32054
Fossil baseline,B,Japan,0.20000,-0.34889
Fossil baseline,B,Japan,0.21000,-0.37725
Fossil baseline,B,Japan,0.22000,-0.40560
Fossil baseline,B,Japan,0.23000,-0.43396
Fossil baseline,B,Japan,0.24000,-0.46231
Fossil baseline,B,Japan,0.25000,-0.49066
Fossil baseline,B,Japan,0.26000,-0.51902
Fossil baseline,C,Japan,0.00000,0.21820
Fossil baseline,C,Japan,0.01000,0.21820
Fossil baseline,C,Japan,0.02000,0.21820
Fossil baseline,C,Japan,0.03000,0.21820
Fossil baseline,C,Japan,0.04000,0.21820
Fossil baseline,C,Japan,0.05000,0.21820
Fossil baseline,C,Japan,0.06000,0.21820
Fossil baseline,C,Japan,0.07000,0.21820
Fossil baseline,C,Japan,0.08000,0.21820
Fossil baseline,C,Japan,0.09000,0.21820
Fossil baseline,C,Japan,0.10000,0.21820
Fossil baseline,C,Japan,0.11000,0.21820
Fossil baseline,C,Japan,0.12000,0.21820
Fossil baseline,C,Japan,0.13000,0.21820
Fossil baseline,C,Japan,0.14000,0.21820
Fossil baseline,C,Japan,0.15000,0.21820
Fossil baseline,C,Japan,0.16000,0.21820
Fossil baseline,C,Japan,0.17000,0.21820
Fossil baseline,C,Japan,0.18000,0.21820
Fossil baseline,C,Japan,0.19000,0.21820
Fossil baseline,C,Japan,0.20000,0.21820
Fossil baseline,C,Japan,0.21000,0.21820
Fossil baseline,C,Japan,0.22000,0.21820
Fossil baseline,C,Japan,0.23000,0.21820
Fossil baseline,C,Japan,0.24000,0.21820
Fossil baseline,C,Japan,0.25000,0.21820
Fossil baseline,C,Japan,0.26000,0.21820
Fossil baseline,A,Korea,0.00000,0.19931
Fossil baseline,A,Korea,0.01000,0.18182
Fossil baseline,A,Korea,0.02000,0.16432
Fossil baseline,A,Korea,0.03000,0.14683
Fossil baseline,A,Korea,0.04000,0.12934
Fossil baseline,A,Korea,0.05000,0.11184
Fossil baseline,A,Korea,0.06000,0.09435
Fossil baseline,A,Korea,0.07000,0.07686
Fossil baseline,A,Korea,0.08000,0.05937
Fossil baseline,A,Korea,0.09000,0.04187
Fossil baseline,A,Korea,0.10000,0.02438
Fossil baseline,A,Korea,0.11000,0.00689
Fossil baseline,A,Korea,0.12000,-0.01060
Fossil baseline,A,Korea,0.13000,-0.02810
Fossil baseline,A,Korea,0.14000,-0.04559
Fossil baseline,A,Korea,0.15000,-0.06308
Fossil baseline,A,Korea,0.16000,-0.08057
Fossil baseline,A,Korea,0.17000,-0.09807
Fossil baseline,A,Korea,0.18000,-0.11556
Fossil baseline,A,Korea,0.19000,-0.13305
Fossil baseline,A,Korea,0.20000,-0.15055
Fossil baseline,A,Korea,0.21000,-0.16804
Fossil baseline,A,Korea,0.22000,-0.18553
Fossil baseline,A,Korea,0.23000,-0.20302
Fossil baseline,A,Korea,0.24000,-0.22052
Fossil baseline,A,Korea,0.25000,-0.23801
Fossil baseline,A,Korea,0.26000,-0.25550
Fossil baseline,B,Korea,0.00000,0.19931
Fossil baseline,B,Korea,0.01000,0.17127
Fossil baseline,B,Korea,0.02000,0.14322
Fossil baseline,B,Korea,0.03000,0.11518
Fossil baseline,B,Korea,0.04000,0.08714
Fossil baseline,B,Korea,0.05000,0.05910
Fossil baseline,B,Korea,0.06000,0.03106
Fossil baseline,B,Korea,0.07000,0.00301
Fossil baseline,B,Korea,0.08000,-0.02503
Fossil baseline,B,Korea,0.09000,-0.05307
Fossil baseline,B,Korea,0.10000,-0.08111
Fossil baseline,B,Korea,0.11000,-0.10916
Fossil baseline,B,Korea,0.12000,-0.13720
Fossil baseline,B,Korea,0.13000,-0.16524
Fossil baseline,B,Korea,0.14000,-0.19328
Fossil baseline,B,Korea,0.15000,-0.22132
Fossil baseline,B,Korea,0.16000,-0.24937
Fossil baseline,B,Korea,0.17000,-0.27741
Fossil baseline,B,Korea,0.18000,-0.30545
Fossil baseline,B,Korea,0.19000,-0.33349
Fossil baseline,B,Korea,0.20000,-0.36153
Fossil baseline,B,Korea,0.21000,-0.38958
Fossil baseline,B,Korea,0.22000,-0.41762
Fossil baseline,B,Korea,0.23000,-0.44566
Fossil baseline,B,Korea,0.24000,-0.47370
Fossil baseline,B,Korea,0.25000,-0.50174
Fossil baseline,B,Korea,0.26000,-0.52979
Fossil baseline,C,Korea,0.00000,0.19931
Fossil baseline,C,Korea,0.01000,0.19931
Fossil baseline,C,Korea,0.02000,0.19931
Fossil baseline,C,Korea,0.03000,0.19931
Fossil baseline,C,Korea,0.04000,0.19931
Fossil baseline,C,Korea,0.05000,0.19931
Fossil baseline,C,Korea,0.06000,0.19931
Fossil baseline,C,Korea,0.07000,0.19931
Fossil baseline,C,Korea,0.08000,0.19931
Fossil baseline,C,Korea,0.09000,0.19931
Fossil baseline,C,Korea,0.10000,0.19931
Fossil baseline,C,Korea,0.11000,0.19931
Fossil baseline,C,Korea,0.12000,0.19931
Fossil baseline,C,Korea,0.13000,0.19931
Fossil baseline,C,Korea,0.14000,0.19931
Fossil baseline,C,Korea,0.15000,0.19931
Fossil baseline,C,Korea,0.16000,0.19931
Fossil baseline,C,Korea,0.17000,0.19931
Fossil baseline,C,Korea,0.18000,0.19931
Fossil baseline,C,Korea,0.19000,0.19931
Fossil baseline,C,Korea,0.20000,0.19931
Fossil baseline,C,Korea,0.21000,0.19931
Fossil baseline,C,Korea,0.22000,0.19931
Fossil baseline,C,Korea,0.23000,0.19931
Fossil baseline,C,Korea,0.24000,0.19931
Fossil baseline,C,Korea,0.25000,0.19931
Fossil baseline,C,Korea,0.26000,0.19931
Fossil baseline,A,India,0.00000,0.15209
Fossil baseline,A,India,0.01000,0.13501
Fossil baseline,A,India,0.02000,0.11792
Fossil baseline,A,India,0.03000,0.10083
Fossil baseline,A,India,0.04000,0.08374
Fossil baseline,A,India,0.05000,0.06665
Fossil baseline,A,India,0.06000,0.04956
Fossil baseline,A,India,0.07000,0.03248
Fossil baseline,A,India,0.08000,0.01539
Fossil baseline,A,India,0.09000,-0.00170
Fossil baseline,A,India,0.10000,-0.01879
Fossil baseline,A,India,0.11000,-0.03588
Fossil baseline,A,India,0.12000,-0.05297
Fossil baseline,A,India,0.13000,-0.07005
Fossil baseline,A,India,0.14000,-0.08714
Fossil baseline,A,India,0.15000,-0.10423
Fossil baseline,A,India,0.16000,-0.12132
Fossil baseline,A,India,0.17000,-0.13841
Fossil baseline,A,India,0.18000,-0.15550
Fossil baseline,A,India,0.19000,-0.17258
Fossil baseline,A,India,0.20000,-0.18967
Fossil baseline,A,India,0.21000,-0.20676
Fossil baseline,A,India,0.22000,-0.22385
Fossil baseline,A,India,0.23000,-0.24094
Fossil baseline,A,India,0.24000,-0.25803
Fossil baseline,A,India,0.25000,-0.27511
Fossil baseline,A,India,0.26000,-0.29220
Fossil baseline,B,India,0.00000,0.15209
Fossil baseline,B,India,0.01000,0.12489
Fossil baseline,B,India,0.02000,0.09770
Fossil baseline,B,India,0.03000,0.07050
Fossil baseline,B,India,0.04000,0.04330
Fossil baseline,B,India,0.05000,0.01610
Fossil baseline,B,India,0.06000,-0.01110
Fossil baseline,B,India,0.07000,-0.03830
Fossil baseline,B,India,0.08000,-0.06550
Fossil baseline,B,India,0.09000,-0.09270
Fossil baseline,B,India,0.10000,-0.11990
Fossil baseline,B,India,0.11000,-0.14709
Fossil baseline,B,India,0.12000,-0.17429
Fossil baseline,B,India,0.13000,-0.20149
Fossil baseline,B,India,0.14000,-0.22869
Fossil baseline,B,India,0.15000,-0.25589
Fossil baseline,B,India,0.16000,-0.28309
Fossil baseline,B,India,0.17000,-0.31029
Fossil baseline,B,India,0.18000,-0.33749
Fossil baseline,B,India,0.19000,-0.36469
Fossil baseline,B,India,0.20000,-0.39189
Fossil baseline,B,India,0.21000,-0.41908
Fossil baseline,B,India,0.22000,-0.44628
Fossil baseline,B,India,0.23000,-0.47348
Fossil baseline,B,India,0.24000,-0.50068
Fossil baseline,B,India,0.25000,-0.52788
Fossil baseline,B,India,0.26000,-0.55508
Fossil baseline,C,India,0.00000,0.15209
Fossil baseline,C,India,0.01000,0.15209
Fossil baseline,C,India,0.02000,0.15209
Fossil baseline,C,India,0.03000,0.15209
Fossil baseline,C,India,0.04000,0.15209
Fossil baseline,C,India,0.05000,0.15209
Fossil baseline,C,India,0.06000,0.15209
Fossil baseline,C,India,0.07000,0.15209
Fossil baseline,C,India,0.08000,0.15209
Fossil baseline,C,India,0.09000,0.15209
Fossil baseline,C,India,0.10000,0.15209
Fossil baseline,C,India,0.11000,0.15209
Fossil baseline,C,India,0.12000,0.15209
Fossil baseline,C,India,0.13000,0.15209
Fossil baseline,C,India,0.14000,0.15209
Fossil baseline,C,India,0.15000,0.15209
Fossil baseline,C,India,0.16000,0.15209
Fossil baseline,C,India,0.17000,0.15209
Fossil baseline,C,India,0.18000,0.15209
Fossil baseline,C,India,0.19000,0.15209
Fossil baseline,C,India,0.20000,0.15209
Fossil baseline,C,India,0.21000,0.15209
Fossil baseline,C,India,0.22000,0.15209
Fossil baseline,C,India,0.23000,0.15209
Fossil baseline,C,India,0.24000,0.15209
Fossil baseline,C,India,0.25000,0.15209
Fossil baseline,C,India,0.26000,0.15209
Fossil baseline,A,Indonesia,0.00000,0.21005
Fossil baseline,A,Indonesia,0.01000,0.19240
Fossil baseline,A,Indonesia,0.02000,0.17476
Fossil baseline,A,Indonesia,0.03000,0.15711
Fossil baseline,A,Indonesia,0.04000,0.13947
Fossil baseline,A,Indonesia,0.05000,0.12183
Fossil baseline,A,Indonesia,0.06000,0.10418
Fossil baseline,A,Indonesia,0.07000,0.08654
Fossil baseline,A,Indonesia,0.08000,0.06889
Fossil baseline,A,Indonesia,0.09000,0.05125
Fossil baseline,A,Indonesia,0.10000,0.03360
Fossil baseline,A,Indonesia,0.11000,0.01596
Fossil baseline,A,Indonesia,0.12000,-0.00169
Fossil baseline,A,Indonesia,0.13000,-0.01933
Fossil baseline,A,Indonesia,0.14000,-0.03698
Fossil baseline,A,Indonesia,0.15000,-0.05462
Fossil baseline,A,Indonesia,0.16000,-0.07227
Fossil baseline,A,Indonesia,0.17000,-0.08991
Fossil baseline,A,Indonesia,0.18000,-0.10756
Fossil baseline,A,Indonesia,0.19000,-0.12520
Fossil baseline,A,Indonesia,0.20000,-0.14285
Fossil baseline,A,Indonesia,0.21000,-0.16049
Fossil baseline,A,Indonesia,0.22000,-0.17814
Fossil baseline,A,Indonesia,0.23000,-0.19578
Fossil baseline,A,Indonesia,0.24000,-0.21343
Fossil baseline,A,Indonesia,0.25000,-0.23107
Fossil baseline,A,Indonesia,0.26000,-0.24871
Fossil baseline,B,Indonesia,0.00000,0.21005
Fossil baseline,B,Indonesia,0.01000,0.18202
Fossil baseline,B,Indonesia,0.02000,0.15400
Fossil baseline,B,Indonesia,0.03000,0.12597
Fossil baseline,B,Indonesia,0.04000,0.09795
Fossil baseline,B,Indonesia,0.05000,0.06992
Fossil baseline,B,Indonesia,0.06000,0.04189
Fossil baseline,B,Indonesia,0.07000,0.01387
Fossil baseline,B,Indonesia,0.08000,-0.01416
Fossil baseline,B,Indonesia,0.09000,-0.04218
Fossil baseline,B,Indonesia,0.10000,-0.07021
Fossil baseline,B,Indonesia,0.11000,-0.09824
Fossil baseline,B,Indonesia,0.12000,-0.12626
Fossil baseline,B,Indonesia,0.13000,-0.15429
Fossil baseline,B,Indonesia,0.14000,-0.18231
Fossil baseline,B,Indonesia,0.15000,-0.21034
Fossil baseline,B,Indonesia,0.16000,-0.23836
Fossil baseline,B,Indonesia,0.17000,-0.26639
Fossil baseline,B,Indonesia,0.18000,-0.29442
Fossil baseline,B,Indonesia,0.19000,-0.32244
Fossil baseline,B,Indonesia,0.20000,-0.35047
Fossil baseline,B,Indonesia,0.21000,-0.37849
Fossil baseline,B,Indonesia,0.22000,-0.40652
Fossil baseline,B,Indonesia,0.23000,-0.43455
Fossil baseline,B,Indonesia,0.24000,-0.46257
Fossil baseline,B,Indonesia,0.25000,-0.49060
Fossil baseline,B,Indonesia,0.26000,-0.51862
Fossil baseline,C,Indonesia,0.00000,0.21005
Fossil baseline,C,Indonesia,0.01000,0.21005
Fossil baseline,C,Indonesia,0.02000,0.21005
Fossil baseline,C,Indonesia,0.03000,0.21005
Fossil baseline,C,Indonesia,0.04000,0.21005
Fossil baseline,C,Indonesia,0.05000,0.21005
Fossil baseline,C,Indonesia,0.06000,0.21005
Fossil baseline,C,Indonesia,0.07000,0.21005
Fossil baseline,C,Indonesia,0.08000,0.21005
Fossil baseline,C,Indonesia,0.09000,0.21005
Fossil baseline,C,Indonesia,0.10000,0.21005
Fossil baseline,C,Indonesia,0.11000,0.21005
Fossil baseline,C,Indonesia,0.12000,0.21005
Fossil baseline,C,Indonesia,0.13000,0.21005
Fossil baseline,C,Indonesia,0.14000,0.21005
Fossil baseline,C,Indonesia,0.15000,0.21005
Fossil baseline,C,Indonesia,0.16000,0.21005
Fossil baseline,C,Indonesia,0.17000,0.21005
Fossil baseline,C,Indonesia,0.18000,0.21005
Fossil baseline,C,Indonesia,0.19000,0.21005
Fossil baseline,C,Indonesia,0.20000,0.21005
Fossil baseline,C,Indonesia,0.21000,0.21005
Fossil baseline,C,Indonesia,0.22000,0.21005
Fossil baseline,C,Indonesia,0.23000,0.21005
Fossil baseline,C,Indonesia,0.24000,0.21005
Fossil baseline,C,Indonesia,0.25000,0.21005
Fossil baseline,C,Indonesia,0.26000,0.21005
Fossil baseline,A,Canada,0.00000,0.22628
Fossil baseline,A,Canada,0.01000,0.20859
Fossil baseline,A,Canada,0.02000,0.19090
Fossil baseline,A,Canada,0.03000,0.17321
Fossil baseline,A,Canada,0.04000,0.15551
Fossil baseline,A,Canada,0.05000,0.13782
Fossil baseline,A,Canada,0.06000,0.12013
Fossil baseline,A,Canada,0.07000,0.10244
Fossil baseline,A,Canada,0.08000,0.08475
Fossil baseline,A,Canada,0.09000,0.06706
Fossil baseline,A,Canada,0.10000,0.04937
Fossil baseline,A,Canada,0.11000,0.03168
Fossil baseline,A,Canada,0.12000,0.01399
Fossil baseline,A,Canada,0.13000,-0.00370
Fossil baseline,A,Canada,0.14000,-0.02139
Fossil baseline,A,Canada,0.15000,-0.03908
Fossil baseline,A,Canada,0.16000,-0.05677
Fossil baseline,A,Canada,0.17000,-0.07446
Fossil baseline,A,Canada,0.18000,-0.09215
Fossil baseline,A,Canada,0.19000,-0.10984
Fossil baseline,A,Canada,0.20000,-0.12753
Fossil baseline,A,Canada,0.21000,-0.14522
Fossil baseline,A,Canada,0.22000,-0.16291
Fossil baseline,A,Canada,0.23000,-0.18060
Fossil baseline,A,Canada,0.24000,-0.19829
Fossil baseline,A,Canada,0.25000,-0.21598
Fossil baseline,A,Canada,0.26000,-0.23368
Fossil baseline,B,Canada,0.00000,0.22628
Fossil baseline,B,Canada,0.01000,0.19766
Fossil baseline,B,Canada,0.02000,0.16903
Fossil baseline,B,Canada,0.03000,0.14041
Fossil baseline,B,Canada,0.04000,0.11179
Fossil baseline,B,Canada,0.05000,0.08317
Fossil baseline,B,Canada,0.06000,0.05455
Fossil baseline,B,Canada,0.07000,0.02593
Fossil baseline,B,Canada,0.08000,-0.00269
Fossil baseline,B,Canada,0.09000,-0.03131
Fossil baseline,B,Canada,0.10000,-0.05993
Fossil baseline,B,Canada,0.11000,-0.08855
Fossil baseline,B,Canada,0.12000,-0.11718
Fossil baseline,B,Canada,0.13000,-0.14580
Fossil baseline,B,Canada,0.14000,-0.17442
Fossil baseline,B,Canada,0.15000,-0.20304
Fossil baseline,B,Canada,0.16000,-0.23166
Fossil baseline,B,Canada,0.17000,-0.26028
Fossil baseline,B,Canada,0.18000,-0.28890
Fossil baseline,B,Canada,0.19000,-0.31752
Fossil baseline,B,Canada,0.20000,-0.34614
Fossil baseline,B,Canada,0.21000,-0.37476
Fossil baseline,B,Canada,0.22000,-0.40339
Fossil baseline,B,Canada,0.23000,-0.43201
Fossil baseline,B,Canada,0.24000,-0.46063
Fossil baseline,B,Canada,0.25000,-0.48925
Fossil baseline,B,Canada,0.26000,-0.51787
Fossil baseline,C,Canada,0.00000,0.22628
Fossil baseline,C,Canada,0.01000,0.22628
Fossil baseline,C,Canada,0.02000,0.22628
Fossil baseline,C,Canada,0.03000,0.22628
Fossil baseline,C,Canada,0.04000,0.22628
Fossil baseline,C,Canada,0.05000,0.22628
Fossil baseline,C,Canada,0.06000,0.22628
Fossil baseline,C,Canada,0.07000,0.22628
Fossil baseline,C,Canada,0.08000,0.22628
Fossil baseline,C,Canada,0.09000,0.22628
Fossil baseline,C,Canada,0.10000,0.22628
Fossil baseline,C,Canada,0.11000,0.22628
Fossil baseline,C,Canada,0.12000,0.22628
Fossil baseline,C,Canada,0.13000,0.22628
Fossil baseline,C,Canada,0.14000,0.22628
Fossil baseline,C,Canada,0.15000,0.22628
Fossil baseline,C,Canada,0.16000,0.22628
Fossil baseline,C,Canada,0.17000,0.22628
Fossil baseline,C,Canada,0.18000,0.22628
Fossil baseline,C,Canada,0.19000,0.22628
Fossil baseline,C,Canada,0.20000,0.22628
Fossil baseline,C,Canada,0.21000,0.22628
Fossil baseline,C,Canada,0.22000,0.22628
Fossil baseline,C,Canada,0.23000,0.22628
Fossil baseline,C,Canada,0.24000,0.22628
Fossil baseline,C,Canada,0.25000,0.22628
Fossil baseline,C,Canada,0.26000,0.22628
Fossil baseline,A,Brazil,0.00000,0.23444
Fossil baseline,A,Brazil,0.01000,0.21667
Fossil baseline,A,Brazil,0.02000,0.19890
Fossil baseline,A,Brazil,0.03000,0.18113
Fossil baseline,A,Brazil,0.04000,0.16336
Fossil baseline,A,Brazil,0.05000,0.14559
Fossil baseline,A,Brazil,0.06000,0.12782
Fossil baseline,A,Brazil,0.07000,0.11004
Fossil baseline,A,Brazil,0.08000,0.09227
Fossil baseline,A,Brazil,0.09000,0.07450
Fossil baseline,A,Brazil,0.10000,0.05673
Fossil baseline,A,Brazil,0.11000,0.03896
Fossil baseline,A,Brazil,0.12000,0.02119
Fossil baseline,A,Brazil,0.13000,0.00342
Fossil baseline,A,Brazil,0.14000,-0.01435
Fossil baseline,A,Brazil,0.15000,-0.03212
Fossil baseline,A,Brazil,0.16000,-0.04989
Fossil baseline,A,Brazil,0.17000,-0.06767
Fossil baseline,A,Brazil,0.18000,-0.08544
Fossil baseline,A,Brazil,0.19000,-0.10321
Fossil baseline,A,Brazil,0.20000,-0.12098
Fossil baseline,A,Brazil,0.21000,-0.13875
Fossil baseline,A,Brazil,0.22000,-0.15652
Fossil baseline,A,Brazil,0.23000,-0.17429
Fossil baseline,A,Brazil,0.24000,-0.19206
Fossil baseline,A,Brazil,0.25000,-0.20983
Fossil baseline,A,Brazil,0.26000,-0.22760
Fossil baseline,B,Brazil,0.00000,0.23444
Fossil baseline,B,Brazil,0.01000,0.20574
Fossil baseline,B,Brazil,0.02000,0.17704
Fossil baseline,B,Brazil,0.03000,0.14833
Fossil baseline,B,Brazil,0.04000,0.11963
Fossil baseline,B,Brazil,0.05000,0.09093
Fossil baseline,B,Brazil,0.06000,0.06223
Fossil baseline,B,Brazil,0.07000,0.03352
Fossil baseline,B,Brazil,0.08000,0.00482
Fossil baseline,B,Brazil,0.09000,-0.02388
Fossil baseline,B,Brazil,0.10000,-0.05258
Fossil baseline,B,Brazil,0.11000,-0.08129
Fossil baseline,B,Brazil,0.12000,-0.10999
Fossil baseline,B,Brazil,0.13000,-0.13869
Fossil baseline,B,Brazil,0.14000,-0.16740
Fossil baseline,B,Brazil,0.15000,-0.19610
Fossil baseline,B,Brazil,0.16000,-0.22480
Fossil baseline,B,Brazil,0.17000,-0.25350
Fossil baseline,B,Brazil,0.18000,-0.28221
Fossil baseline,B,Brazil,0.19000,-0.31091
Fossil baseline,B,Brazil,0.20000,-0.33961
Fossil baseline,B,Brazil,0.21000,-0.36831
Fossil baseline,B,Brazil,0.22000,-0.39702
Fossil baseline,B,Brazil,0.23000,-0.42572
Fossil baseline,B,Brazil,0.24000,-0.45442
Fossil baseline,B,Brazil,0.25000,-0.48312
Fossil baseline,B,Brazil,0.26000,-0.51183
Fossil baseline,C,Brazil,0.00000,0.23444
Fossil baseline,C,Brazil,0.01000,0.23444
Fossil baseline,C,Brazil,0.02000,0.23444
Fossil baseline,C,Brazil,0.03000,0.23444
Fossil baseline,C,Brazil,0.04000,0.23444
Fossil baseline,C,Brazil,0.05000,0.23444
Fossil baseline,C,Brazil,0.06000,0.23444
Fossil baseline,C,Brazil,0.07000,0.23444
Fossil baseline,C,Brazil,0.08000,0.23444
Fossil baseline,C,Brazil,0.09000,0.23444
Fossil baseline,C,Brazil,0.10000,0.23444
Fossil baseline,C,Brazil,0.11000,0.23444
Fossil baseline,C,Brazil,0.12000,0.23444
Fossil baseline,C,Brazil,0.13000,0.23444
Fossil baseline,C,Brazil,0.14000,0.23444
Fossil baseline,C,Brazil,0.15000,0.23444
Fossil baseline,C,Brazil,0.16000,0.23444
Fossil baseline,C,Brazil,0.17000,0.23444
Fossil baseline,C,Brazil,0.18000,0.23444
Fossil baseline,C,Brazil,0.19000,0.23444
Fossil baseline,C,Brazil,0.20000,0.23444
Fossil baseline,C,Brazil,0.21000,0.23444
Fossil baseline,C,Brazil,0.22000,0.23444
Fossil baseline,C,Brazil,0.23000,0.23444
Fossil baseline,C,Brazil,0.24000,0.23444
Fossil baseline,C,Brazil,0.25000,0.23444
Fossil baseline,C,Brazil,0.26000,0.23444
Fossil baseline,A,Australia,0.00000,0.25408
Fossil baseline,A,Australia,0.01000,0.23609
Fossil baseline,A,Australia,0.02000,0.21810
Fossil baseline,A,Australia,0.03000,0.20011
Fossil baseline,A,Australia,0.04000,0.18212
Fossil baseline,A,Australia,0.05000,0.16413
Fossil baseline,A,Australia,0.06000,0.14614
Fossil baseline,A,Australia,0.07000,0.12815
Fossil baseline,A,Australia,0.08000,0.11016
Fossil baseline,A,Australia,0.09000,0.09217
Fossil baseline,A,Australia,0.10000,0.07418
Fossil baseline,A,Australia,0.11000,0.05619
Fossil baseline,A,Australia,0.12000,0.03820
Fossil baseline,A,Australia,0.13000,0.02021
Fossil baseline,A,Australia,0.14000,0.00222
Fossil baseline,A,Australia,0.15000,-0.01577
Fossil baseline,A,Australia,0.16000,-0.03376
Fossil baseline,A,Australia,0.17000,-0.05175
Fossil baseline,A,Australia,0.18000,-0.06974
Fossil baseline,A,Australia,0.19000,-0.08773
Fossil baseline,A,Australia,0.20000,-0.10572
Fossil baseline,A,Australia,0.21000,-0.12371
Fossil baseline,A,Australia,0.22000,-0.14170
Fossil baseline,A,Australia,0.23000,-0.15969
Fossil baseline,A,Australia,0.24000,-0.17768
Fossil baseline,A,Australia,0.25000,-0.19567
Fossil baseline,A,Australia,0.26000,-0.21366
Fossil baseline,B,Australia,0.00000,0.25408
Fossil baseline,B,Australia,0.01000,0.22531
Fossil baseline,B,Australia,0.02000,0.19653
Fossil baseline,B,Australia,0.03000,0.16776
Fossil baseline,B,Australia,0.04000,0.13898
Fossil baseline,B,Australia,0.05000,0.11021
Fossil baseline,B,Australia,0.06000,0.08143
Fossil baseline,B,Australia,0.07000,0.05266
Fossil baseline,B,Australia,0.08000,0.02388
Fossil baseline,B,Australia,0.09000,-0.00489
Fossil baseline,B,Australia,0.10000,-0.03367
Fossil baseline,B,Australia,0.11000,-0.06244
Fossil baseline,B,Australia,0.12000,-0.09122
Fossil baseline,B,Australia,0.13000,-0.12000
Fossil baseline,B,Australia,0.14000,-0.14877
Fossil baseline,B,Australia,0.15000,-0.17755
Fossil baseline,B,Australia,0.16000,-0.20632
Fossil baseline,B,Australia,0.17000,-0.23510
Fossil baseline,B,Australia,0.18000,-0.26387
Fossil baseline,B,Australia,0.19000,-0.29265
Fossil baseline,B,Australia,0.20000,-0.32142
Fossil baseline,B,Australia,0.21000,-0.35020
Fossil baseline,B,Australia,0.22000,-0.37897
Fossil baseline,B,Australia,0.23000,-0.40775
Fossil baseline,B,Australia,0.24000,-0.43653
Fossil baseline,B,Australia,0.25000,-0.46530
Fossil baseline,B,Australia,0.26000,-0.49408
Fossil baseline,C,Australia,0.00000,0.25408
Fossil baseline,C,Australia,0.01000,0.25408
Fossil baseline,C,Australia,0.02000,0.25408
Fossil baseline,C,Australia,0.03000,0.25408
Fossil baseline,C,Australia,0.04000,0.25408
Fossil baseline,C,Australia,0.05000,0.25408
Fossil baseline,C,Australia,0.06000,0.25408
Fossil baseline,C,Australia,0.07000,0.25408
Fossil baseline,C,Australia,0.08000,0.25408
Fossil baseline,C,Australia,0.09000,0.25408
Fossil baseline,C,Australia,0.10000,0.25408
Fossil baseline,C,Australia,0.11000,0.25408
Fossil baseline,C,Australia,0.12000,0.25408
Fossil baseline,C,Australia,0.13000,0.25408
Fossil baseline,C,Australia,0.14000,0.25408
Fossil baseline,C,Australia,0.15000,0.25408
Fossil baseline,C,Australia,0.16000,0.25408
Fossil baseline,C,Australia,0.17000,0.25408
Fossil baseline,C,Australia,0.18000,0.25408
Fossil baseline,C,Australia,0.19000,0.25408
Fossil baseline,C,Australia,0.20000,0.25408
Fossil baseline,C,Australia,0.21000,0.25408
Fossil baseline,C,Australia,0.22000,0.25408
Fossil baseline,C,Australia,0.23000,0.25408
Fossil baseline,C,Australia,0.24000,0.25408
Fossil baseline,C,Australia,0.25000,0.25408
Fossil baseline,C,Australia,0.26000,0.25408
Fossil baseline,A,South Africa,0.00000,0.20269
Fossil baseline,A,South Africa,0.01000,0.18509
Fossil baseline,A,South Africa,0.02000,0.16749
Fossil baseline,A,South Africa,0.03000,0.14988
Fossil baseline,A,South Africa,0.04000,0.13228
Fossil baseline,A,South Africa,0.05000,0.11468
Fossil baseline,A,South Africa,0.06000,0.09708
Fossil baseline,A,South Africa,0.07000,0.07947
Fossil baseline,A,South Africa,0.08000,0.06187
Fossil baseline,A,South Africa,0.09000,0.04427
Fossil baseline,A,South Africa,0.10000,0.02667
Fossil baseline,A,South Africa,0.11000,0.00906
Fossil baseline,A,South Africa,0.12000,-0.00854
Fossil baseline,A,South Africa,0.13000,-0.02614
Fossil baseline,A,South Africa,0.14000,-0.04374
Fossil baseline,A,South Africa,0.15000,-0.06135
Fossil baseline,A,South Africa,0.16000,-0.07895
Fossil baseline,A,South Africa,0.17000,-0.09655
Fossil baseline,A,South Africa,0.18000,-0.11415
Fossil baseline,A,South Africa,0.19000,-0.13176
Fossil baseline,A,South Africa,0.20000,-0.14936
Fossil baseline,A,South Africa,0.21000,-0.16696
Fossil baseline,A,South Africa,0.22000,-0.18456
Fossil baseline,A,South Africa,0.23000,-0.20217
Fossil baseline,A,South Africa,0.24000,-0.21977
Fossil baseline,A,South Africa,0.25000,-0.23737
Fossil baseline,A,South Africa,0.26000,-0.25498
Fossil baseline,B,South Africa,0.00000,0.20269
Fossil baseline,B,South Africa,0.01000,0.17486
Fossil baseline,B,South Africa,0.02000,0.14704
Fossil baseline,B,South Africa,0.03000,0.11921
Fossil baseline,B,South Africa,0.04000,0.09138
Fossil baseline,B,South Africa,0.05000,0.06355
Fossil baseline,B,South Africa,0.06000,0.03572
Fossil baseline,B,South Africa,0.07000,0.00789
Fossil baseline,B,South Africa,0.08000,-0.01994
Fossil baseline,B,South Africa,0.09000,-0.04776
Fossil baseline,B,South Africa,0.10000,-0.07559
Fossil baseline,B,South Africa,0.11000,-0.10342
Fossil baseline,B,South Africa,0.12000,-0.13125
Fossil baseline,B,South Africa,0.13000,-0.15908
Fossil baseline,B,South Africa,0.14000,-0.18691
Fossil baseline,B,South Africa,0.15000,-0.21474
Fossil baseline,B,South Africa,0.16000,-0.24257
Fossil baseline,B,South Africa,0.17000,-0.27039
Fossil baseline,B,South Africa,0.18000,-0.29822
Fossil baseline,B,South Africa,0.19000,-0.32605
Fossil baseline,B,South Africa,0.20000,-0.35388
Fossil baseline,B,South Africa,0.21000,-0.38171
Fossil baseline,B,South Africa,0.22000,-0.40954
Fossil baseline,B,South Africa,0.23000,-0.43737
Fossil baseline,B,South Africa,0.24000,-0.46519
Fossil baseline,B,South Africa,0.25000,-0.49302
Fossil baseline,B,South Africa,0.26000,-0.52085
Fossil baseline,C,South Africa,0.00000,0.20269
Fossil baseline,C,South Africa,0.01000,0.20269
Fossil baseline,C,South Africa,0.02000,0.20269
Fossil baseline,C,South Africa,0.03000,0.20269
Fossil baseline,C,South Africa,0.04000,0.20269
Fossil baseline,C,South Africa,0.05000,0.20269
Fossil baseline,C,South Africa,0.06000,0.20269
Fossil baseline,C,South Africa,0.07000,0.20269
Fossil baseline,C,South Africa,0.08000,0.20269
Fossil baseline,C,South Africa,0.09000,0.20269
Fossil baseline,C,South Africa,0.10000,0.20269
Fossil baseline,C,South Africa,0.11000,0.20269
Fossil baseline,C,South Africa,0.12000,0.20269
Fossil baseline,C,South Africa,0.13000,0.20269
Fossil baseline,C,South Africa,0.14000,0.20269
Fossil baseline,C,South Africa,0.15000,0.20269
Fossil baseline,C,South Africa,0.16000,0.20269
Fossil baseline,C,South Africa,0.17000,0.20269
Fossil baseline,C,South Africa,0.18000,0.20269
Fossil baseline,C,South Africa,0.19000,0.20269
Fossil baseline,C,South Africa,0.20000,0.20269
Fossil baseline,C,South Africa,0.21000,0.20269
Fossil baseline,C,South Africa,0.22000,0.20269
Fossil baseline,C,South Africa,0.23000,0.20269
Fossil baseline,C,South Africa,0.24000,0.20269
Fossil baseline,C,South Africa,0.25000,0.20269
Fossil baseline,C,South Africa,0.26000,0.20269
Renewable electrification,A,Global/EU,0.00000,0.86778
Renewable electrification,A,Global/EU,0.01000,0.84786
Renewable electrification,A,Global/EU,0.02000,0.82795
Renewable electrification,A,Global/EU,0.03000,0.80804
Renewable electrification,A,Global/EU,0.04000,0.78813
Renewable electrification,A,Global/EU,0.05000,0.76822
Renewable electrification,A,Global/EU,0.06000,0.74831
Renewable electrification,A,Global/EU,0.07000,0.72840
Renewable electrification,A,Global/EU,0.08000,0.70849
Renewable electrification,A,Global/EU,0.09000,0.68857
Renewable electrification,A,Global/EU,0.10000,0.66866
Renewable electrification,A,Global/EU,0.11000,0.64875
Renewable electrification,A,Global/EU,0.12000,0.62884
Renewable electrification,A,Global/EU,0.13000,0.60893
Renewable electrification,A,Global/EU,0.14000,0.58902
Renewable electrification,A,Global/EU,0.15000,0.56911
Renewable electrification,A,Global/EU,0.16000,0.54920
Renewable electrification,A,Global/EU,0.17000,0.52928
Renewable electrification,A,Global/EU,0.18000,0.50937
Renewable electrification,A,Global/EU,0.19000,0.48946
Renewable electrification,A,Global/EU,0.20000,0.46955
Renewable electrification,A,Global/EU,0.21000,0.44964
Renewable electrification,A,Global/EU,0.22000,0.42973
Renewable electrification,A,Global/EU,0.23000,0.40982
Renewable electrification,A,Global/EU,0.24000,0.38991
Renewable electrification,A,Global/EU,0.25000,0.36999
Renewable electrification,A,Global/EU,0.26000,0.35008
Renewable electrification,B,Global/EU,0.00000,0.86778
Renewable electrification,B,Global/EU,0.01000,0.83280
Renewable electrification,B,Global/EU,0.02000,0.79783
Renewable electrification,B,Global/EU,0.03000,0.76285
Renewable electrification,B,Global/EU,0.04000,0.72788
Renewable electrification,B,Global/EU,0.05000,0.69290
Renewable electrification,B,Global/EU,0.06000,0.65793
Renewable electrification,B,Global/EU,0.07000,0.62296
Renewable electrification,B,Global/EU,0.08000,0.58798
Renewable electrification,B,Global/EU,0.09000,0.55301
Renewable electrification,B,Global/EU,0.10000,0.51803
Renewable electrification,B,Global/EU,0.11000,0.48306
Renewable electrification,B,Global/EU,0.12000,0.44809
Renewable electrification,B,Global/EU,0.13000,0.41311
Renewable electrification,B,Global/EU,0.14000,0.37814
Renewable electrification,B,Global/EU,0.15000,0.34316
Renewable electrification,B,Global/EU,0.16000,0.30819
Renewable electrification,B,Global/EU,0.17000,0.27322
Renewable electrification,B,Global/EU,0.18000,0.23824
Renewable electrification,B,Global/EU,0.19000,0.20327
Renewable electrification,B,Global/EU,0.20000,0.16829
Renewable electrification,B,Global/EU,0.21000,0.13332
Renewable electrification,B,Global/EU,0.22000,0.09834
Renewable electrification,B,Global/EU,0.23000,0.06337
Renewable electrification,B,Global/EU,0.24000,0.02840
Renewable electrification,B,Global/EU,0.25000,-0.00658
Renewable electrification,B,Global/EU,0.26000,-0.04155
Renewable electrification,C,Global/EU,0.00000,0.86778
Renewable electrification,C,Global/EU,0.01000,0.86778
Renewable electrification,C,Global/EU,0.02000,0.86778
Renewable electrification,C,Global/EU,0.03000,0.86778
Renewable electrification,C,Global/EU,0.04000,0.86778
Renewable electrification,C,Global/EU,0.05000,0.86778
Renewable electrification,C,Global/EU,0.06000,0.86778
Renewable electrification,C,Global/EU,0.07000,0.86778
Renewable electrification,C,Global/EU,0.08000,0.86778
Renewable electrification,C,Global/EU,0.09000,0.86778
Renewable electrification,C,Global/EU,0.10000,0.86778
Renewable electrification,C,Global/EU,0.11000,0.86778
Renewable electrification,C,Global/EU,0.12000,0.86778
Renewable electrification,C,Global/EU,0.13000,0.86778
Renewable electrification,C,Global/EU,0.14000,0.86778
Renewable electrification,C,Global/EU,0.15000,0.86778
Renewable electrification,C,Global/EU,0.16000,0.86778
Renewable electrification,C,Global/EU,0.17000,0.86778
Renewable electrification,C,Global/EU,0.18000,0.86778
Renewable electrification,C,Global/EU,0.19000,0.86778
Renewable electrification,C,Global/EU,0.20000,0.86778
Renewable electrification,C,Global/EU,0.21000,0.86778
Renewable electrification,C,Global/EU,0.22000,0.86778
Renewable electrification,C,Global/EU,0.23000,0.86778
Renewable electrification,C,Global/EU,0.24000,0.86778
Renewable electrification,C,Global/EU,0.25000,0.86778
Renewable electrification,C,Global/EU,0.26000,0.86778
Renewable electrification,A,U.S.,0.00000,0.87772
Renewable electrification,A,U.S.,0.01000,0.85764
Renewable electrification,A,U.S.,0.02000,0.83757
Renewable electrification,A,U.S.,0.03000,0.81749
Renewable electrification,A,U.S.,0.04000,0.79741
Renewable electrification,A,U.S.,0.05000,0.77733
Renewable electrification,A,U.S.,0.06000,0.75725
Renewable electrification,A,U.S.,0.07000,0.73718
Renewable electrification,A,U.S.,0.08000,0.71710
Renewable electrification,A,U.S.,0.09000,0.69702
Renewable electrification,A,U.S.,0.10000,0.67694
Renewable electrification,A,U.S.,0.11000,0.65686
Renewable electrification,A,U.S.,0.12000,0.63679
Renewable electrification,A,U.S.,0.13000,0.61671
Renewable electrification,A,U.S.,0.14000,0.59663
Renewable electrification,A,U.S.,0.15000,0.57655
Renewable electrification,A,U.S.,0.16000,0.55648
Renewable electrification,A,U.S.,0.17000,0.53640
Renewable electrification,A,U.S.,0.18000,0.51632
Renewable electrification,A,U.S.,0.19000,0.49624
Renewable electrification,A,U.S.,0.20000,0.47616
Renewable electrification,A,U.S.,0.21000,0.45609
Renewable electrification,A,U.S.,0.22000,0.43601
Renewable electrification,A,U.S.,0.23000,0.41593
Renewable electrification,A,U.S.,0.24000,0.39585
Renewable electrification,A,U.S.,0.25000,0.37577
Renewable electrification,A,U.S.,0.26000,0.35570
Renewable electrification,B,U.S.,0.00000,0.87772
Renewable electrification,B,U.S.,0.01000,0.84277
Renewable electrification,B,U.S.,0.02000,0.80782
Renewable electrification,B,U.S.,0.03000,0.77287
Renewable electrification,B,U.S.,0.04000,0.73792
Renewable electrification,B,U.S.,0.05000,0.70297
Renewable electrification,B,U.S.,0.06000,0.66802
Renewable electrification,B,U.S.,0.07000,0.63307
Renewable electrification,B,U.S.,0.08000,0.59812
Renewable electrification,B,U.S.,0.09000,0.56317
Renewable electrification,B,U.S.,0.10000,0.52822
Renewable electrification,B,U.S.,0.11000,0.49327
Renewable electrification,B,U.S.,0.12000,0.45832
Renewable electrification,B,U.S.,0.13000,0.42337
Renewable electrification,B,U.S.,0.14000,0.38842
Renewable electrification,B,U.S.,0.15000,0.35347
Renewable electrification,B,U.S.,0.16000,0.31852
Renewable electrification,B,U.S.,0.17000,0.28357
Renewable electrification,B,U.S.,0.18000,0.24862
Renewable electrification,B,U.S.,0.19000,0.21367
Renewable electrification,B,U.S.,0.20000,0.17872
Renewable electrification,B,U.S.,0.21000,0.14377
Renewable electrification,B,U.S.,0.22000,0.10882
Renewable electrification,B,U.S.,0.23000,0.07387
Renewable electrification,B,U.S.,0.24000,0.03892
Renewable electrification,B,U.S.,0.25000,0.00397
Renewable electrification,B,U.S.,0.26000,-0.03098
Renewable electrification,C,U.S.,0.00000,0.87772
Renewable electrification,C,U.S.,0.01000,0.87772
Renewable electrification,C,U.S.,0.02000,0.87772
Renewable electrification,C,U.S.,0.03000,0.87772
Renewable electrification,C,U.S.,0.04000,0.87772
Renewable electrification,C,U.S.,0.05000,0.87772
Renewable electrification,C,U.S.,0.06000,0.87772
Renewable electrification,C,U.S.,0.07000,0.87772
Renewable electrification,C,U.S.,0.08000,0.87772
Renewable electrification,C,U.S.,0.09000,0.87772
Renewable electrification,C,U.S.,0.10000,0.87772
Renewable electrification,C,U.S.,0.11000,0.87772
Renewable electrification,C,U.S.,0.12000,0.87772
Renewable electrification,C,U.S.,0.13000,0.87772
Renewable electrification,C,U.S.,0.14000,0.87772
Renewable electrification,C,U.S.,0.15000,0.87772
Renewable electrification,C,U.S.,0.16000,0.87772
Renewable electrification,C,U.S.,0.17000,0.87772
Renewable electrification,C,U.S.,0.18000,0.87772
Renewable electrification,C,U.S.,0.19000,0.87772
Renewable electrification,C,U.S.,0.20000,0.87772
Renewable electrification,C,U.S.,0.21000,0.87772
Renewable electrification,C,U.S.,0.22000,0.87772
Renewable electrification,C,U.S.,0.23000,0.87772
Renewable electrification,C,U.S.,0.24000,0.87772
Renewable electrification,C,U.S.,0.25000,0.87772
Renewable electrification,C,U.S.,0.26000,0.87772
Renewable electrification,A,China,0.00000,0.77648
Renewable electrification,A,China,0.01000,0.75730
Renewable electrification,A,China,0.02000,0.73812
Renewable electrification,A,China,0.03000,0.71893
Renewable electrification,A,China,0.04000,0.69975
Renewable electrification,A,China,0.05000,0.68057
Renewable electrification,A,China,0.06000,0.66139
Renewable electrification,A,China,0.07000,0.64221
Renewable electrification,A,China,0.08000,0.62303
Renewable electrification,A,China,0.09000,0.60384
Renewable electrification,A,China,0.10000,0.58466
Renewable electrification,A,China,0.11000,0.56548
Renewable electrification,A,China,0.12000,0.54630
Renewable electrification,A,China,0.13000,0.52712
Renewable electrification,A,China,0.14000,0.50794
Renewable electrification,A,China,0.15000,0.48876
Renewable electrification,A,China,0.16000,0.46957
Renewable electrification,A,China,0.17000,0.45039
Renewable electrification,A,China,0.18000,0.43121
Renewable electrification,A,China,0.19000,0.41203
Renewable electrification,A,China,0.20000,0.39285
Renewable electrification,A,China,0.21000,0.37367
Renewable electrification,A,China,0.22000,0.35448
Renewable electrification,A,China,0.23000,0.33530
Renewable electrification,A,China,0.24000,0.31612
Renewable electrification,A,China,0.25000,0.29694
Renewable electrification,A,China,0.26000,0.27776
Renewable electrification,B,China,0.00000,0.77648
Renewable electrification,B,China,0.01000,0.74291
Renewable electrification,B,China,0.02000,0.70935
Renewable electrification,B,China,0.03000,0.67578
Renewable electrification,B,China,0.04000,0.64221
Renewable electrification,B,China,0.05000,0.60865
Renewable electrification,B,China,0.06000,0.57508
Renewable electrification,B,China,0.07000,0.54151
Renewable electrification,B,China,0.08000,0.50795
Renewable electrification,B,China,0.09000,0.47438
Renewable electrification,B,China,0.10000,0.44081
Renewable electrification,B,China,0.11000,0.40725
Renewable electrification,B,China,0.12000,0.37368
Renewable electrification,B,China,0.13000,0.34011
Renewable electrification,B,China,0.14000,0.30655
Renewable electrification,B,China,0.15000,0.27298
Renewable electrification,B,China,0.16000,0.23942
Renewable electrification,B,China,0.17000,0.20585
Renewable electrification,B,China,0.18000,0.17228
Renewable electrification,B,China,0.19000,0.13872
Renewable electrification,B,China,0.20000,0.10515
Renewable electrification,B,China,0.21000,0.07158
Renewable electrification,B,China,0.22000,0.03802
Renewable electrification,B,China,0.23000,0.00445
Renewable electrification,B,China,0.24000,-0.02912
Renewable electrification,B,China,0.25000,-0.06268
Renewable electrification,B,China,0.26000,-0.09625
Renewable electrification,C,China,0.00000,0.77648
Renewable electrification,C,China,0.01000,0.77648
Renewable electrification,C,China,0.02000,0.77648
Renewable electrification,C,China,0.03000,0.77648
Renewable electrification,C,China,0.04000,0.77648
Renewable electrification,C,China,0.05000,0.77648
Renewable electrification,C,China,0.06000,0.77648
Renewable electrification,C,China,0.07000,0.77648
Renewable electrification,C,China,0.08000,0.77648
Renewable electrification,C,China,0.09000,0.77648
Renewable electrification,C,China,0.10000,0.77648
Renewable electrification,C,China,0.11000,0.77648
Renewable electrification,C,China,0.12000,0.77648
Renewable electrification,C,China,0.13000,0.77648
Renewable electrification,C,China,0.14000,0.77648
Renewable electrification,C,China,0.15000,0.77648
Renewable electrification,C,China,0.16000,0.77648
Renewable electrification,C,China,0.17000,0.77648
Renewable electrification,C,China,0.18000,0.77648
Renewable electrification,C,China,0.19000,0.77648
Renewable electrification,C,China,0.20000,0.77648
Renewable electrification,C,China,0.21000,0.77648
Renewable electrification,C,China,0.22000,0.77648
Renewable electrification,C,China,0.23000,0.77648
Renewable electrification,C,China,0.24000,0.77648
Renewable electrification,C,China,0.25000,0.77648
Renewable electrification,C,China,0.26000,0.77648
Renewable electrification,A,Japan,0.00000,0.79752
Renewable electrification,A,Japan,0.01000,0.77822
Renewable electrification,A,Japan,0.02000,0.75892
Renewable electrification,A,Japan,0.03000,0.73962
Renewable electrification,A,Japan,0.04000,0.72033
Renewable electrification,A,Japan,0.05000,0.70103
Renewable electrification,A,Japan,0.06000,0.68173
Renewable electrification,A,Japan,0.07000,0.66244
Renewable electrification,A,Japan,0.08000,0.64314
Renewable electrification,A,Japan,0.09000,0.62384
Renewable electrification,A,Japan,0.10000,0.60454
Renewable electrification,A,Japan,0.11000,0.58525
Renewable electrification,A,Japan,0.12000,0.56595
Renewable electrification,A,Japan,0.13000,0.54665
Renewable electrification,A,Japan,0.14000,0.52735
Renewable electrification,A,Japan,0.15000,0.50806
Renewable electrification,A,Japan,0.16000,0.48876
Renewable electrification,A,Japan,0.17000,0.46946
Renewable electrification,A,Japan,0.18000,0.45017
Renewable electrification,A,Japan,0.19000,0.43087
Renewable electrification,A,Japan,0.20000,0.41157
Renewable electrification,A,Japan,0.21000,0.39227
Renewable electrification,A,Japan,0.22000,0.37298
Renewable electrification,A,Japan,0.23000,0.35368
Renewable electrification,A,Japan,0.24000,0.33438
Renewable electrification,A,Japan,0.25000,0.31509
Renewable electrification,A,Japan,0.26000,0.29579
Renewable electrification,B,Japan,0.00000,0.79752
Renewable electrification,B,Japan,0.01000,0.76337
Renewable electrification,B,Japan,0.02000,0.72922
Renewable electrification,B,Japan,0.03000,0.69507
Renewable electrification,B,Japan,0.04000,0.66092
Renewable electrification,B,Japan,0.05000,0.62678
Renewable electrification,B,Japan,0.06000,0.59263
Renewable electrification,B,Japan,0.07000,0.55848
Renewable electrification,B,Japan,0.08000,0.52433
Renewable electrification,B,Japan,0.09000,0.49019
Renewable electrification,B,Japan,0.10000,0.45604
Renewable electrification,B,Japan,0.11000,0.42189
Renewable electrification,B,Japan,0.12000,0.38774
Renewable electrification,B,Japan,0.13000,0.35359
Renewable electrification,B,Japan,0.14000,0.31945
Renewable electrification,B,Japan,0.15000,0.28530
Renewable electrification,B,Japan,0.16000,0.25115
Renewable electrification,B,Japan,0.17000,0.21700
Renewable electrification,B,Japan,0.18000,0.18285
Renewable electrification,B,Japan,0.19000,0.14871
Renewable electrification,B,Japan,0.20000,0.11456
Renewable electrification,B,Japan,0.21000,0.08041
Renewable electrification,B,Japan,0.22000,0.04626
Renewable electrification,B,Japan,0.23000,0.01211
Renewable electrification,B,Japan,0.24000,-0.02203
Renewable electrification,B,Japan,0.25000,-0.05618
Renewable electrification,B,Japan,0.26000,-0.09033
Renewable electrification,C,Japan,0.00000,0.79752
Renewable electrification,C,Japan,0.01000,0.79752
Renewable electrification,C,Japan,0.02000,0.79752
Renewable electrification,C,Japan,0.03000,0.79752
Renewable electrification,C,Japan,0.04000,0.79752
Renewable electrification,C,Japan,0.05000,0.79752
Renewable electrification,C,Japan,0.06000,0.79752
Renewable electrification,C,Japan,0.07000,0.79752
Renewable electrification,C,Japan,0.08000,0.79752
Renewable electrification,C,Japan,0.09000,0.79752
Renewable electrification,C,Japan,0.10000,0.79752
Renewable electrification,C,Japan,0.11000,0.79752
Renewable electrification,C,Japan,0.12000,0.79752
Renewable electrification,C,Japan,0.13000,0.79752
Renewable electrification,C,Japan,0.14000,0.79752
Renewable electrification,C,Japan,0.15000,0.79752
Renewable electrification,C,Japan,0.16000,0.79752
Renewable electrification,C,Japan,0.17000,0.79752
Renewable electrification,C,Japan,0.18000,0.79752
Renewable electrification,C,Japan,0.19000,0.79752
Renewable electrification,C,Japan,0.20000,0.79752
Renewable electrification,C,Japan,0.21000,0.79752
Renewable electrification,C,Japan,0.22000,0.79752
Renewable electrification,C,Japan,0.23000,0.79752
Renewable electrification,C,Japan,0.24000,0.79752
Renewable electrification,C,Japan,0.25000,0.79752
Renewable electrification,C,Japan,0.26000,0.79752
Renewable electrification,A,Korea,0.00000,0.80075
Renewable electrification,A,Korea,0.01000,0.78132
Renewable electrification,A,Korea,0.02000,0.76189
Renewable electrification,A,Korea,0.03000,0.74247
Renewable electrification,A,Korea,0.04000,0.72304
Renewable electrification,A,Korea,0.05000,0.70361
Renewable electrification,A,Korea,0.06000,0.68418
Renewable electrification,A,Korea,0.07000,0.66475
Renewable electrification,A,Korea,0.08000,0.64532
Renewable electrification,A,Korea,0.09000,0.62589
Renewable electrification,A,Korea,0.10000,0.60646
Renewable electrification,A,Korea,0.11000,0.58703
Renewable electrification,A,Korea,0.12000,0.56761
Renewable electrification,A,Korea,0.13000,0.54818
Renewable electrification,A,Korea,0.14000,0.52875
Renewable electrification,A,Korea,0.15000,0.50932
Renewable electrification,A,Korea,0.16000,0.48989
Renewable electrification,A,Korea,0.17000,0.47046
Renewable electrification,A,Korea,0.18000,0.45103
Renewable electrification,A,Korea,0.19000,0.43160
Renewable electrification,A,Korea,0.20000,0.41217
Renewable electrification,A,Korea,0.21000,0.39275
Renewable electrification,A,Korea,0.22000,0.37332
Renewable electrification,A,Korea,0.23000,0.35389
Renewable electrification,A,Korea,0.24000,0.33446
Renewable electrification,A,Korea,0.25000,0.31503
Renewable electrification,A,Korea,0.26000,0.29560
Renewable electrification,B,Korea,0.00000,0.80075
Renewable electrification,B,Korea,0.01000,0.76670
Renewable electrification,B,Korea,0.02000,0.73264
Renewable electrification,B,Korea,0.03000,0.69858
Renewable electrification,B,Korea,0.04000,0.66453
Renewable electrification,B,Korea,0.05000,0.63047
Renewable electrification,B,Korea,0.06000,0.59641
Renewable electrification,B,Korea,0.07000,0.56236
Renewable electrification,B,Korea,0.08000,0.52830
Renewable electrification,B,Korea,0.09000,0.49424
Renewable electrification,B,Korea,0.10000,0.46019
Renewable electrification,B,Korea,0.11000,0.42613
Renewable electrification,B,Korea,0.12000,0.39207
Renewable electrification,B,Korea,0.13000,0.35802
Renewable electrification,B,Korea,0.14000,0.32396
Renewable electrification,B,Korea,0.15000,0.28990
Renewable electrification,B,Korea,0.16000,0.25585
Renewable electrification,B,Korea,0.17000,0.22179
Renewable electrification,B,Korea,0.18000,0.18773
Renewable electrification,B,Korea,0.19000,0.15368
Renewable electrification,B,Korea,0.20000,0.11962
Renewable electrification,B,Korea,0.21000,0.08556
Renewable electrification,B,Korea,0.22000,0.05151
Renewable electrification,B,Korea,0.23000,0.01745
Renewable electrification,B,Korea,0.24000,-0.01660
Renewable electrification,B,Korea,0.25000,-0.05066
Renewable electrification,B,Korea,0.26000,-0.08472
Renewable electrification,C,Korea,0.00000,0.80075
Renewable electrification,C,Korea,0.01000,0.80075
Renewable electrification,C,Korea,0.02000,0.80075
Renewable electrification,C,Korea,0.03000,0.80075
Renewable electrification,C,Korea,0.04000,0.80075
Renewable electrification,C,Korea,0.05000,0.80075
Renewable electrification,C,Korea,0.06000,0.80075
Renewable electrification,C,Korea,0.07000,0.80075
Renewable electrification,C,Korea,0.08000,0.80075
Renewable electrification,C,Korea,0.09000,0.80075
Renewable electrification,C,Korea,0.10000,0.80075
Renewable electrification,C,Korea,0.11000,0.80075
Renewable electrification,C,Korea,0.12000,0.80075
Renewable electrification,C,Korea,0.13000,0.80075
Renewable electrification,C,Korea,0.14000,0.80075
Renewable electrification,C,Korea,0.15000,0.80075
Renewable electrification,C,Korea,0.16000,0.80075
Renewable electrification,C,Korea,0.17000,0.80075
Renewable electrification,C,Korea,0.18000,0.80075
Renewable electrification,C,Korea,0.19000,0.80075
Renewable electrification,C,Korea,0.20000,0.80075
Renewable electrification,C,Korea,0.21000,0.80075
Renewable electrification,C,Korea,0.22000,0.80075
Renewable electrification,C,Korea,0.23000,0.80075
Renewable electrification,C,Korea,0.24000,0.80075
Renewable electrification,C,Korea,0.25000,0.80075
Renewable electrification,C,Korea,0.26000,0.80075
Renewable electrification,A,India,0.00000,0.89086
Renewable electrification,A,India,0.01000,0.87036
Renewable electrification,A,India,0.02000,0.84986
Renewable electrification,A,India,0.03000,0.82936
Renewable electrification,A,India,0.04000,0.80886
Renewable electrification,A,India,0.05000,0.78836
Renewable electrification,A,India,0.06000,0.76786
Renewable electrification,A,India,0.07000,0.74736
Renewable electrification,A,India,0.08000,0.72686
Renewable electrification,A,India,0.09000,0.70636
Renewable electrification,A,India,0.10000,0.68586
Renewable electrification,A,India,0.11000,0.66536
Renewable electrification,A,India,0.12000,0.64486
Renewable electrification,A,India,0.13000,0.62437
Renewable electrification,A,India,0.14000,0.60387
Renewable electrification,A,India,0.15000,0.58337
Renewable electrification,A,India,0.16000,0.56287
Renewable electrification,A,India,0.17000,0.54237
Renewable electrification,A,India,0.18000,0.52187
Renewable electrification,A,India,0.19000,0.50137
Renewable electrification,A,India,0.20000,0.48087
Renewable electrification,A,India,0.21000,0.46037
Renewable electrification,A,India,0.22000,0.43987
Renewable electrification,A,India,0.23000,0.41937
Renewable electrification,A,India,0.24000,0.39887
Renewable electrification,A,India,0.25000,0.37837
Renewable electrification,A,India,0.26000,0.35787
Renewable electrification,B,India,0.00000,0.89086
Renewable electrification,B,India,0.01000,0.85627
Renewable electrification,B,India,0.02000,0.82169
Renewable electrification,B,India,0.03000,0.78710
Renewable electrification,B,India,0.04000,0.75251
Renewable electrification,B,India,0.05000,0.71793
Renewable electrification,B,India,0.06000,0.68334
Renewable electrification,B,India,0.07000,0.64875
Renewable electrification,B,India,0.08000,0.61417
Renewable electrification,B,India,0.09000,0.57958
Renewable electrification,B,India,0.10000,0.54499
Renewable electrification,B,India,0.11000,0.51041
Renewable electrification,B,India,0.12000,0.47582
Renewable electrification,B,India,0.13000,0.44123
Renewable electrification,B,India,0.14000,0.40665
Renewable electrification,B,India,0.15000,0.37206
Renewable electrification,B,India,0.16000,0.33747
Renewable electrification,B,India,0.17000,0.30289
Renewable electrification,B,India,0.18000,0.26830
Renewable electrification,B,India,0.19000,0.23371
Renewable electrification,B,India,0.20000,0.19913
Renewable electrification,B,India,0.21000,0.16454
Renewable electrification,B,India,0.22000,0.12995
Renewable electrification,B,India,0.23000,0.09537
Renewable electrification,B,India,0.24000,0.06078
Renewable electrification,B,India,0.25000,0.02619
Renewable electrification,B,India,0.26000,-0.00839
Renewable electrification,C,India,0.00000,0.89086
Renewable electrification,C,India,0.01000,0.89086
Renewable electrification,C,India,0.02000,0.89086
Renewable electrification,C,India,0.03000,0.89086
Renewable electrification,C,India,0.04000,0.89086
Renewable electrification,C,India,0.05000,0.89086
Renewable electrification,C,India,0.06000,0.89086
Renewable electrification,C,India,0.07000,0.89086
Renewable electrification,C,India,0.08000,0.89086
Renewable electrification,C,India,0.09000,0.89086
Renewable electrification,C,India,0.10000,0.89086
Renewable electrification,C,India,0.11000,0.89086
Renewable electrification,C,India,0.12000,0.89086
Renewable electrification,C,India,0.13000,0.89086
Renewable electrification,C,India,0.14000,0.89086
Renewable electrification,C,India,0.15000,0.89086
Renewable electrification,C,India,0.16000,0.89086
Renewable electrification,C,India,0.17000,0.89086
Renewable electrification,C,India,0.18000,0.89086
Renewable electrification,C,India,0.19000,0.89086
Renewable electrification,C,India,0.20000,0.89086
Renewable electrification,C,India,0.21000,0.89086
Renewable electrification,C,India,0.22000,0.89086
Renewable electrification,C,India,0.23000,0.89086
Renewable electrification,C,India,0.24000,0.89086
Renewable electrification,C,India,0.25000,0.89086
Renewable electrification,C,India,0.26000,0.89086
Renewable electrification,A,Indonesia,0.00000,0.74514
Renewable electrification,A,Indonesia,0.01000,0.72611
Renewable electrification,A,Indonesia,0.02000,0.70707
Renewable electrification,A,Indonesia,0.03000,0.68803
Renewable electrification,A,Indonesia,0.04000,0.66900
Renewable electrification,A,Indonesia,0.05000,0.64996
Renewable electrification,A,Indonesia,0.06000,0.63093
Renewable electrification,A,Indonesia,0.07000,0.61189
Renewable electrification,A,Indonesia,0.08000,0.59285
Renewable electrification,A,Indonesia,0.09000,0.57382
Renewable electrification,A,Indonesia,0.10000,0.55478
Renewable electrification,A,Indonesia,0.11000,0.53574
Renewable electrification,A,Indonesia,0.12000,0.51671
Renewable electrification,A,Indonesia,0.13000,0.49767
Renewable electrification,A,Indonesia,0.14000,0.47864
Renewable electrification,A,Indonesia,0.15000,0.45960
Renewable electrification,A,Indonesia,0.16000,0.44056
Renewable electrification,A,Indonesia,0.17000,0.42153
Renewable electrification,A,Indonesia,0.18000,0.40249
Renewable electrification,A,Indonesia,0.19000,0.38345
Renewable electrification,A,Indonesia,0.20000,0.36442
Renewable electrification,A,Indonesia,0.21000,0.34538
Renewable electrification,A,Indonesia,0.22000,0.32635
Renewable electrification,A,Indonesia,0.23000,0.30731
Renewable electrification,A,Indonesia,0.24000,0.28827
Renewable electrification,A,Indonesia,0.25000,0.26924
Renewable electrification,A,Indonesia,0.26000,0.25020
Renewable electrification,B,Indonesia,0.00000,0.74514
Renewable electrification,B,Indonesia,0.01000,0.71177
Renewable electrification,B,Indonesia,0.02000,0.67839
Renewable electrification,B,Indonesia,0.03000,0.64501
Renewable electrification,B,Indonesia,0.04000,0.61164
Renewable electrification,B,Indonesia,0.05000,0.57826
Renewable electrification,B,Indonesia,0.06000,0.54488
Renewable electrification,B,Indonesia,0.07000,0.51151
Renewable electrification,B,Indonesia,0.08000,0.47813
Renewable electrification,B,Indonesia,0.09000,0.44475
Renewable electrification,B,Indonesia,0.10000,0.41137
Renewable electrification,B,Indonesia,0.11000,0.37800
Renewable electrification,B,Indonesia,0.12000,0.34462
Renewable electrification,B,Indonesia,0.13000,0.31124
Renewable electrification,B,Indonesia,0.14000,0.27787
Renewable electrification,B,Indonesia,0.15000,0.24449
Renewable electrification,B,Indonesia,0.16000,0.21111
Renewable electrification,B,Indonesia,0.17000,0.17774
Renewable electrification,B,Indonesia,0.18000,0.14436
Renewable electrification,B,Indonesia,0.19000,0.11098
Renewable electrification,B,Indonesia,0.20000,0.07761
Renewable electrification,B,Indonesia,0.21000,0.04423
Renewable electrification,B,Indonesia,0.22000,0.01085
Renewable electrification,B,Indonesia,0.23000,-0.02252
Renewable electrification,B,Indonesia,0.24000,-0.05590
Renewable electrification,B,Indonesia,0.25000,-0.08928
Renewable electrification,B,Indonesia,0.26000,-0.12265
Renewable electrification,C,Indonesia,0.00000,0.74514
Renewable electrification,C,Indonesia,0.01000,0.74514
Renewable electrification,C,Indonesia,0.02000,0.74514
Renewable electrification,C,Indonesia,0.03000,0.74514
Renewable electrification,C,Indonesia,0.04000,0.74514
Renewable electrification,C,Indonesia,0.05000,0.74514
Renewable electrification,C,Indonesia,0.06000,0.74514
Renewable electrification,C,Indonesia,0.07000,0.74514
Renewable electrification,C,Indonesia,0.08000,0.74514
Renewable electrification,C,Indonesia,0.09000,0.74514
Renewable electrification,C,Indonesia,0.10000,0.74514
Renewable electrification,C,Indonesia,0.11000,0.74514
Renewable electrification,C,Indonesia,0.12000,0.74514
Renewable electrification,C,Indonesia,0.13000,0.74514
Renewable electrification,C,Indonesia,0.14000,0.74514
Renewable electrification,C,Indonesia,0.15000,0.74514
Renewable electrification,C,Indonesia,0.16000,0.74514
Renewable electrification,C,Indonesia,0.17000,0.74514
Renewable electrification,C,Indonesia,0.18000,0.74514
Renewable electrification,C,Indonesia,0.19000,0.74514
Renewable electrification,C,Indonesia,0.20000,0.74514
Renewable electrification,C,Indonesia,0.21000,0.74514
Renewable electrification,C,Indonesia,0.22000,0.74514
Renewable electrification,C,Indonesia,0.23000,0.74514
Renewable electrification,C,Indonesia,0.24000,0.74514
Renewable electrification,C,Indonesia,0.25000,0.74514
Renewable electrification,C,Indonesia,0.26000,0.74514
Renewable electrification,A,Canada,0.00000,0.85814
Renewable electrification,A,Canada,0.01000,0.83836
Renewable electrification,A,Canada,0.02000,0.81857
Renewable electrification,A,Canada,0.03000,0.79878
Renewable electrification,A,Canada,0.04000,0.77900
Renewable electrification,A,Canada,0.05000,0.75921
Renewable electrification,A,Canada,0.06000,0.73942
Renewable electrification,A,Canada,0.07000,0.71964
Renewable electrification,A,Canada,0.08000,0.69985
Renewable electrification,A,Canada,0.09000,0.68006
Renewable electrification,A,Canada,0.10000,0.66028
Renewable electrification,A,Canada,0.11000,0.64049
Renewable electrification,A,Canada,0.12000,0.62070
Renewable electrification,A,Canada,0.13000,0.60092
Renewable electrification,A,Canada,0.14000,0.58113
Renewable electrification,A,Canada,0.15000,0.56134
Renewable electrification,A,Canada,0.16000,0.54156
Renewable electrification,A,Canada,0.17000,0.52177
Renewable electrification,A,Canada,0.18000,0.50198
Renewable electrification,A,Canada,0.19000,0.48220
Renewable electrification,A,Canada,0.20000,0.46241
Renewable electrification,A,Canada,0.21000,0.44262
Renewable electrification,A,Canada,0.22000,0.42284
Renewable electrification,A,Canada,0.23000,0.40305
Renewable electrification,A,Canada,0.24000,0.38326
Renewable electrification,A,Canada,0.25000,0.36348
Renewable electrification,A,Canada,0.26000,0.34369
Renewable electrification,B,Canada,0.00000,0.85814
Renewable electrification,B,Canada,0.01000,0.82320
Renewable electrification,B,Canada,0.02000,0.78826
Renewable electrification,B,Canada,0.03000,0.75332
Renewable electrification,B,Canada,0.04000,0.71838
Renewable electrification,B,Canada,0.05000,0.68344
Renewable electrification,B,Canada,0.06000,0.64850
Renewable electrification,B,Canada,0.07000,0.61356
Renewable electrification,B,Canada,0.08000,0.57863
Renewable electrification,B,Canada,0.09000,0.54369
Renewable electrification,B,Canada,0.10000,0.50875
Renewable electrification,B,Canada,0.11000,0.47381
Renewable electrification,B,Canada,0.12000,0.43887
Renewable electrification,B,Canada,0.13000,0.40393
Renewable electrification,B,Canada,0.14000,0.36899
Renewable electrification,B,Canada,0.15000,0.33405
Renewable electrification,B,Canada,0.16000,0.29911
Renewable electrification,B,Canada,0.17000,0.26417
Renewable electrification,B,Canada,0.18000,0.22923
Renewable electrification,B,Canada,0.19000,0.19429
Renewable electrification,B,Canada,0.20000,0.15935
Renewable electrification,B,Canada,0.21000,0.12441
Renewable electrification,B,Canada,0.22000,0.08947
Renewable electrification,B,Canada,0.23000,0.05453
Renewable electrification,B,Canada,0.24000,0.01959
Renewable electrification,B,Canada,0.25000,-0.01535
Renewable electrification,B,Canada,0.26000,-0.05029
Renewable electrification,C,Canada,0.00000,0.85814
Renewable electrification,C,Canada,0.01000,0.85814
Renewable electrification,C,Canada,0.02000,0.85814
Renewable electrification,C,Canada,0.03000,0.85814
Renewable electrification,C,Canada,0.04000,0.85814
Renewable electrification,C,Canada,0.05000,0.85814
Renewable electrification,C,Canada,0.06000,0.85814
Renewable electrification,C,Canada,0.07000,0.85814
Renewable electrification,C,Canada,0.08000,0.85814
Renewable electrification,C,Canada,0.09000,0.85814
Renewable electrification,C,Canada,0.10000,0.85814
Renewable electrification,C,Canada,0.11000,0.85814
Renewable electrification,C,Canada,0.12000,0.85814
Renewable electrification,C,Canada,0.13000,0.85814
Renewable electrification,C,Canada,0.14000,0.85814
Renewable electrification,C,Canada,0.15000,0.85814
Renewable electrification,C,Canada,0.16000,0.85814
Renewable electrification,C,Canada,0.17000,0.85814
Renewable electrification,C,Canada,0.18000,0.85814
Renewable electrification,C,Canada,0.19000,0.85814
Renewable electrification,C,Canada,0.20000,0.85814
Renewable electrification,C,Canada,0.21000,0.85814
Renewable electrification,C,Canada,0.22000,0.85814
Renewable electrification,C,Canada,0.23000,0.85814
Renewable electrification,C,Canada,0.24000,0.85814
Renewable electrification,C,Canada,0.25000,0.85814
Renewable electrification,C,Canada,0.26000,0.85814
Renewable electrification,A,Brazil,0.00000,0.87368
Renewable electrification,A,Brazil,0.01000,0.85375
Renewable electrification,A,Brazil,0.02000,0.83381
Renewable electrification,A,Brazil,0.03000,0.81387
Renewable electrification,A,Brazil,0.04000,0.79394
Renewable electrification,A,Brazil,0.05000,0.77400
Renewable electrification,A,Brazil,0.06000,0.75406
Renewable electrification,A,Brazil,0.07000,0.73413
Renewable electrification,A,Brazil,0.08000,0.71419
Renewable electrification,A,Brazil,0.09000,0.69425
Renewable electrification,A,Brazil,0.10000,0.67432
Renewable electrification,A,Brazil,0.11000,0.65438
Renewable electrification,A,Brazil,0.12000,0.63444
Renewable electrification,A,Brazil,0.13000,0.61451
Renewable electrification,A,Brazil,0.14000,0.59457
Renewable electrification,A,Brazil,0.15000,0.57463
Renewable electrification,A,Brazil,0.16000,0.55470
Renewable electrification,A,Brazil,0.17000,0.53476
Renewable electrification,A,Brazil,0.18000,0.51482
Renewable electrification,A,Brazil,0.19000,0.49489
Renewable electrification,A,Brazil,0.20000,0.47495
Renewable electrification,A,Brazil,0.21000,0.45501
Renewable electrification,A,Brazil,0.22000,0.43508
Renewable electrification,A,Brazil,0.23000,0.41514
Renewable electrification,A,Brazil,0.24000,0.39520
Renewable electrification,A,Brazil,0.25000,0.37527
Renewable electrification,A,Brazil,0.26000,0.35533
Renewable electrification,B,Brazil,0.00000,0.87368
Renewable electrification,B,Brazil,0.01000,0.83859
Renewable electrification,B,Brazil,0.02000,0.80349
Renewable electrification,B,Brazil,0.03000,0.76840
Renewable electrification,B,Brazil,0.04000,0.73330
Renewable electrification,B,Brazil,0.05000,0.69821
Renewable electrification,B,Brazil,0.06000,0.66311
Renewable electrification,B,Brazil,0.07000,0.62802
Renewable electrification,B,Brazil,0.08000,0.59292
Renewable electrification,B,Brazil,0.09000,0.55783
Renewable electrification,B,Brazil,0.10000,0.52273
Renewable electrification,B,Brazil,0.11000,0.48764
Renewable electrification,B,Brazil,0.12000,0.45254
Renewable electrification,B,Brazil,0.13000,0.41745
Renewable electrification,B,Brazil,0.14000,0.38235
Renewable electrification,B,Brazil,0.15000,0.34726
Renewable electrification,B,Brazil,0.16000,0.31216
Renewable electrification,B,Brazil,0.17000,0.27707
Renewable electrification,B,Brazil,0.18000,0.24197
Renewable electrification,B,Brazil,0.19000,0.20688
Renewable electrification,B,Brazil,0.20000,0.17178
Renewable electrification,B,Brazil,0.21000,0.13669
Renewable electrification,B,Brazil,0.22000,0.10159
Renewable electrification,B,Brazil,0.23000,0.06650
Renewable electrification,B,Brazil,0.24000,0.03140
Renewable electrification,B,Brazil,0.25000,-0.00369
Renewable electrification,B,Brazil,0.26000,-0.03879
Renewable electrification,C,Brazil,0.00000,0.87368
Renewable electrification,C,Brazil,0.01000,0.87368
Renewable electrification,C,Brazil,0.02000,0.87368
Renewable electrification,C,Brazil,0.03000,0.87368
Renewable electrification,C,Brazil,0.04000,0.87368
Renewable electrification,C,Brazil,0.05000,0.87368
Renewable electrification,C,Brazil,0.06000,0.87368
Renewable electrification,C,Brazil,0.07000,0.87368
Renewable electrification,C,Brazil,0.08000,0.87368
Renewable electrification,C,Brazil,0.09000,0.87368
Renewable electrification,C,Brazil,0.10000,0.87368
Renewable electrification,C,Brazil,0.11000,0.87368
Renewable electrification,C,Brazil,0.12000,0.87368
Renewable electrification,C,Brazil,0.13000,0.87368
Renewable electrification,C,Brazil,0.14000,0.87368
Renewable electrification,C,Brazil,0.15000,0.87368
Renewable electrification,C,Brazil,0.16000,0.87368
Renewable electrification,C,Brazil,0.17000,0.87368
Renewable electrification,C,Brazil,0.18000,0.87368
Renewable electrification,C,Brazil,0.19000,0.87368
Renewable electrification,C,Brazil,0.20000,0.87368
Renewable electrification,C,Brazil,0.21000,0.87368
Renewable electrification,C,Brazil,0.22000,0.87368
Renewable electrification,C,Brazil,0.23000,0.87368
Renewable electrification,C,Brazil,0.24000,0.87368
Renewable electrification,C,Brazil,0.25000,0.87368
Renewable electrification,C,Brazil,0.26000,0.87368
Renewable electrification,A,Australia,0.00000,0.83663
Renewable electrification,A,Australia,0.01000,0.81700
Renewable electrification,A,Australia,0.02000,0.79738
Renewable electrification,A,Australia,0.03000,0.77776
Renewable electrification,A,Australia,0.04000,0.75814
Renewable electrification,A,Australia,0.05000,0.73851
Renewable electrification,A,Australia,0.06000,0.71889
Renewable electrification,A,Australia,0.07000,0.69927
Renewable electrification,A,Australia,0.08000,0.67965
Renewable electrification,A,Australia,0.09000,0.66002
Renewable electrification,A,Australia,0.10000,0.64040
Renewable electrification,A,Australia,0.11000,0.62078
Renewable electrification,A,Australia,0.12000,0.60116
Renewable electrification,A,Australia,0.13000,0.58153
Renewable electrification,A,Australia,0.14000,0.56191
Renewable electrification,A,Australia,0.15000,0.54229
Renewable electrification,A,Australia,0.16000,0.52266
Renewable electrification,A,Australia,0.17000,0.50304
Renewable electrification,A,Australia,0.18000,0.48342
Renewable electrification,A,Australia,0.19000,0.46380
Renewable electrification,A,Australia,0.20000,0.44417
Renewable electrification,A,Australia,0.21000,0.42455
Renewable electrification,A,Australia,0.22000,0.40493
Renewable electrification,A,Australia,0.23000,0.38531
Renewable electrification,A,Australia,0.24000,0.36568
Renewable electrification,A,Australia,0.25000,0.34606
Renewable electrification,A,Australia,0.26000,0.32644
Renewable electrification,B,Australia,0.00000,0.83663
Renewable electrification,B,Australia,0.01000,0.80203
Renewable electrification,B,Australia,0.02000,0.76743
Renewable electrification,B,Australia,0.03000,0.73282
Renewable electrification,B,Australia,0.04000,0.69822
Renewable electrification,B,Australia,0.05000,0.66362
Renewable electrification,B,Australia,0.06000,0.62902
Renewable electrification,B,Australia,0.07000,0.59442
Renewable electrification,B,Australia,0.08000,0.55982
Renewable electrification,B,Australia,0.09000,0.52522
Renewable electrification,B,Australia,0.10000,0.49062
Renewable electrification,B,Australia,0.11000,0.45602
Renewable electrification,B,Australia,0.12000,0.42142
Renewable electrification,B,Australia,0.13000,0.38682
Renewable electrification,B,Australia,0.14000,0.35222
Renewable electrification,B,Australia,0.15000,0.31761
Renewable electrification,B,Australia,0.16000,0.28301
Renewable electrification,B,Australia,0.17000,0.24841
Renewable electrification,B,Australia,0.18000,0.21381
Renewable electrification,B,Australia,0.19000,0.17921
Renewable electrification,B,Australia,0.20000,0.14461
Renewable electrification,B,Australia,0.21000,0.11001
Renewable electrification,B,Australia,0.22000,0.07541
Renewable electrification,B,Australia,0.23000,0.04081
Renewable electrification,B,Australia,0.24000,0.00621
Renewable electrification,B,Australia,0.25000,-0.02839
Renewable electrification,B,Australia,0.26000,-0.06299
Renewable electrification,C,Australia,0.00000,0.83663
Renewable electrification,C,Australia,0.01000,0.83663
Renewable electrification,C,Australia,0.02000,0.83663
Renewable electrification,C,Australia,0.03000,0.83663
Renewable electrification,C,Australia,0.04000,0.83663
Renewable electrification,C,Australia,0.05000,0.83663
Renewable electrification,C,Australia,0.06000,0.83663
Renewable electrification,C,Australia,0.07000,0.83663
Renewable electrification,C,Australia,0.08000,0.83663
Renewable electrification,C,Australia,0.09000,0.83663
Renewable electrification,C,Australia,0.10000,0.83663
Renewable electrification,C,Australia,0.11000,0.83663
Renewable electrification,C,Australia,0.12000,0.83663
Renewable electrification,C,Australia,0.13000,0.83663
Renewable electrification,C,Australia,0.14000,0.83663
Renewable electrification,C,Australia,0.15000,0.83663
Renewable electrification,C,Australia,0.16000,0.83663
Renewable electrification,C,Australia,0.17000,0.83663
Renewable electrification,C,Australia,0.18000,0.83663
Renewable electrification,C,Australia,0.19000,0.83663
Renewable electrification,C,Australia,0.20000,0.83663
Renewable electrification,C,Australia,0.21000,0.83663
Renewable electrification,C,Australia,0.22000,0.83663
Renewable electrification,C,Australia,0.23000,0.83663
Renewable electrification,C,Australia,0.24000,0.83663
Renewable electrification,C,Australia,0.25000,0.83663
Renewable electrification,C,Australia,0.26000,0.83663
Renewable electrification,A,South Africa,0.00000,0.76729
Renewable electrification,A,South Africa,0.01000,0.74794
Renewable electrification,A,South Africa,0.02000,0.72858
Renewable electrification,A,South Africa,0.03000,0.70922
Renewable electrification,A,South Africa,0.04000,0.68987
Renewable electrification,A,South Africa,0.05000,0.67051
Renewable electrification,A,South Africa,0.06000,0.65115
Renewable electrification,A,South Africa,0.07000,0.63179
Renewable electrification,A,South Africa,0.08000,0.61244
Renewable electrification,A,South Africa,0.09000,0.59308
Renewable electrification,A,South Africa,0.10000,0.57372
Renewable electrification,A,South Africa,0.11000,0.55437
Renewable electrification,A,South Africa,0.12000,0.53501
Renewable electrification,A,South Africa,0.13000,0.51565
Renewable electrification,A,South Africa,0.14000,0.49629
Renewable electrification,A,South Africa,0.15000,0.47694
Renewable electrification,A,South Africa,0.16000,0.45758
Renewable electrification,A,South Africa,0.17000,0.43822
Renewable electrification,A,South Africa,0.18000,0.41887
Renewable electrification,A,South Africa,0.19000,0.39951
Renewable electrification,A,South Africa,0.20000,0.38015
Renewable electrification,A,South Africa,0.21000,0.36080
Renewable electrification,A,South Africa,0.22000,0.34144
Renewable electrification,A,South Africa,0.23000,0.32208
Renewable electrification,A,South Africa,0.24000,0.30272
Renewable electrification,A,South Africa,0.25000,0.28337
Renewable electrification,A,South Africa,0.26000,0.26401
Renewable electrification,B,South Africa,0.00000,0.76729
Renewable electrification,B,South Africa,0.01000,0.73382
Renewable electrification,B,South Africa,0.02000,0.70034
Renewable electrification,B,South Africa,0.03000,0.66687
Renewable electrification,B,South Africa,0.04000,0.63339
Renewable electrification,B,South Africa,0.05000,0.59992
Renewable electrification,B,South Africa,0.06000,0.56645
Renewable electrification,B,South Africa,0.07000,0.53297
Renewable electrification,B,South Africa,0.08000,0.49950
Renewable electrification,B,South Africa,0.09000,0.46602
Renewable electrification,B,South Africa,0.10000,0.43255
Renewable electrification,B,South Africa,0.11000,0.39907
Renewable electrification,B,South Africa,0.12000,0.36560
Renewable electrification,B,South Africa,0.13000,0.33212
Renewable electrification,B,South Africa,0.14000,0.29865
Renewable electrification,B,South Africa,0.15000,0.26517
Renewable electrification,B,South Africa,0.16000,0.23170
Renewable electrification,B,South Africa,0.17000,0.19822
Renewable electrification,B,South Africa,0.18000,0.16475
Renewable electrification,B,South Africa,0.19000,0.13128
Renewable electrification,B,South Africa,0.20000,0.09780
Renewable electrification,B,South Africa,0.21000,0.06433
Renewable electrification,B,South Africa,0.22000,0.03085
Renewable electrification,B,South Africa,0.23000,-0.00262
Renewable electrification,B,South Africa,0.24000,-0.03610
Renewable electrification,B,South Africa,0.25000,-0.06957
Renewable electrification,B,South Africa,0.26000,-0.10305
Renewable electrification,C,South Africa,0.00000,0.76729
Renewable electrification,C,South Africa,0.01000,0.76729
Renewable electrification,C,South Africa,0.02000,0.76729
Renewable electrification,C,South Africa,0.03000,0.76729
Renewable electrification,C,South Africa,0.04000,0.76729
Renewable electrification,C,South Africa,0.05000,0.76729
Renewable electrification,C,South Africa,0.06000,0.76729
Renewable electrification,C,South Africa,0.07000,0.76729
Renewable electrification,C,South Africa,0.08000,0.76729
Renewable electrification,C,South Africa,0.09000,0.76729
Renewable electrification,C,South Africa,0.10000,0.76729
Renewable electrification,C,South Africa,0.11000,0.76729
Renewable electrification,C,South Africa,0.12000,0.76729
Renewable electrification,C,South Africa,0.13000,0.76729
Renewable electrification,C,South Africa,0.14000,0.76729
Renewable electrification,C,South Africa,0.15000,0.76729
Renewable electrification,C,South Africa,0.16000,0.76729
Renewable electrification,C,South Africa,0.17000,0.76729
Renewable electrification,C,South Africa,0.18000,0.76729
Renewable electrification,C,South Africa,0.19000,0.76729
Renewable electrification,C,South Africa,0.20000,0.76729
Renewable electrification,C,South Africa,0.21000,0.76729
Renewable electrification,C,South Africa,0.22000,0.76729
Renewable electrification,C,South Africa,0.23000,0.76729
Renewable electrification,C,South Africa,0.24000,0.76729
Renewable electrification,C,South Africa,0.25000,0.76729
Renewable electrification,C,South Africa,0.26000,0.76729
