Region,w_PVC,margin,grid_CI,w_PVC_actual
Global/EU,0.00000,0.24829,30,0.13700
Global/EU,0.00500,0.23933,30,0.13700
Global/EU,0.01000,0.23037,30,0.13700
Global/EU,0.01500,0.22141,30,0.13700
Global/EU,0.02000,0.21245,30,0.13700
Global/EU,0.02500,0.20349,30,0.13700
Global/EU,0.03000,0.19453,30,0.13700
Global/EU,0.03500,0.18557,30,0.13700
Global/EU,0.04000,0.17661,30,0.13700
Global/EU,0.04500,0.16764,30,0.13700
Global/EU,0.05000,0.15868,30,0.13700
Global/EU,0.05500,0.14972,30,0.13700
Global/EU,0.06000,0.14076,30,0.13700
Global/EU,0.06500,0.13180,30,0.13700
Global/EU,0.07000,0.12284,30,0.13700
Global/EU,0.07500,0.11388,30,0.13700
Global/EU,0.08000,0.10492,30,0.13700
Global/EU,0.08500,0.09596,30,0.13700
Global/EU,0.09000,0.08700,30,0.13700
Global/EU,0.09500,0.07803,30,0.13700
Global/EU,0.10000,0.06907,30,0.13700
Global/EU,0.10500,0.06011,30,0.13700
Global/EU,0.11000,0.05115,30,0.13700
Global/EU,0.11500,0.04219,30,0.13700
Global/EU,0.12000,0.03323,30,0.13700
Global/EU,0.12500,0.02427,30,0.13700
Global/EU,0.13000,0.01531,30,0.13700
Global/EU,0.13500,0.00635,30,0.13700
Global/EU,0.14000,-0.00261,30,0.13700
Global/EU,0.14500,-0.01157,30,0.13700
Global/EU,0.15000,-0.02054,30,0.13700
Global/EU,0.15500,-0.02950,30,0.13700
Global/EU,0.16000,-0.03846,30,0.13700
Global/EU,0.16500,-0.04742,30,0.13700
Global/EU,0.17000,-0.05638,30,0.13700
Global/EU,0.17500,-0.06534,30,0.13700
Global/EU,0.18000,-0.07430,30,0.13700
Global/EU,0.18500,-0.08326,30,0.13700
Global/EU,0.19000,-0.09222,30,0.13700
Global/EU,0.19500,-0.10118,30,0.13700
Global/EU,0.20000,-0.11015,30,0.13700
Global/EU,0.20500,-0.11911,30,0.13700
Global/EU,0.21000,-0.12807,30,0.13700
Global/EU,0.21500,-0.13703,30,0.13700
Global/EU,0.22000,-0.14599,30,0.13700
Global/EU,0.22500,-0.15495,30,0.13700
Global/EU,0.23000,-0.16391,30,0.13700
Global/EU,0.23500,-0.17287,30,0.13700
Global/EU,0.24000,-0.18183,30,0.13700
Global/EU,0.24500,-0.19079,30,0.13700
Global/EU,0.25000,-0.19975,30,0.13700
Global/EU,0.25500,-0.20872,30,0.13700
Global/EU,0.26000,-0.21768,30,0.13700
U.S.,0.00000,0.21258,50,0.01700
U.S.,0.00500,0.20378,50,0.01700
U.S.,0.01000,0.19499,50,0.01700
U.S.,0.01500,0.18619,50,0.01700
U.S.,0.02000,0.17740,50,0.01700
U.S.,0.02500,0.16860,50,0.01700
U.S.,0.03000,0.15981,50,0.01700
U.S.,0.03500,0.15101,50,0.01700
U.S.,0.04000,0.14222,50,0.01700
U.S.,0.04500,0.13342,50,0.01700
U.S.,0.05000,0.12463,50,0.01700
U.S.,0.05500,0.11584,50,0.01700
U.S.,0.06000,0.10704,50,0.01700
U.S.,0.06500,0.09825,50,0.01700
U.S.,0.07000,0.08945,50,0.01700
U.S.,0.07500,0.08066,50,0.01700
U.S.,0.08000,0.07186,50,0.01700
U.S.,0.08500,0.06307,50,0.01700
U.S.,0.09000,0.05427,50,0.01700
U.S.,0.09500,0.04548,50,0.01700
U.S.,0.10000,0.03668,50,0.01700
U.S.,0.10500,0.02789,50,0.01700
U.S.,0.11000,0.01909,50,0.01700
U.S.,0.11500,0.01030,50,0.01700
U.S.,0.12000,0.00150,50,0.01700
U.S.,0.12500,-0.00729,50,0.01700
U.S.,0.13000,-0.01609,50,0.01700
U.S.,0.13500,-0.02488,50,0.01700
U.S.,0.14000,-0.03368,50,0.01700
U.S.,0.14500,-0.04247,50,0.01700
U.S.,0.15000,-0.05127,50,0.01700
U.S.,0.15500,-0.06006,50,0.01700
U.S.,0.16000,-0.06885,50,0.01700
U.S.,0.16500,-0.07765,50,0.01700
U.S.,0.17000,-0.08644,50,0.01700
U.S.,0.17500,-0.09524,50,0.01700
U.S.,0.18000,-0.10403,50,0.01700
U.S.,0.18500,-0.11283,50,0.01700
U.S.,0.19000,-0.12162,50,0.01700
U.S.,0.19500,-0.13042,50,0.01700
U.S.,0.20000,-0.13921,50,0.01700
U.S.,0.20500,-0.14801,50,0.01700
U.S.,0.21000,-0.15680,50,0.01700
U.S.,0.21500,-0.16560,50,0.01700
U.S.,0.22000,-0.17439,50,0.01700
U.S.,0.22500,-0.18319,50,0.01700
U.S.,0.23000,-0.19198,50,0.01700
U.S.,0.23500,-0.20078,50,0.01700
U.S.,0.24000,-0.20957,50,0.01700
U.S.,0.24500,-0.21837,50,0.01700
U.S.,0.25000,-0.22716,50,0.01700
U.S.,0.25500,-0.23596,50,0.01700
U.S.,0.26000,-0.24475,50,0.01700
China,0.00000,0.20731,110,0.20400
China,0.00500,0.19851,110,0.20400
China,0.01000,0.18971,110,0.20400
China,0.01500,0.18092,110,0.20400
China,0.02000,0.17212,110,0.20400
China,0.02500,0.16332,110,0.20400
China,0.03000,0.15453,110,0.20400
China,0.03500,0.14573,110,0.20400
China,0.04000,0.13693,110,0.20400
China,0.04500,0.12814,110,0.20400
China,0.05000,0.11934,110,0.20400
China,0.05500,0.11054,110,0.20400
China,0.06000,0.10175,110,0.20400
China,0.06500,0.09295,110,0.20400
China,0.07000,0.08415,110,0.20400
China,0.07500,0.07535,110,0.20400
China,0.08000,0.06656,110,0.20400
China,0.08500,0.05776,110,0.20400
China,0.09000,0.04896,110,0.20400
China,0.09500,0.04017,110,0.20400
China,0.10000,0.03137,110,0.20400
China,0.10500,0.02257,110,0.20400
China,0.11000,0.01378,110,0.20400
China,0.11500,0.00498,110,0.20400
China,0.12000,-0.00382,110,0.20400
China,0.12500,-0.01261,110,0.20400
China,0.13000,-0.02141,110,0.20400
China,0.13500,-0.03021,110,0.20400
China,0.14000,-0.03900,110,0.20400
China,0.14500,-0.04780,110,0.20400
China,0.15000,-0.05660,110,0.20400
China,0.15500,-0.06539,110,0.20400
China,0.16000,-0.07419,110,0.20400
China,0.16500,-0.08299,110,0.20400
China,0.17000,-0.09178,110,0.20400
China,0.17500,-0.10058,110,0.20400
China,0.18000,-0.10938,110,0.20400
China,0.18500,-0.11817,110,0.20400
China,0.19000,-0.12697,110,0.20400
China,0.19500,-0.13577,110,0.20400
China,0.20000,-0.14456,110,0.20400
China,0.20500,-0.15336,110,0.20400
China,0.21000,-0.16216,110,0.20400
China,0.21500,-0.17095,110,0.20400
China,0.22000,-0.17975,110,0.20400
China,0.22500,-0.18855,110,0.20400
China,0.23000,-0.19734,110,0.20400
China,0.23500,-0.20614,110,0.20400
China,0.24000,-0.21494,110,0.20400
China,0.24500,-0.22374,110,0.20400
China,0.25000,-0.23253,110,0.20400
China,0.25500,-0.24133,110,0.20400
China,0.26000,-0.25013,110,0.20400
Japan,0.00000,0.21820,50,0.06000
Japan,0.00500,0.20938,50,0.06000
Japan,0.01000,0.20055,50,0.06000
Japan,0.01500,0.19173,50,0.06000
Japan,0.02000,0.18290,50,0.06000
Japan,0.02500,0.17408,50,0.06000
Japan,0.03000,0.16525,50,0.06000
Japan,0.03500,0.15643,50,0.06000
Japan,0.04000,0.14760,50,0.06000
Japan,0.04500,0.13878,50,0.06000
Japan,0.05000,0.12995,50,0.06000
Japan,0.05500,0.12113,50,0.06000
Japan,0.06000,0.11230,50,0.06000
Japan,0.06500,0.10348,50,0.06000
Japan,0.07000,0.09465,50,0.06000
Japan,0.07500,0.08583,50,0.06000
Japan,0.08000,0.07700,50,0.06000
Japan,0.08500,0.06818,50,0.06000
Japan,0.09000,0.05935,50,0.06000
Japan,0.09500,0.05053,50,0.06000
Japan,0.10000,0.04170,50,0.06000
Japan,0.10500,0.03288,50,0.06000
Japan,0.11000,0.02405,50,0.06000
Japan,0.11500,0.01523,50,0.06000
Japan,0.12000,0.00640,50,0.06000
Japan,0.12500,-0.00242,50,0.06000
Japan,0.13000,-0.01125,50,0.06000
Japan,0.13500,-0.02007,50,0.06000
Japan,0.14000,-0.02890,50,0.06000
Japan,0.14500,-0.03772,50,0.06000
Japan,0.15000,-0.04655,50,0.06000
Japan,0.15500,-0.05537,50,0.06000
Japan,0.16000,-0.06420,50,0.06000
Japan,0.16500,-0.07302,50,0.06000
Japan,0.17000,-0.08185,50,0.06000
Japan,0.17500,-0.09067,50,0.06000
Japan,0.18000,-0.09950,50,0.06000
Japan,0.18500,-0.10833,50,0.06000
Japan,0.19000,-0.11715,50,0.06000
Japan,0.19500,-0.12598,50,0.06000
Japan,0.20000,-0.13480,50,0.06000
Japan,0.20500,-0.14363,50,0.06000
Japan,0.21000,-0.15245,50,0.06000
Japan,0.21500,-0.16128,50,0.06000
Japan,0.22000,-0.17010,50,0.06000
Japan,0.22500,-0.17893,50,0.06000
Japan,0.23000,-0.18775,50,0.06000
Japan,0.23500,-0.19658,50,0.06000
Japan,0.24000,-0.20540,50,0.06000
Japan,0.24500,-0.21423,50,0.06000
Japan,0.25000,-0.22305,50,0.06000
Japan,0.25500,-0.23188,50,0.06000
Japan,0.26000,-0.24070,50,0.06000
Korea,0.00000,0.19931,70,0.09000
Korea,0.00500,0.19056,70,0.09000
Korea,0.01000,0.18182,70,0.09000
Korea,0.01500,0.17307,70,0.09000
Korea,0.02000,0.16432,70,0.09000
Korea,0.02500,0.15558,70,0.09000
Korea,0.03000,0.14683,70,0.09000
Korea,0.03500,0.13808,70,0.09000
Korea,0.04000,0.12934,70,0.09000
Korea,0.04500,0.12059,70,0.09000
Korea,0.05000,0.11184,70,0.09000
Korea,0.05500,0.10310,70,0.09000
Korea,0.06000,0.09435,70,0.09000
Korea,0.06500,0.08561,70,0.09000
Korea,0.07000,0.07686,70,0.09000
Korea,0.07500,0.06811,70,0.09000
Korea,0.08000,0.05937,70,0.09000
Korea,0.08500,0.05062,70,0.09000
Korea,0.09000,0.04187,70,0.09000
Korea,0.09500,0.03313,70,0.09000
Korea,0.10000,0.02438,70,0.09000
Korea,0.10500,0.01563,70,0.09000
Korea,0.11000,0.00689,70,0.09000
Korea,0.11500,-0.00186,70,0.09000
Korea,0.12000,-0.01060,70,0.09000
Korea,0.12500,-0.01935,70,0.09000
Korea,0.13000,-0.02810,70,0.09000
Korea,0.13500,-0.03684,70,0.09000
Korea,0.14000,-0.04559,70,0.09000
Korea,0.14500,-0.05434,70,0.09000
Korea,0.15000,-0.06308,70,0.09000
Korea,0.15500,-0.07183,70,0.09000
Korea,0.16000,-0.08057,70,0.09000
Korea,0.16500,-0.08932,70,0.09000
Korea,0.17000,-0.09807,70,0.09000
Korea,0.17500,-0.10681,70,0.09000
Korea,0.18000,-0.11556,70,0.09000
Korea,0.18500,-0.12431,70,0.09000
Korea,0.19000,-0.13305,70,0.09000
Korea,0.19500,-0.14180,70,0.09000
Korea,0.20000,-0.15055,70,0.09000
Korea,0.20500,-0.15929,70,0.09000
Korea,0.21000,-0.16804,70,0.09000
Korea,0.21500,-0.17678,70,0.09000
Korea,0.22000,-0.18553,70,0.09000
Korea,0.22500,-0.19428,70,0.09000
Korea,0.23000,-0.20302,70,0.09000
Korea,0.23500,-0.21177,70,0.09000
Korea,0.24000,-0.22052,70,0.09000
Korea,0.24500,-0.22926,70,0.09000
Korea,0.25000,-0.23801,70,0.09000
Korea,0.25500,-0.24676,70,0.09000
Korea,0.26000,-0.25550,70,0.09000
India,0.00000,0.15209,130,0.04400
India,0.00500,0.14355,130,0.04400
India,0.01000,0.13501,130,0.04400
India,0.01500,0.12646,130,0.04400
India,0.02000,0.11792,130,0.04400
India,0.02500,0.10937,130,0.04400
India,0.03000,0.10083,130,0.04400
India,0.03500,0.09228,130,0.04400
India,0.04000,0.08374,130,0.04400
India,0.04500,0.07520,130,0.04400
India,0.05000,0.06665,130,0.04400
India,0.05500,0.05811,130,0.04400
India,0.06000,0.04956,130,0.04400
India,0.06500,0.04102,130,0.04400
India,0.07000,0.03248,130,0.04400
India,0.07500,0.02393,130,0.04400
India,0.08000,0.01539,130,0.04400
India,0.08500,0.00684,130,0.04400
India,0.09000,-0.00170,130,0.04400
India,0.09500,-0.01025,130,0.04400
India,0.10000,-0.01879,130,0.04400
India,0.10500,-0.02733,130,0.04400
India,0.11000,-0.03588,130,0.04400
India,0.11500,-0.04442,130,0.04400
India,0.12000,-0.05297,130,0.04400
India,0.12500,-0.06151,130,0.04400
India,0.13000,-0.07005,130,0.04400
India,0.13500,-0.07860,130,0.04400
India,0.14000,-0.08714,130,0.04400
India,0.14500,-0.09569,130,0.04400
India,0.15000,-0.10423,130,0.04400
India,0.15500,-0.11277,130,0.04400
India,0.16000,-0.12132,130,0.04400
India,0.16500,-0.12986,130,0.04400
India,0.17000,-0.13841,130,0.04400
India,0.17500,-0.14695,130,0.04400
India,0.18000,-0.15550,130,0.04400
India,0.18500,-0.16404,130,0.04400
India,0.19000,-0.17258,130,0.04400
India,0.19500,-0.18113,130,0.04400
India,0.20000,-0.18967,130,0.04400
India,0.20500,-0.19822,130,0.04400
India,0.21000,-0.20676,130,0.04400
India,0.21500,-0.21530,130,0.04400
India,0.22000,-0.22385,130,0.04400
India,0.22500,-0.23239,130,0.04400
India,0.23000,-0.24094,130,0.04400
India,0.23500,-0.24948,130,0.04400
India,0.24000,-0.25803,130,0.04400
India,0.24500,-0.26657,130,0.04400
India,0.25000,-0.27511,130,0.04400
India,0.25500,-0.28366,130,0.04400
India,0.26000,-0.29220,130,0.04400
Indonesia,0.00000,0.21005,90,0.11600
Indonesia,0.00500,0.20123,90,0.11600
Indonesia,0.01000,0.19240,90,0.11600
Indonesia,0.01500,0.18358,90,0.11600
Indonesia,0.02000,0.17476,90,0.11600
Indonesia,0.02500,0.16594,90,0.11600
Indonesia,0.03000,0.15711,90,0.11600
Indonesia,0.03500,0.14829,90,0.11600
Indonesia,0.04000,0.13947,90,0.11600
Indonesia,0.04500,0.13065,90,0.11600
Indonesia,0.05000,0.12183,90,0.11600
Indonesia,0.05500,0.11300,90,0.11600
Indonesia,0.06000,0.10418,90,0.11600
Indonesia,0.06500,0.09536,90,0.11600
Indonesia,0.07000,0.08654,90,0.11600
Indonesia,0.07500,0.07771,90,0.11600
Indonesia,0.08000,0.06889,90,0.11600
Indonesia,0.08500,0.06007,90,0.11600
Indonesia,0.09000,0.05125,90,0.11600
Indonesia,0.09500,0.04242,90,0.11600
Indonesia,0.10000,0.03360,90,0.11600
Indonesia,0.10500,0.02478,90,0.11600
Indonesia,0.11000,0.01596,90,0.11600
Indonesia,0.11500,0.00713,90,0.11600
Indonesia,0.12000,-0.00169,90,0.11600
Indonesia,0.12500,-0.01051,90,0.11600
Indonesia,0.13000,-0.01933,90,0.11600
Indonesia,0.13500,-0.02816,90,0.11600
Indonesia,0.14000,-0.03698,90,0.11600
Indonesia,0.14500,-0.04580,90,0.11600
Indonesia,0.15000,-0.05462,90,0.11600
Indonesia,0.15500,-0.06344,90,0.11600
Indonesia,0.16000,-0.07227,90,0.11600
Indonesia,0.16500,-0.08109,90,0.11600
Indonesia,0.17000,-0.08991,90,0.11600
Indonesia,0.17500,-0.09873,90,0.11600
Indonesia,0.18000,-0.10756,90,0.11600
Indonesia,0.18500,-0.11638,90,0.11600
Indonesia,0.19000,-0.12520,90,0.11600
Indonesia,0.19500,-0.13402,90,0.11600
Indonesia,0.20000,-0.14285,90,0.11600
Indonesia,0.20500,-0.15167,90,0.11600
Indonesia,0.21000,-0.16049,90,0.11600
Indonesia,0.21500,-0.16931,90,0.11600
Indonesia,0.22000,-0.17814,90,0.11600
Indonesia,0.22500,-0.18696,90,0.11600
Indonesia,0.23000,-0.19578,90,0.11600
Indonesia,0.23500,-0.20460,90,0.11600
Indonesia,0.24000,-0.21343,90,0.11600
Indonesia,0.24500,-0.22225,90,0.11600
Indonesia,0.25000,-0.23107,90,0.11600
Indonesia,0.25500,-0.23989,90,0.11600
Indonesia,0.26000,-0.24871,90,0.11600
Canada,0.00000,0.22628,20,0.08000
Canada,0.00500,0.21743,20,0.08000
Canada,0.01000,0.20859,20,0.08000
Canada,0.01500,0.19974,20,0.08000
Canada,0.02000,0.19090,20,0.08000
Canada,0.02500,0.18205,20,0.08000
Canada,0.03000,0.17321,20,0.08000
Canada,0.03500,0.16436,20,0.08000
Canada,0.04000,0.15551,20,0.08000
Canada,0.04500,0.14667,20,0.08000
Canada,0.05000,0.13782,20,0.08000
Canada,0.05500,0.12898,20,0.08000
Canada,0.06000,0.12013,20,0.08000
Canada,0.06500,0.11129,20,0.08000
Canada,0.07000,0.10244,20,0.08000
Canada,0.07500,0.09360,20,0.08000
Canada,0.08000,0.08475,20,0.08000
Canada,0.08500,0.07591,20,0.08000
Canada,0.09000,0.06706,20,0.08000
Canada,0.09500,0.05822,20,0.08000
Canada,0.10000,0.04937,20,0.08000
Canada,0.10500,0.04053,20,0.08000
Canada,0.11000,0.03168,20,0.08000
Canada,0.11500,0.02284,20,0.08000
Canada,0.12000,0.01399,20,0.08000
Canada,0.12500,0.00515,20,0.08000
Canada,0.13000,-0.00370,20,0.08000
Canada,0.13500,-0.01254,20,0.08000
Canada,0.14000,-0.02139,20,0.08000
Canada,0.14500,-0.03024,20,0.08000
Canada,0.15000,-0.03908,20,0.08000
Canada,0.15500,-0.04793,20,0.08000
Canada,0.16000,-0.05677,20,0.08000
Canada,0.16500,-0.06562,20,0.08000
Canada,0.17000,-0.07446,20,0.08000
Canada,0.17500,-0.08331,20,0.08000
Canada,0.18000,-0.09215,20,0.08000
Canada,0.18500,-0.10100,20,0.08000
Canada,0.19000,-0.10984,20,0.08000
Canada,0.19500,-0.11869,20,0.08000
Canada,0.20000,-0.12753,20,0.08000
Canada,0.20500,-0.13638,20,0.08000
Canada,0.21000,-0.14522,20,0.08000
Canada,0.21500,-0.15407,20,0.08000
Canada,0.22000,-0.16291,20,0.08000
Canada,0.22500,-0.17176,20,0.08000
Canada,0.23000,-0.18060,20,0.08000
Canada,0.23500,-0.18945,20,0.08000
Canada,0.24000,-0.19829,20,0.08000
Canada,0.24500,-0.20714,20,0.08000
Canada,0.25000,-0.21598,20,0.08000
Canada,0.25500,-0.22483,20,0.08000
Canada,0.26000,-0.23368,20,0.08000
Brazil,0.00000,0.23444,20,0.18000
Brazil,0.00500,0.22556,20,0.18000
Brazil,0.01000,0.21667,20,0.18000
Brazil,0.01500,0.20779,20,0.18000
Brazil,0.02000,0.19890,20,0.18000
Brazil,0.02500,0.19001,20,0.18000
Brazil,0.03000,0.18113,20,0.18000
Brazil,0.03500,0.17224,20,0.18000
Brazil,0.04000,0.16336,20,0.18000
Brazil,0.04500,0.15447,20,0.18000
Brazil,0.05000,0.14559,20,0.18000
Brazil,0.05500,0.13670,20,0.18000
Brazil,0.06000,0.12782,20,0.18000
Brazil,0.06500,0.11893,20,0.18000
Brazil,0.07000,0.11004,20,0.18000
Brazil,0.07500,0.10116,20,0.18000
Brazil,0.08000,0.09227,20,0.18000
Brazil,0.08500,0.08339,20,0.18000
Brazil,0.09000,0.07450,20,0.18000
Brazil,0.09500,0.06562,20,0.18000
Brazil,0.10000,0.05673,20,0.18000
Brazil,0.10500,0.04785,20,0.18000
Brazil,0.11000,0.03896,20,0.18000
Brazil,0.11500,0.03007,20,0.18000
Brazil,0.12000,0.02119,20,0.18000
Brazil,0.12500,0.01230,20,0.18000
Brazil,0.13000,0.00342,20,0.18000
Brazil,0.13500,-0.00547,20,0.18000
Brazil,0.14000,-0.01435,20,0.18000
Brazil,0.14500,-0.02324,20,0.18000
Brazil,0.15000,-0.03212,20,0.18000
Brazil,0.15500,-0.04101,20,0.18000
Brazil,0.16000,-0.04989,20,0.18000
Brazil,0.16500,-0.05878,20,0.18000
Brazil,0.17000,-0.06767,20,0.18000
Brazil,0.17500,-0.07655,20,0.18000
Brazil,0.18000,-0.08544,20,0.18000
Brazil,0.18500,-0.09432,20,0.18000
Brazil,0.19000,-0.10321,20,0.18000
Brazil,0.19500,-0.11209,20,0.18000
Brazil,0.20000,-0.12098,20,0.18000
Brazil,0.20500,-0.12986,20,0.18000
Brazil,0.21000,-0.13875,20,0.18000
Brazil,0.21500,-0.14764,20,0.18000
Brazil,0.22000,-0.15652,20,0.18000
Brazil,0.22500,-0.16541,20,0.18000
Brazil,0.23000,-0.17429,20,0.18000
Brazil,0.23500,-0.18318,20,0.18000
Brazil,0.24000,-0.19206,20,0.18000
Brazil,0.24500,-0.20095,20,0.18000
Brazil,0.25000,-0.20983,20,0.18000
Brazil,0.25500,-0.21872,20,0.18000
Brazil,0.26000,-0.22760,20,0.18000
Australia,0.00000,0.25408,40,0.08000
Australia,0.00500,0.24509,40,0.08000
Australia,0.01000,0.23609,40,0.08000
Australia,0.01500,0.22710,40,0.08000
Australia,0.02000,0.21810,40,0.08000
Australia,0.02500,0.20911,40,0.08000
Australia,0.03000,0.20011,40,0.08000
Australia,0.03500,0.19112,40,0.08000
Australia,0.04000,0.18212,40,0.08000
Australia,0.04500,0.17313,40,0.08000
Australia,0.05000,0.16413,40,0.08000
Australia,0.05500,0.15514,40,0.08000
Australia,0.06000,0.14614,40,0.08000
Australia,0.06500,0.13715,40,0.08000
Australia,0.07000,0.12815,40,0.08000
Australia,0.07500,0.11916,40,0.08000
Australia,0.08000,0.11016,40,0.08000
Australia,0.08500,0.10117,40,0.08000
Australia,0.09000,0.09217,40,0.08000
Australia,0.09500,0.08318,40,0.08000
Australia,0.10000,0.07418,40,0.08000
Australia,0.10500,0.06519,40,0.08000
Australia,0.11000,0.05619,40,0.08000
Australia,0.11500,0.04720,40,0.08000
Australia,0.12000,0.03820,40,0.08000
Australia,0.12500,0.02921,40,0.08000
Australia,0.13000,0.02021,40,0.08000
Australia,0.13500,0.01122,40,0.08000
Australia,0.14000,0.00222,40,0.08000
Australia,0.14500,-0.00677,40,0.08000
Australia,0.15000,-0.01577,40,0.08000
Australia,0.15500,-0.02476,40,0.08000
Australia,0.16000,-0.03376,40,0.08000
Australia,0.16500,-0.04275,40,0.08000
Australia,0.17000,-0.05175,40,0.08000
Australia,0.17500,-0.06074,40,0.08000
Australia,0.18000,-0.06974,40,0.08000
Australia,0.18500,-0.07873,40,0.08000
Australia,0.19000,-0.08773,40,0.08000
Australia,0.19500,-0.09672,40,0.08000
Australia,0.20000,-0.10572,40,0.08000
Australia,0.20500,-0.11471,40,0.08000
Australia,0.21000,-0.12371,40,0.08000
Australia,0.21500,-0.13270,40,0.08000
Australia,0.22000,-0.14170,40,0.08000
Australia,0.22500,-0.15069,40,0.08000
Australia,0.23000,-0.15969,40,0.08000
Australia,0.23500,-0.16868,40,0.08000
Australia,0.24000,-0.17768,40,0.08000
Australia,0.24500,-0.18667,40,0.08000
Australia,0.25000,-0.19567,40,0.08000
Australia,0.25500,-0.20466,40,0.08000
Australia,0.26000,-0.21366,40,0.08000
South Africa,0.00000,0.20269,110,0.12000
South Africa,0.00500,0.19389,110,0.12000
South Africa,0.01000,0.18509,110,0.12000
South Africa,0.01500,0.17629,110,0.12000
South Africa,0.02000,0.16749,110,0.12000
South Africa,0.02500,0.15869,110,0.12000
South Africa,0.03000,0.14988,110,0.12000
South Africa,0.03500,0.14108,110,0.12000
South Africa,0.04000,0.13228,110,0.12000
South Africa,0.04500,0.12348,110,0.12000
South Africa,0.05000,0.11468,110,0.12000
South Africa,0.05500,0.10588,110,0.12000
South Africa,0.06000,0.09708,110,0.12000
South Africa,0.06500,0.08828,110,0.12000
South Africa,0.07000,0.07947,110,0.12000
South Africa,0.07500,0.07067,110,0.12000
South Africa,0.08000,0.06187,110,0.12000
South Africa,0.08500,0.05307,110,0.12000
South Africa,0.09000,0.04427,110,0.12000
South Africa,0.09500,0.03547,110,0.12000
South Africa,0.10000,0.02667,110,0.12000
South Africa,0.10500,0.01787,110,0.12000
South Africa,0.11000,0.00906,110,0.12000
South Africa,0.11500,0.00026,110,0.12000
South Africa,0.12000,-0.00854,110,0.12000
South Africa,0.12500,-0.01734,110,0.12000
South Africa,0.13000,-0.02614,110,0.12000
South Africa,0.13500,-0.03494,110,0.12000
South Africa,0.14000,-0.04374,110,0.12000
South Africa,0.14500,-0.05255,110,0.12000
South Africa,0.15000,-0.06135,110,0.12000
South Africa,0.15500,-0.07015,110,0.12000
South Africa,0.16000,-0.07895,110,0.12000
South Africa,0.16500,-0.08775,110,0.12000
South Africa,0.17000,-0.09655,110,0.12000
South Africa,0.17500,-0.10535,110,0.12000
South Africa,0.18000,-0.11415,110,0.12000
South Africa,0.18500,-0.12296,110,0.12000
South Africa,0.19000,-0.13176,110,0.12000
South Africa,0.19500,-0.14056,110,0.12000
South Africa,0.20000,-0.14936,110,0.12000
South Africa,0.20500,-0.15816,110,0.12000
South Africa,0.21000,-0.16696,110,0.12000
South Africa,0.21500,-0.17576,110,0.12000
South Africa,0.22000,-0.18456,110,0.12000
South Africa,0.22500,-0.19337,110,0.12000
South Africa,0.23000,-0.20217,110,0.12000
South Africa,0.23500,-0.21097,110,0.12000
South Africa,0.24000,-0.21977,110,0.12000
South Africa,0.24500,-0.22857,110,0.12000
South Africa,0.25000,-0.23737,110,0.12000
South Africa,0.25500,-0.24617,110,0.12000
South Africa,0.26000,-0.25498,110,0.12000
