CI_elec,env_CR_base_PE,env_CR_elec_PE,env_CR_base_PET,env_CR_elec_PET,env_CR_base_PP,env_CR_elec_PP,env_CR_base_PS,env_CR_elec_PS,env_CR_base_PVC,env_CR_elec_PVC
0.0000,2.5762,3.4975,2.5831,3.1764,2.6452,3.7247,3.4034,4.0613,1.0721,1.5951
10.0000,2.5548,3.4304,2.5751,3.0060,2.6268,3.6215,3.3917,4.0121,1.0693,1.5097
20.0000,2.5333,3.3649,2.5672,2.8357,2.6170,3.5362,3.3799,3.9628,1.0664,1.4394
30.0000,2.5119,3.3047,2.5593,2.7189,2.6072,3.4597,3.3682,3.9136,1.0635,1.3745
40.0000,2.4905,3.2472,2.5514,2.7012,2.5974,3.3903,3.3565,3.8644,1.0606,1.3562
50.0000,2.4691,3.1904,2.5435,2.6835,2.5876,3.3258,3.3448,3.8151,1.0578,1.3380
60.0000,2.4554,3.1335,2.5356,2.6658,2.5778,3.2614,3.3331,3.7659,1.0549,1.3197
70.0000,2.4431,3.0767,2.5277,2.6481,2.5680,3.1969,3.3213,3.7167,1.0520,1.3015
80.0000,2.4309,3.0198,2.5198,2.6304,2.5582,3.1324,3.3096,3.6674,1.0492,1.2833
90.0000,2.4187,2.9630,2.5119,2.6128,2.5484,3.0679,3.2979,3.6297,1.0463,1.2650
100.0000,2.4065,2.9061,2.5040,2.5951,2.5385,3.0034,3.2862,3.5930,1.0434,1.2468
110.0000,2.3943,2.8493,2.4961,2.5774,2.5287,2.9389,3.2744,3.5563,1.0405,1.2286
120.0000,2.3821,2.7924,2.4882,2.5597,2.5189,2.8744,3.2627,3.5195,1.0377,1.2103
130.0000,2.3698,2.7356,2.4802,2.5420,2.5091,2.8099,3.2510,3.4828,1.0348,1.1921
140.0000,2.3576,2.6787,2.4723,2.5243,2.4993,2.7455,3.2393,3.4461,1.0319,1.1738
150.0000,2.3454,2.6374,2.4644,2.5066,2.4895,2.6810,3.2275,3.4094,1.0290,1.1556
160.0000,2.3332,2.5995,2.4565,2.4889,2.4797,2.6165,3.2158,3.3727,1.0262,1.1374
170.0000,2.3210,2.5616,2.4486,2.4712,2.4699,2.5710,3.2041,3.3360,1.0233,1.1191
180.0000,2.3087,2.5237,2.4407,2.4535,2.4601,2.5427,3.1924,3.2993,1.0204,1.1009
190.0000,2.2965,2.4858,2.4328,2.4358,2.4503,2.5144,3.1807,3.2626,1.0175,1.0827
200.0000,2.2843,2.4478,2.4249,2.4181,2.4405,2.4861,3.1689,3.2259,1.0147,1.0644
210.0000,2.2721,2.4099,2.4170,2.4004,2.4307,2.4579,3.1572,3.1892,1.0118,1.0462
220.0000,2.2599,2.3720,2.4091,2.3828,2.4209,2.4296,3.1455,3.1524,1.0089,1.0280
230.0000,2.2476,2.3341,2.4012,2.3651,2.4111,2.4013,3.1338,3.1157,1.0060,1.0097
240.0000,2.2354,2.2962,2.3933,2.3474,2.4013,2.3730,3.1220,3.0790,1.0032,0.9915
250.0000,2.2232,2.2583,2.3853,2.3297,2.3915,2.3447,3.1103,3.0423,1.0003,0.9732
260.0000,2.2110,2.2204,2.3774,2.3120,2.3817,2.3164,3.0986,3.0056,0.9974,0.9550
270.0000,2.1988,2.1824,2.3695,2.2943,2.3719,2.2882,3.0869,2.9689,0.9946,0.9368
280.0000,2.1866,2.1445,2.3616,2.2766,2.3620,2.2599,3.0751,2.9322,0.9917,0.9185
290.0000,2.1743,2.1066,2.3537,2.2589,2.3522,2.2316,3.0634,2.8955,0.9888,0.9003
300.0000,2.1621,2.0687,2.3458,2.2412,2.3424,2.2033,3.0517,2.8588,0.9859,0.8821
310.0000,2.1499,2.0308,2.3379,2.2235,2.3326,2.1750,3.0400,2.8221,0.9831,0.8638
320.0000,2.1377,1.9929,2.3300,2.2058,2.3228,2.1468,3.0282,2.7854,0.9802,0.8456
330.0000,2.1255,1.9550,2.3221,2.1881,2.3130,2.1185,3.0165,2.7486,0.9773,0.8274
340.0000,2.1132,1.9170,2.3142,2.1704,2.3032,2.0902,3.0048,2.7119,0.9744,0.8091
350.0000,2.1010,1.8791,2.3063,2.1528,2.2934,2.0619,2.9931,2.6752,0.9716,0.7909
360.0000,2.0888,1.8412,2.2984,2.1351,2.2836,2.0336,2.9814,2.6385,0.9687,0.7726
370.0000,2.0766,1.8033,2.2904,2.1174,2.2738,2.0053,2.9696,2.6018,0.9658,0.7544
380.0000,2.0644,1.7654,2.2825,2.0997,2.2640,1.9771,2.9579,2.5651,0.9629,0.7362
390.0000,2.0522,1.7275,2.2746,2.0820,2.2542,1.9488,2.9462,2.5284,0.9601,0.7179
400.0000,2.0399,1.6896,2.2667,2.0643,2.2444,1.9205,2.9345,2.4917,0.9572,0.6997
