P_elec,econ_UP_base_PE,econ_UP_elec_PE,econ_UP_base_PET,econ_UP_elec_PET,econ_UP_base_PP,econ_UP_elec_PP,econ_UP_base_PS,econ_UP_elec_PS,econ_UP_base_PVC,econ_UP_elec_PVC
0.0000,-0.1026,0.0728,-0.1737,-0.0933,-0.0514,0.1382,-0.0546,0.0946,-0.3658,-0.3134
0.0020,-0.1055,0.0498,-0.1742,-0.1074,-0.0547,0.1121,-0.0594,0.0749,-0.3667,-0.3196
0.0040,-0.1085,0.0269,-0.1748,-0.1215,-0.0579,0.0860,-0.0641,0.0552,-0.3675,-0.3258
0.0060,-0.1115,0.0040,-0.1754,-0.1356,-0.0611,0.0621,-0.0689,0.0368,-0.3684,-0.3320
0.0080,-0.1145,-0.0190,-0.1759,-0.1497,-0.0644,0.0416,-0.0737,0.0213,-0.3692,-0.3382
0.0100,-0.1175,-0.0402,-0.1765,-0.1638,-0.0676,0.0210,-0.0785,0.0058,-0.3700,-0.3444
0.0120,-0.1205,-0.0561,-0.1770,-0.1779,-0.0708,0.0005,-0.0833,-0.0097,-0.3709,-0.3507
0.0140,-0.1235,-0.0721,-0.1776,-0.1819,-0.0741,-0.0200,-0.0881,-0.0252,-0.3717,-0.3569
0.0160,-0.1265,-0.0880,-0.1782,-0.1844,-0.0773,-0.0406,-0.0928,-0.0407,-0.3726,-0.3631
0.0180,-0.1295,-0.1039,-0.1787,-0.1869,-0.0805,-0.0547,-0.0976,-0.0562,-0.3734,-0.3693
0.0200,-0.1324,-0.1199,-0.1793,-0.1894,-0.0837,-0.0659,-0.1024,-0.0717,-0.3743,-0.3755
0.0220,-0.1354,-0.1358,-0.1798,-0.1920,-0.0870,-0.0771,-0.1072,-0.0873,-0.3751,-0.3817
0.0240,-0.1384,-0.1518,-0.1804,-0.1945,-0.0902,-0.0882,-0.1120,-0.1028,-0.3759,-0.3879
0.0260,-0.1414,-0.1677,-0.1810,-0.1970,-0.0934,-0.0994,-0.1168,-0.1183,-0.3768,-0.3941
0.0280,-0.1444,-0.1837,-0.1815,-0.1995,-0.0967,-0.1106,-0.1215,-0.1338,-0.3776,-0.4003
0.0300,-0.1474,-0.1993,-0.1821,-0.2020,-0.0999,-0.1217,-0.1263,-0.1493,-0.3785,-0.4065
0.0320,-0.1504,-0.2079,-0.1826,-0.2045,-0.1031,-0.1329,-0.1311,-0.1648,-0.3793,-0.4127
0.0340,-0.1534,-0.2165,-0.1832,-0.2071,-0.1064,-0.1440,-0.1359,-0.1803,-0.3802,-0.4189
0.0360,-0.1564,-0.2250,-0.1838,-0.2096,-0.1096,-0.1552,-0.1407,-0.1958,-0.3810,-0.4251
0.0380,-0.1593,-0.2336,-0.1843,-0.2121,-0.1128,-0.1664,-0.1454,-0.2113,-0.3818,-0.4313
0.0400,-0.1623,-0.2422,-0.1849,-0.2146,-0.1160,-0.1775,-0.1502,-0.2268,-0.3827,-0.4376
0.0420,-0.1653,-0.2507,-0.1855,-0.2171,-0.1193,-0.1887,-0.1550,-0.2423,-0.3835,-0.4438
0.0440,-0.1683,-0.2593,-0.1860,-0.2197,-0.1225,-0.1999,-0.1598,-0.2578,-0.3844,-0.4500
0.0460,-0.1713,-0.2678,-0.1866,-0.2222,-0.1257,-0.2110,-0.1646,-0.2664,-0.3852,-0.4562
0.0480,-0.1743,-0.2764,-0.1871,-0.2247,-0.1290,-0.2222,-0.1694,-0.2730,-0.3860,-0.4624
0.0500,-0.1773,-0.2850,-0.1877,-0.2272,-0.1322,-0.2333,-0.1741,-0.2797,-0.3869,-0.4686
0.0520,-0.1803,-0.2935,-0.1883,-0.2297,-0.1354,-0.2445,-0.1789,-0.2863,-0.3877,-0.4748
0.0540,-0.1833,-0.3021,-0.1888,-0.2322,-0.1387,-0.2557,-0.1837,-0.2929,-0.3886,-0.4810
0.0560,-0.1862,-0.3107,-0.1894,-0.2348,-0.1419,-0.2668,-0.1885,-0.2996,-0.3894,-0.4872
0.0580,-0.1892,-0.3192,-0.1899,-0.2373,-0.1451,-0.2780,-0.1933,-0.3062,-0.3903,-0.4934
0.0600,-0.1922,-0.3278,-0.1905,-0.2398,-0.1483,-0.2892,-0.1955,-0.3128,-0.3911,-0.4996
