crt_mult,Scenario,Period,A,B,C
0.8,Baseline,2026,2,2,2
0.8,Baseline,2030,0,0,0
0.8,Baseline,2040,0,0,0
0.8,Baseline,2050,0,0,0
0.8,Electrified,2026,2,2,2
0.8,Electrified,2030,1,1,1
0.8,Electrified,2040,0,0,0
0.8,Electrified,2050,0,0,0
1.0,Baseline,2026,2,2,2
1.0,Baseline,2030,0,0,0
1.0,Baseline,2040,0,0,0
1.0,Baseline,2050,3,7,0
1.0,Electrified,2026,2,2,2
1.0,Electrified,2030,2,2,1
1.0,Electrified,2040,0,0,0
1.0,Electrified,2050,0,0,0
1.2,Baseline,2026,2,2,2
1.2,Baseline,2030,1,1,1
1.2,Baseline,2040,3,4,0
1.2,Baseline,2050,11,11,11
1.2,Electrified,2026,2,2,2
1.2,Electrified,2030,2,2,2
1.2,Electrified,2040,1,3,0
1.2,Electrified,2050,5,8,0
