Region,Period,w_PVC,wUP,wCR,CRt,margin
Global/EU,2026,0.0000,0.0231,2.6567,0.5629,2.0938
Global/EU,2026,0.0100,0.0196,2.6392,0.5625,2.0767
Global/EU,2026,0.0200,0.0162,2.6217,0.5621,2.0596
Global/EU,2026,0.0300,0.0128,2.6042,0.5616,2.0425
Global/EU,2026,0.0400,0.0094,2.5867,0.5612,2.0254
Global/EU,2026,0.0500,0.0059,2.5692,0.5608,2.0084
Global/EU,2026,0.0600,0.0025,2.5517,0.5604,1.9913
Global/EU,2026,0.0700,-0.0009,2.5342,0.5600,1.9742
Global/EU,2026,0.0800,-0.0044,2.5167,0.5596,1.9571
Global/EU,2026,0.0900,-0.0078,2.4991,0.5592,1.9400
Global/EU,2026,0.1000,-0.0112,2.4816,0.5588,1.9229
Global/EU,2026,0.1100,-0.0146,2.4641,0.5583,1.9058
Global/EU,2026,0.1200,-0.0181,2.4466,0.5579,1.8887
Global/EU,2026,0.1300,-0.0215,2.4291,0.5575,1.8716
Global/EU,2026,0.1400,-0.0249,2.4116,0.5571,1.8545
Global/EU,2026,0.1500,-0.0283,2.3941,0.5567,1.8374
Global/EU,2026,0.1600,-0.0318,2.3766,0.5563,1.8203
Global/EU,2026,0.1700,-0.0352,2.3591,0.5559,1.8032
Global/EU,2026,0.1800,-0.0386,2.3416,0.5555,1.7861
Global/EU,2026,0.1900,-0.0420,2.3241,0.5550,1.7690
Global/EU,2026,0.2000,-0.0455,2.3066,0.5546,1.7519
Global/EU,2026,0.2100,-0.0489,2.2891,0.5542,1.7348
Global/EU,2026,0.2200,-0.0523,2.2715,0.5538,1.7177
Global/EU,2026,0.2300,-0.0558,2.2540,0.5534,1.7007
Global/EU,2026,0.2400,-0.0592,2.2365,0.5530,1.6836
Global/EU,2026,0.2500,-0.0626,2.2190,0.5526,1.6665
Global/EU,2026,0.2600,-0.0660,2.2015,0.5521,1.6494
Global/EU,2026,0.2700,-0.0695,2.1840,0.5517,1.6323
Global/EU,2026,0.2800,-0.0729,2.1665,0.5513,1.6152
Global/EU,2030,0.0000,0.1160,2.8927,1.5900,1.3027
Global/EU,2030,0.0100,0.1119,2.8736,1.5884,1.2852
Global/EU,2030,0.0200,0.1079,2.8546,1.5869,1.2678
Global/EU,2030,0.0300,0.1039,2.8356,1.5853,1.2503
Global/EU,2030,0.0400,0.0998,2.8166,1.5837,1.2329
Global/EU,2030,0.0500,0.0958,2.7976,1.5821,1.2154
Global/EU,2030,0.0600,0.0918,2.7785,1.5806,1.1980
Global/EU,2030,0.0700,0.0878,2.7595,1.5790,1.1805
Global/EU,2030,0.0800,0.0837,2.7405,1.5774,1.1631
Global/EU,2030,0.0900,0.0797,2.7215,1.5758,1.1456
Global/EU,2030,0.1000,0.0757,2.7024,1.5743,1.1282
Global/EU,2030,0.1100,0.0716,2.6834,1.5727,1.1107
Global/EU,2030,0.1200,0.0676,2.6644,1.5711,1.0933
Global/EU,2030,0.1300,0.0636,2.6454,1.5695,1.0758
Global/EU,2030,0.1400,0.0595,2.6263,1.5679,1.0584
Global/EU,2030,0.1500,0.0555,2.6073,1.5664,1.0409
Global/EU,2030,0.1600,0.0515,2.5883,1.5648,1.0235
Global/EU,2030,0.1700,0.0475,2.5693,1.5632,1.0060
Global/EU,2030,0.1800,0.0434,2.5502,1.5616,0.9886
Global/EU,2030,0.1900,0.0394,2.5312,1.5601,0.9712
Global/EU,2030,0.2000,0.0354,2.5122,1.5585,0.9537
Global/EU,2030,0.2100,0.0313,2.4932,1.5569,0.9363
Global/EU,2030,0.2200,0.0273,2.4742,1.5553,0.9188
Global/EU,2030,0.2300,0.0233,2.4551,1.5538,0.9014
Global/EU,2030,0.2400,0.0192,2.4361,1.5522,0.8839
Global/EU,2030,0.2500,0.0152,2.4171,1.5506,0.8665
Global/EU,2030,0.2600,0.0112,2.3981,1.5490,0.8490
Global/EU,2030,0.2700,0.0072,2.3790,1.5475,0.8316
Global/EU,2030,0.2800,0.0031,2.3600,1.5459,0.8141
Global/EU,2040,0.0000,0.2990,3.0427,2.2964,0.7463
Global/EU,2040,0.0100,0.2938,3.0227,2.2938,0.7290
Global/EU,2040,0.0200,0.2886,3.0027,2.2911,0.7116
Global/EU,2040,0.0300,0.2834,2.9827,2.2884,0.6943
Global/EU,2040,0.0400,0.2781,2.9627,2.2857,0.6770
Global/EU,2040,0.0500,0.2729,2.9427,2.2831,0.6597
Global/EU,2040,0.0600,0.2677,2.9228,2.2804,0.6423
Global/EU,2040,0.0700,0.2625,2.9028,2.2777,0.6250
Global/EU,2040,0.0800,0.2572,2.8828,2.2751,0.6077
Global/EU,2040,0.0900,0.2520,2.8628,2.2724,0.5904
Global/EU,2040,0.1000,0.2468,2.8428,2.2697,0.5731
Global/EU,2040,0.1100,0.2416,2.8228,2.2671,0.5557
Global/EU,2040,0.1200,0.2363,2.8028,2.2644,0.5384
Global/EU,2040,0.1300,0.2311,2.7828,2.2617,0.5211
Global/EU,2040,0.1400,0.2259,2.7628,2.2591,0.5038
Global/EU,2040,0.1500,0.2207,2.7428,2.2564,0.4864
Global/EU,2040,0.1600,0.2154,2.7228,2.2537,0.4691
Global/EU,2040,0.1700,0.2102,2.7028,2.2511,0.4518
Global/EU,2040,0.1800,0.2050,2.6829,2.2484,0.4345
Global/EU,2040,0.1900,0.1998,2.6629,2.2457,0.4171
Global/EU,2040,0.2000,0.1945,2.6429,2.2431,0.3998
Global/EU,2040,0.2100,0.1893,2.6229,2.2404,0.3825
Global/EU,2040,0.2200,0.1841,2.6029,2.2377,0.3652
Global/EU,2040,0.2300,0.1788,2.5829,2.2351,0.3478
Global/EU,2040,0.2400,0.1736,2.5629,2.2324,0.3305
Global/EU,2040,0.2500,0.1684,2.5429,2.2297,0.3132
Global/EU,2040,0.2600,0.1632,2.5229,2.2270,0.2959
Global/EU,2040,0.2700,0.1579,2.5029,2.2244,0.2786
Global/EU,2040,0.2800,0.1527,2.4829,2.2217,0.2612
Global/EU,2050,0.0000,0.4891,3.2786,3.0303,0.2483
Global/EU,2050,0.0100,0.4826,3.2567,3.0263,0.2304
Global/EU,2050,0.0200,0.4761,3.2348,3.0223,0.2124
Global/EU,2050,0.0300,0.4696,3.2128,3.0183,0.1945
Global/EU,2050,0.0400,0.4631,3.1909,3.0143,0.1766
Global/EU,2050,0.0500,0.4567,3.1690,3.0103,0.1587
Global/EU,2050,0.0600,0.4502,3.1471,3.0063,0.1408
Global/EU,2050,0.0700,0.4437,3.1251,3.0023,0.1228
Global/EU,2050,0.0800,0.4372,3.1032,2.9983,0.1049
Global/EU,2050,0.0900,0.4308,3.0813,2.9943,0.0870
Global/EU,2050,0.1000,0.4243,3.0593,2.9903,0.0691
Global/EU,2050,0.1100,0.4178,3.0374,2.9863,0.0512
Global/EU,2050,0.1200,0.4113,3.0155,2.9822,0.0332
Global/EU,2050,0.1300,0.4049,2.9936,2.9782,0.0153
Global/EU,2050,0.1400,,,2.9742,
Global/EU,2050,0.1500,,,2.9702,
Global/EU,2050,0.1600,,,2.9662,
Global/EU,2050,0.1700,,,2.9622,
Global/EU,2050,0.1800,,,2.9582,
Global/EU,2050,0.1900,,,2.9542,
Global/EU,2050,0.2000,,,2.9502,
Global/EU,2050,0.2100,,,2.9462,
Global/EU,2050,0.2200,,,2.9422,
Global/EU,2050,0.2300,,,2.9382,
Global/EU,2050,0.2400,,,2.9342,
Global/EU,2050,0.2500,,,2.9302,
Global/EU,2050,0.2600,,,2.9262,
Global/EU,2050,0.2700,,,2.9221,
Global/EU,2050,0.2800,,,2.9181,
U.S.,2026,0.0000,-0.1935,1.7140,0.5515,1.1625
U.S.,2026,0.0100,-0.1955,1.7054,0.5512,1.1543
U.S.,2026,0.0200,-0.1975,1.6969,0.5508,1.1461
U.S.,2026,0.0300,-0.1995,1.6884,0.5505,1.1379
U.S.,2026,0.0400,-0.2015,1.6798,0.5502,1.1297
U.S.,2026,0.0500,-0.2035,1.6713,0.5498,1.1215
U.S.,2026,0.0600,-0.2055,1.6628,0.5495,1.1133
U.S.,2026,0.0700,-0.2075,1.6542,0.5491,1.1051
U.S.,2026,0.0800,-0.2095,1.6457,0.5488,1.0969
U.S.,2026,0.0900,-0.2115,1.6372,0.5485,1.0887
U.S.,2026,0.1000,-0.2136,1.6286,0.5481,1.0805
U.S.,2026,0.1100,-0.2156,1.6201,0.5478,1.0723
U.S.,2026,0.1200,-0.2176,1.6116,0.5475,1.0641
U.S.,2026,0.1300,-0.2196,1.6030,0.5471,1.0559
U.S.,2026,0.1400,-0.2216,1.5945,0.5468,1.0477
U.S.,2026,0.1500,-0.2236,1.5860,0.5464,1.0395
U.S.,2026,0.1600,-0.2256,1.5774,0.5461,1.0313
U.S.,2026,0.1700,-0.2276,1.5689,0.5458,1.0231
U.S.,2026,0.1800,-0.2296,1.5604,0.5454,1.0150
U.S.,2026,0.1900,-0.2316,1.5518,0.5451,1.0068
U.S.,2026,0.2000,-0.2337,1.5433,0.5448,0.9986
U.S.,2026,0.2100,-0.2357,1.5348,0.5444,0.9904
U.S.,2026,0.2200,-0.2377,1.5262,0.5441,0.9822
U.S.,2026,0.2300,-0.2397,1.5177,0.5437,0.9740
U.S.,2026,0.2400,-0.2417,1.5092,0.5434,0.9658
U.S.,2026,0.2500,-0.2437,1.5006,0.5431,0.9576
U.S.,2026,0.2600,-0.2457,1.4921,0.5427,0.9494
U.S.,2026,0.2700,-0.2477,1.4836,0.5424,0.9412
U.S.,2026,0.2800,-0.2497,1.4750,0.5421,0.9330
U.S.,2030,0.0000,0.0815,2.6903,1.5190,1.1713
U.S.,2030,0.0100,0.0777,2.6725,1.5179,1.1546
U.S.,2030,0.0200,0.0739,2.6547,1.5168,1.1379
U.S.,2030,0.0300,0.0701,2.6370,1.5157,1.1213
U.S.,2030,0.0400,0.0663,2.6192,1.5146,1.1046
U.S.,2030,0.0500,0.0626,2.6015,1.5135,1.0880
U.S.,2030,0.0600,0.0588,2.5837,1.5124,1.0713
U.S.,2030,0.0700,0.0550,2.5659,1.5112,1.0547
U.S.,2030,0.0800,0.0512,2.5482,1.5101,1.0380
U.S.,2030,0.0900,0.0474,2.5304,1.5090,1.0214
U.S.,2030,0.1000,0.0436,2.5127,1.5079,1.0047
U.S.,2030,0.1100,0.0398,2.4949,1.5068,0.9881
U.S.,2030,0.1200,0.0360,2.4771,1.5057,0.9714
U.S.,2030,0.1300,0.0322,2.4594,1.5046,0.9548
U.S.,2030,0.1400,0.0284,2.4416,1.5035,0.9381
U.S.,2030,0.1500,0.0246,2.4239,1.5024,0.9215
U.S.,2030,0.1600,0.0209,2.4061,1.5013,0.9048
U.S.,2030,0.1700,0.0171,2.3884,1.5002,0.8882
U.S.,2030,0.1800,0.0133,2.3706,1.4991,0.8715
U.S.,2030,0.1900,0.0095,2.3528,1.4980,0.8549
U.S.,2030,0.2000,0.0057,2.3351,1.4969,0.8382
U.S.,2030,0.2100,0.0019,2.3173,1.4958,0.8216
U.S.,2030,0.2200,-0.0019,2.2996,1.4946,0.8049
U.S.,2030,0.2300,-0.0057,2.2818,1.4935,0.7883
U.S.,2030,0.2400,-0.0095,2.2640,1.4924,0.7716
U.S.,2030,0.2500,-0.0133,2.2463,1.4913,0.7550
U.S.,2030,0.2600,-0.0170,2.2285,1.4902,0.7383
U.S.,2030,0.2700,-0.0208,2.2108,1.4891,0.7217
U.S.,2030,0.2800,-0.0246,2.1930,1.4880,0.7050
U.S.,2040,0.0000,0.2694,2.9348,2.2317,0.7031
U.S.,2040,0.0100,0.2644,2.9155,2.2295,0.6860
U.S.,2040,0.0200,0.2594,2.8962,2.2272,0.6690
U.S.,2040,0.0300,0.2544,2.8769,2.2250,0.6519
U.S.,2040,0.0400,0.2494,2.8575,2.2227,0.6348
U.S.,2040,0.0500,0.2443,2.8382,2.2205,0.6177
U.S.,2040,0.0600,0.2393,2.8189,2.2183,0.6006
U.S.,2040,0.0700,0.2343,2.7996,2.2160,0.5835
U.S.,2040,0.0800,0.2293,2.7802,2.2138,0.5665
U.S.,2040,0.0900,0.2243,2.7609,2.2115,0.5494
U.S.,2040,0.1000,0.2193,2.7416,2.2093,0.5323
U.S.,2040,0.1100,0.2143,2.7223,2.2071,0.5152
U.S.,2040,0.1200,0.2092,2.7030,2.2048,0.4981
U.S.,2040,0.1300,0.2042,2.6836,2.2026,0.4810
U.S.,2040,0.1400,0.1992,2.6643,2.2004,0.4640
U.S.,2040,0.1500,0.1942,2.6450,2.1981,0.4469
U.S.,2040,0.1600,0.1892,2.6257,2.1959,0.4298
U.S.,2040,0.1700,0.1842,2.6063,2.1936,0.4127
U.S.,2040,0.1800,0.1792,2.5870,2.1914,0.3956
U.S.,2040,0.1900,0.1741,2.5677,2.1892,0.3785
U.S.,2040,0.2000,0.1691,2.5484,2.1869,0.3614
U.S.,2040,0.2100,0.1641,2.5290,2.1847,0.3444
U.S.,2040,0.2200,0.1591,2.5097,2.1825,0.3273
U.S.,2040,0.2300,0.1541,2.4904,2.1802,0.3102
U.S.,2040,0.2400,0.1491,2.4711,2.1780,0.2931
U.S.,2040,0.2500,0.1441,2.4518,2.1757,0.2760
U.S.,2040,0.2600,0.1390,2.4324,2.1735,0.2589
U.S.,2040,0.2700,0.1340,2.4131,2.1713,0.2419
U.S.,2040,0.2800,0.1290,2.3938,2.1690,0.2248
U.S.,2050,0.0000,0.4718,3.2045,2.9919,0.2126
U.S.,2050,0.0100,0.4655,3.1831,2.9882,0.1950
U.S.,2050,0.0200,0.4592,3.1618,2.9844,0.1774
U.S.,2050,0.0300,0.4528,3.1405,2.9807,0.1598
U.S.,2050,0.0400,0.4465,3.1191,2.9769,0.1422
U.S.,2050,0.0500,0.4401,3.0978,2.9732,0.1246
U.S.,2050,0.0600,0.4338,3.0765,2.9694,0.1070
U.S.,2050,0.0700,0.4275,3.0551,2.9657,0.0895
U.S.,2050,0.0800,0.4211,3.0338,2.9619,0.0719
U.S.,2050,0.0900,0.4148,3.0125,2.9582,0.0543
U.S.,2050,0.1000,0.4084,2.9911,2.9544,0.0367
U.S.,2050,0.1100,0.4021,2.9698,2.9507,0.0191
U.S.,2050,0.1200,0.3958,2.9485,2.9469,0.0015
U.S.,2050,0.1300,,,2.9432,
U.S.,2050,0.1400,,,2.9395,
U.S.,2050,0.1500,,,2.9357,
U.S.,2050,0.1600,,,2.9320,
U.S.,2050,0.1700,,,2.9282,
U.S.,2050,0.1800,,,2.9245,
U.S.,2050,0.1900,,,2.9207,
U.S.,2050,0.2000,,,2.9170,
U.S.,2050,0.2100,,,2.9132,
U.S.,2050,0.2200,,,2.9095,
U.S.,2050,0.2300,,,2.9057,
U.S.,2050,0.2400,,,2.9020,
U.S.,2050,0.2500,,,2.8982,
U.S.,2050,0.2600,,,2.8945,
U.S.,2050,0.2700,,,2.8908,
U.S.,2050,0.2800,,,2.8870,
China,2026,0.0000,-0.1756,1.7092,0.4489,1.2603
China,2026,0.0100,-0.1777,1.6978,0.4492,1.2486
China,2026,0.0200,-0.1798,1.6864,0.4496,1.2369
China,2026,0.0300,-0.1819,1.6750,0.4499,1.2252
China,2026,0.0400,-0.1841,1.6637,0.4502,1.2134
China,2026,0.0500,-0.1862,1.6523,0.4505,1.2017
China,2026,0.0600,-0.1883,1.6409,0.4509,1.1900
China,2026,0.0700,-0.1904,1.6295,0.4512,1.1783
China,2026,0.0800,-0.1926,1.6181,0.4515,1.1666
China,2026,0.0900,-0.1947,1.6067,0.4519,1.1549
China,2026,0.1000,-0.1968,1.5953,0.4522,1.1431
China,2026,0.1100,-0.1989,1.5840,0.4525,1.1314
China,2026,0.1200,-0.2011,1.5726,0.4529,1.1197
China,2026,0.1300,-0.2032,1.5612,0.4532,1.1080
China,2026,0.1400,-0.2053,1.5498,0.4535,1.0963
China,2026,0.1500,-0.2074,1.5384,0.4539,1.0846
China,2026,0.1600,-0.2096,1.5270,0.4542,1.0728
China,2026,0.1700,-0.2117,1.5156,0.4545,1.0611
China,2026,0.1800,-0.2138,1.5043,0.4549,1.0494
China,2026,0.1900,-0.2159,1.4929,0.4552,1.0377
China,2026,0.2000,-0.2181,1.4815,0.4555,1.0260
China,2026,0.2100,-0.2202,1.4701,0.4558,1.0143
China,2026,0.2200,-0.2223,1.4587,0.4562,1.0025
China,2026,0.2300,-0.2244,1.4473,0.4565,0.9908
China,2026,0.2400,-0.2266,1.4359,0.4568,0.9791
China,2026,0.2500,-0.2287,1.4246,0.4572,0.9674
China,2026,0.2600,-0.2308,1.4132,0.4575,0.9557
China,2026,0.2700,-0.2329,1.4018,0.4578,0.9440
China,2026,0.2800,-0.2351,1.3904,0.4582,0.9322
China,2030,0.0000,0.0205,1.9850,1.2610,0.7240
China,2030,0.0100,0.0171,1.9719,1.2616,0.7103
China,2030,0.0200,0.0137,1.9588,1.2621,0.6966
China,2030,0.0300,0.0103,1.9456,1.2627,0.6829
China,2030,0.0400,0.0069,1.9325,1.2633,0.6692
China,2030,0.0500,0.0034,1.9194,1.2639,0.6555
China,2030,0.0600,0.0000,1.9063,1.2644,0.6419
China,2030,0.0700,-0.0034,1.8932,1.2650,0.6282
China,2030,0.0800,-0.0068,1.8801,1.2656,0.6145
China,2030,0.0900,-0.0102,1.8670,1.2662,0.6008
China,2030,0.1000,-0.0136,1.8538,1.2667,0.5871
China,2030,0.1100,-0.0170,1.8407,1.2673,0.5734
China,2030,0.1200,-0.0204,1.8276,1.2679,0.5597
China,2030,0.1300,-0.0239,1.8145,1.2685,0.5460
China,2030,0.1400,-0.0273,1.8014,1.2691,0.5323
China,2030,0.1500,-0.0307,1.7883,1.2696,0.5187
China,2030,0.1600,-0.0341,1.7752,1.2702,0.5050
China,2030,0.1700,-0.0375,1.7621,1.2708,0.4913
China,2030,0.1800,-0.0409,1.7489,1.2714,0.4776
China,2030,0.1900,-0.0443,1.7358,1.2719,0.4639
China,2030,0.2000,-0.0477,1.7227,1.2725,0.4502
China,2030,0.2100,-0.0512,1.7096,1.2731,0.4365
China,2030,0.2200,-0.0546,1.6965,1.2737,0.4228
China,2030,0.2300,-0.0580,1.6834,1.2742,0.4091
China,2030,0.2400,-0.0614,1.6703,1.2748,0.3954
China,2030,0.2500,-0.0648,1.6571,1.2754,0.3818
China,2030,0.2600,-0.0682,1.6440,1.2760,0.3681
China,2030,0.2700,-0.0716,1.6309,1.2765,0.3544
China,2030,0.2800,-0.0751,1.6178,1.2771,0.3407
China,2040,0.0000,0.2225,2.5459,2.0051,0.5408
China,2040,0.0100,0.2178,2.5292,2.0043,0.5249
China,2040,0.0200,0.2131,2.5126,2.0036,0.5090
China,2040,0.0300,0.2084,2.4959,2.0028,0.4931
China,2040,0.0400,0.2036,2.4792,2.0021,0.4771
China,2040,0.0500,0.1989,2.4625,2.0013,0.4612
China,2040,0.0600,0.1942,2.4459,2.0006,0.4453
China,2040,0.0700,0.1895,2.4292,1.9999,0.4293
China,2040,0.0800,0.1848,2.4125,1.9991,0.4134
China,2040,0.0900,0.1801,2.3958,1.9984,0.3975
China,2040,0.1000,0.1753,2.3792,1.9976,0.3816
China,2040,0.1100,0.1706,2.3625,1.9969,0.3656
China,2040,0.1200,0.1659,2.3458,1.9961,0.3497
China,2040,0.1300,0.1612,2.3292,1.9954,0.3338
China,2040,0.1400,0.1565,2.3125,1.9946,0.3178
China,2040,0.1500,0.1518,2.2958,1.9939,0.3019
China,2040,0.1600,0.1470,2.2791,1.9932,0.2860
China,2040,0.1700,0.1423,2.2625,1.9924,0.2701
China,2040,0.1800,0.1376,2.2458,1.9917,0.2541
China,2040,0.1900,0.1329,2.2291,1.9909,0.2382
China,2040,0.2000,0.1282,2.2124,1.9902,0.2223
China,2040,0.2100,0.1235,2.1958,1.9894,0.2063
China,2040,0.2200,0.1187,2.1791,1.9887,0.1904
China,2040,0.2300,0.1140,2.1624,1.9879,0.1745
China,2040,0.2400,0.1093,2.1458,1.9872,0.1586
China,2040,0.2500,0.1046,2.1291,1.9864,0.1426
China,2040,0.2600,0.0999,2.1124,1.9857,0.1267
China,2040,0.2700,0.0951,2.0957,1.9850,0.1108
China,2040,0.2800,0.0904,2.0791,1.9842,0.0949
China,2050,0.0000,0.4492,3.0815,2.8742,0.2073
China,2050,0.0100,0.4430,3.0610,2.8713,0.1897
China,2050,0.0200,0.4368,3.0405,2.8683,0.1721
China,2050,0.0300,0.4306,3.0199,2.8654,0.1545
China,2050,0.0400,0.4244,2.9994,2.8625,0.1369
China,2050,0.0500,0.4182,2.9789,2.8595,0.1193
China,2050,0.0600,0.4120,2.9583,2.8566,0.1017
China,2050,0.0700,0.4058,2.9378,2.8536,0.0842
China,2050,0.0800,0.3996,2.9173,2.8507,0.0666
China,2050,0.0900,0.3935,2.8967,2.8478,0.0490
China,2050,0.1000,0.3873,2.8762,2.8448,0.0314
China,2050,0.1100,0.3811,2.8557,2.8419,0.0138
China,2050,0.1200,,,2.8389,
China,2050,0.1300,,,2.8360,
China,2050,0.1400,,,2.8331,
China,2050,0.1500,,,2.8301,
China,2050,0.1600,,,2.8272,
China,2050,0.1700,,,2.8242,
China,2050,0.1800,,,2.8213,
China,2050,0.1900,,,2.8184,
China,2050,0.2000,,,2.8154,
China,2050,0.2100,,,2.8125,
China,2050,0.2200,,,2.8095,
China,2050,0.2300,,,2.8066,
China,2050,0.2400,,,2.8037,
China,2050,0.2500,,,2.8007,
China,2050,0.2600,,,2.7978,
China,2050,0.2700,,,2.7948,
China,2050,0.2800,,,2.7919,
Japan,2026,0.0000,-0.1052,2.3140,0.5285,1.7856
Japan,2026,0.0100,-0.1078,2.2988,0.5283,1.7705
Japan,2026,0.0200,-0.1104,2.2835,0.5281,1.7554
Japan,2026,0.0300,-0.1130,2.2682,0.5279,1.7403
Japan,2026,0.0400,-0.1156,2.2530,0.5278,1.7252
Japan,2026,0.0500,-0.1182,2.2377,0.5276,1.7101
Japan,2026,0.0600,-0.1208,2.2225,0.5274,1.6951
Japan,2026,0.0700,-0.1234,2.2072,0.5272,1.6800
Japan,2026,0.0800,-0.1259,2.1919,0.5270,1.6649
Japan,2026,0.0900,-0.1285,2.1767,0.5268,1.6498
Japan,2026,0.1000,-0.1311,2.1614,0.5266,1.6347
Japan,2026,0.1100,-0.1337,2.1461,0.5265,1.6197
Japan,2026,0.1200,-0.1363,2.1309,0.5263,1.6046
Japan,2026,0.1300,-0.1389,2.1156,0.5261,1.5895
Japan,2026,0.1400,-0.1415,2.1003,0.5259,1.5744
Japan,2026,0.1500,-0.1440,2.0851,0.5257,1.5593
Japan,2026,0.1600,-0.1466,2.0698,0.5255,1.5443
Japan,2026,0.1700,-0.1492,2.0545,0.5254,1.5292
Japan,2026,0.1800,-0.1518,2.0393,0.5252,1.5141
Japan,2026,0.1900,-0.1544,2.0240,0.5250,1.4990
Japan,2026,0.2000,-0.1570,2.0087,0.5248,1.4839
Japan,2026,0.2100,-0.1596,1.9935,0.5246,1.4689
Japan,2026,0.2200,-0.1622,1.9782,0.5244,1.4538
Japan,2026,0.2300,-0.1647,1.9630,0.5243,1.4387
Japan,2026,0.2400,-0.1673,1.9477,0.5241,1.4236
Japan,2026,0.2500,-0.1699,1.9324,0.5239,1.4085
Japan,2026,0.2600,-0.1725,1.9172,0.5237,1.3935
Japan,2026,0.2700,-0.1751,1.9019,0.5235,1.3784
Japan,2026,0.2800,-0.1777,1.8866,0.5233,1.3633
Japan,2030,0.0000,0.0659,2.5037,1.4658,1.0379
Japan,2030,0.0100,0.0622,2.4873,1.4651,1.0222
Japan,2030,0.0200,0.0585,2.4708,1.4643,1.0065
Japan,2030,0.0300,0.0548,2.4544,1.4636,0.9908
Japan,2030,0.0400,0.0511,2.4379,1.4628,0.9751
Japan,2030,0.0500,0.0474,2.4215,1.4621,0.9594
Japan,2030,0.0600,0.0437,2.4050,1.4613,0.9437
Japan,2030,0.0700,0.0400,2.3886,1.4606,0.9280
Japan,2030,0.0800,0.0363,2.3721,1.4598,0.9123
Japan,2030,0.0900,0.0326,2.3557,1.4591,0.8966
Japan,2030,0.1000,0.0289,2.3392,1.4583,0.8809
Japan,2030,0.1100,0.0252,2.3227,1.4576,0.8652
Japan,2030,0.1200,0.0215,2.3063,1.4568,0.8495
Japan,2030,0.1300,0.0178,2.2898,1.4561,0.8338
Japan,2030,0.1400,0.0141,2.2734,1.4553,0.8180
Japan,2030,0.1500,0.0104,2.2569,1.4546,0.8023
Japan,2030,0.1600,0.0067,2.2405,1.4539,0.7866
Japan,2030,0.1700,0.0030,2.2240,1.4531,0.7709
Japan,2030,0.1800,-0.0007,2.2076,1.4524,0.7552
Japan,2030,0.1900,-0.0044,2.1911,1.4516,0.7395
Japan,2030,0.2000,-0.0081,2.1747,1.4509,0.7238
Japan,2030,0.2100,-0.0118,2.1582,1.4501,0.7081
Japan,2030,0.2200,-0.0155,2.1418,1.4494,0.6924
Japan,2030,0.2300,-0.0192,2.1253,1.4486,0.6767
Japan,2030,0.2400,-0.0229,2.1089,1.4479,0.6610
Japan,2030,0.2500,-0.0266,2.0924,1.4471,0.6453
Japan,2030,0.2600,-0.0304,2.0760,1.4464,0.6296
Japan,2030,0.2700,-0.0341,2.0595,1.4456,0.6139
Japan,2030,0.2800,-0.0378,2.0431,1.4449,0.5982
Japan,2040,0.0000,0.2566,2.9418,2.1885,0.7533
Japan,2040,0.0100,0.2516,2.9221,2.1865,0.7356
Japan,2040,0.0200,0.2467,2.9025,2.1846,0.7179
Japan,2040,0.0300,0.2417,2.8828,2.1827,0.7001
Japan,2040,0.0400,0.2368,2.8632,2.1808,0.6824
Japan,2040,0.0500,0.2319,2.8435,2.1788,0.6647
Japan,2040,0.0600,0.2269,2.8239,2.1769,0.6470
Japan,2040,0.0700,0.2220,2.8042,2.1750,0.6293
Japan,2040,0.0800,0.2171,2.7846,2.1731,0.6115
Japan,2040,0.0900,0.2121,2.7650,2.1711,0.5938
Japan,2040,0.1000,0.2072,2.7453,2.1692,0.5761
Japan,2040,0.1100,0.2022,2.7257,2.1673,0.5584
Japan,2040,0.1200,0.1973,2.7060,2.1654,0.5407
Japan,2040,0.1300,0.1924,2.6864,2.1634,0.5230
Japan,2040,0.1400,0.1874,2.6667,2.1615,0.5052
Japan,2040,0.1500,0.1825,2.6471,2.1596,0.4875
Japan,2040,0.1600,0.1776,2.6275,2.1576,0.4698
Japan,2040,0.1700,0.1726,2.6078,2.1557,0.4521
Japan,2040,0.1800,0.1677,2.5882,2.1538,0.4344
Japan,2040,0.1900,0.1627,2.5685,2.1519,0.4167
Japan,2040,0.2000,0.1578,2.5489,2.1499,0.3989
Japan,2040,0.2100,0.1529,2.5292,2.1480,0.3812
Japan,2040,0.2200,0.1479,2.5096,2.1461,0.3635
Japan,2040,0.2300,0.1430,2.4899,2.1442,0.3458
Japan,2040,0.2400,0.1381,2.4703,2.1422,0.3281
Japan,2040,0.2500,0.1331,2.4507,2.1403,0.3104
Japan,2040,0.2600,0.1282,2.4310,2.1384,0.2926
Japan,2040,0.2700,0.1232,2.4114,2.1364,0.2749
Japan,2040,0.2800,0.1183,2.3917,2.1345,0.2572
Japan,2050,0.0000,0.4693,3.1948,2.9766,0.2182
Japan,2050,0.0100,0.4630,3.1736,2.9730,0.2006
Japan,2050,0.0200,0.4567,3.1523,2.9694,0.1829
Japan,2050,0.0300,0.4504,3.1311,2.9658,0.1653
Japan,2050,0.0400,0.4441,3.1098,2.9622,0.1476
Japan,2050,0.0500,0.4377,3.0886,2.9586,0.1300
Japan,2050,0.0600,0.4314,3.0673,2.9550,0.1123
Japan,2050,0.0700,0.4251,3.0461,2.9514,0.0947
Japan,2050,0.0800,0.4188,3.0249,2.9478,0.0770
Japan,2050,0.0900,0.4125,3.0036,2.9443,0.0594
Japan,2050,0.1000,0.4061,2.9824,2.9407,0.0417
Japan,2050,0.1100,0.3998,2.9611,2.9371,0.0241
Japan,2050,0.1200,0.3935,2.9399,2.9335,0.0064
Japan,2050,0.1300,,,2.9299,
Japan,2050,0.1400,,,2.9263,
Japan,2050,0.1500,,,2.9227,
Japan,2050,0.1600,,,2.9191,
Japan,2050,0.1700,,,2.9155,
Japan,2050,0.1800,,,2.9119,
Japan,2050,0.1900,,,2.9083,
Japan,2050,0.2000,,,2.9047,
Japan,2050,0.2100,,,2.9011,
Japan,2050,0.2200,,,2.8975,
Japan,2050,0.2300,,,2.8939,
Japan,2050,0.2400,,,2.8904,
Japan,2050,0.2500,,,2.8868,
Japan,2050,0.2600,,,2.8832,
Japan,2050,0.2700,,,2.8796,
Japan,2050,0.2800,,,2.8760,
Korea,2026,0.0000,-0.1396,2.1355,0.5144,1.6211
Korea,2026,0.0100,-0.1420,2.1214,0.5143,1.6071
Korea,2026,0.0200,-0.1443,2.1073,0.5142,1.5931
Korea,2026,0.0300,-0.1467,2.0932,0.5141,1.5791
Korea,2026,0.0400,-0.1490,2.0792,0.5140,1.5652
Korea,2026,0.0500,-0.1514,2.0651,0.5139,1.5512
Korea,2026,0.0600,-0.1538,2.0510,0.5138,1.5372
Korea,2026,0.0700,-0.1561,2.0369,0.5137,1.5232
Korea,2026,0.0800,-0.1585,2.0228,0.5136,1.5092
Korea,2026,0.0900,-0.1608,2.0087,0.5135,1.4952
Korea,2026,0.1000,-0.1632,1.9946,0.5134,1.4812
Korea,2026,0.1100,-0.1655,1.9805,0.5133,1.4672
Korea,2026,0.1200,-0.1679,1.9665,0.5133,1.4532
Korea,2026,0.1300,-0.1703,1.9524,0.5132,1.4392
Korea,2026,0.1400,-0.1726,1.9383,0.5131,1.4252
Korea,2026,0.1500,-0.1750,1.9242,0.5130,1.4112
Korea,2026,0.1600,-0.1773,1.9101,0.5129,1.3972
Korea,2026,0.1700,-0.1797,1.8960,0.5128,1.3832
Korea,2026,0.1800,-0.1820,1.8819,0.5127,1.3692
Korea,2026,0.1900,-0.1844,1.8678,0.5126,1.3552
Korea,2026,0.2000,-0.1868,1.8538,0.5125,1.3413
Korea,2026,0.2100,-0.1891,1.8397,0.5124,1.3273
Korea,2026,0.2200,-0.1915,1.8256,0.5123,1.3133
Korea,2026,0.2300,-0.1938,1.8115,0.5122,1.2993
Korea,2026,0.2400,-0.1962,1.7974,0.5121,1.2853
Korea,2026,0.2500,-0.1986,1.7833,0.5120,1.2713
Korea,2026,0.2600,-0.2009,1.7692,0.5119,1.2573
Korea,2026,0.2700,-0.2033,1.7551,0.5118,1.2433
Korea,2026,0.2800,-0.2056,1.7411,0.5117,1.2293
Korea,2030,0.0000,0.0464,2.3744,1.4386,0.9358
Korea,2030,0.0100,0.0428,2.3588,1.4380,0.9208
Korea,2030,0.0200,0.0392,2.3432,1.4374,0.9058
Korea,2030,0.0300,0.0357,2.3276,1.4368,0.8907
Korea,2030,0.0400,0.0321,2.3120,1.4362,0.8757
Korea,2030,0.0500,0.0285,2.2964,1.4357,0.8607
Korea,2030,0.0600,0.0249,2.2808,1.4351,0.8457
Korea,2030,0.0700,0.0214,2.2652,1.4345,0.8307
Korea,2030,0.0800,0.0178,2.2496,1.4339,0.8156
Korea,2030,0.0900,0.0142,2.2340,1.4333,0.8006
Korea,2030,0.1000,0.0107,2.2184,1.4328,0.7856
Korea,2030,0.1100,0.0071,2.2028,1.4322,0.7706
Korea,2030,0.1200,0.0035,2.1872,1.4316,0.7555
Korea,2030,0.1300,-0.0001,2.1716,1.4310,0.7405
Korea,2030,0.1400,-0.0036,2.1560,1.4305,0.7255
Korea,2030,0.1500,-0.0072,2.1404,1.4299,0.7105
Korea,2030,0.1600,-0.0108,2.1248,1.4293,0.6955
Korea,2030,0.1700,-0.0144,2.1092,1.4287,0.6804
Korea,2030,0.1800,-0.0179,2.0936,1.4281,0.6654
Korea,2030,0.1900,-0.0215,2.0780,1.4276,0.6504
Korea,2030,0.2000,-0.0251,2.0624,1.4270,0.6354
Korea,2030,0.2100,-0.0287,2.0468,1.4264,0.6204
Korea,2030,0.2200,-0.0322,2.0312,1.4258,0.6053
Korea,2030,0.2300,-0.0358,2.0156,1.4252,0.5903
Korea,2030,0.2400,-0.0394,2.0000,1.4247,0.5753
Korea,2030,0.2500,-0.0429,1.9844,1.4241,0.5603
Korea,2030,0.2600,-0.0465,1.9688,1.4235,0.5452
Korea,2030,0.2700,-0.0501,1.9532,1.4229,0.5302
Korea,2030,0.2800,-0.0537,1.9376,1.4224,0.5152
Korea,2040,0.0000,0.2433,2.8688,2.1603,0.7085
Korea,2040,0.0100,0.2384,2.8496,2.1586,0.6911
Korea,2040,0.0200,0.2336,2.8305,2.1568,0.6737
Korea,2040,0.0300,0.2287,2.8113,2.1550,0.6563
Korea,2040,0.0400,0.2239,2.7921,2.1533,0.6389
Korea,2040,0.0500,0.2190,2.7730,2.1515,0.6215
Korea,2040,0.0600,0.2142,2.7538,2.1497,0.6041
Korea,2040,0.0700,0.2093,2.7346,2.1480,0.5867
Korea,2040,0.0800,0.2045,2.7155,2.1462,0.5693
Korea,2040,0.0900,0.1996,2.6963,2.1444,0.5519
Korea,2040,0.1000,0.1948,2.6771,2.1427,0.5345
Korea,2040,0.1100,0.1899,2.6580,2.1409,0.5171
Korea,2040,0.1200,0.1851,2.6388,2.1391,0.4997
Korea,2040,0.1300,0.1802,2.6197,2.1374,0.4823
Korea,2040,0.1400,0.1754,2.6005,2.1356,0.4649
Korea,2040,0.1500,0.1705,2.5813,2.1338,0.4475
Korea,2040,0.1600,0.1657,2.5622,2.1321,0.4301
Korea,2040,0.1700,0.1608,2.5430,2.1303,0.4127
Korea,2040,0.1800,0.1560,2.5238,2.1285,0.3953
Korea,2040,0.1900,0.1511,2.5047,2.1268,0.3779
Korea,2040,0.2000,0.1463,2.4855,2.1250,0.3605
Korea,2040,0.2100,0.1414,2.4663,2.1232,0.3431
Korea,2040,0.2200,0.1366,2.4472,2.1215,0.3257
Korea,2040,0.2300,0.1317,2.4280,2.1197,0.3083
Korea,2040,0.2400,0.1269,2.4088,2.1179,0.2909
Korea,2040,0.2500,0.1220,2.3897,2.1162,0.2735
Korea,2040,0.2600,0.1172,2.3705,2.1144,0.2561
Korea,2040,0.2700,0.1123,2.3513,2.1126,0.2387
Korea,2040,0.2800,0.1074,2.3322,2.1109,0.2213
Korea,2050,0.0000,0.4601,3.1527,2.9534,0.1993
Korea,2050,0.0100,0.4539,3.1317,2.9499,0.1818
Korea,2050,0.0200,0.4476,3.1107,2.9464,0.1643
Korea,2050,0.0300,0.4413,3.0897,2.9429,0.1468
Korea,2050,0.0400,0.4351,3.0688,2.9394,0.1293
Korea,2050,0.0500,0.4288,3.0478,2.9359,0.1118
Korea,2050,0.0600,0.4225,3.0268,2.9325,0.0944
Korea,2050,0.0700,0.4163,3.0058,2.9290,0.0769
Korea,2050,0.0800,0.4100,2.9849,2.9255,0.0594
Korea,2050,0.0900,0.4037,2.9639,2.9220,0.0419
Korea,2050,0.1000,0.3975,2.9429,2.9185,0.0244
Korea,2050,0.1100,0.3912,2.9219,2.9150,0.0069
Korea,2050,0.1200,,,2.9116,
Korea,2050,0.1300,,,2.9081,
Korea,2050,0.1400,,,2.9046,
Korea,2050,0.1500,,,2.9011,
Korea,2050,0.1600,,,2.8976,
Korea,2050,0.1700,,,2.8941,
Korea,2050,0.1800,,,2.8906,
Korea,2050,0.1900,,,2.8872,
Korea,2050,0.2000,,,2.8837,
Korea,2050,0.2100,,,2.8802,
Korea,2050,0.2200,,,2.8767,
Korea,2050,0.2300,,,2.8732,
Korea,2050,0.2400,,,2.8697,
Korea,2050,0.2500,,,2.8663,
Korea,2050,0.2600,,,2.8628,
Korea,2050,0.2700,,,2.8593,
Korea,2050,0.2800,,,2.8558,
India,2026,0.0000,,,0.4456,
India,2026,0.0100,,,0.4460,
India,2026,0.0200,,,0.4463,
India,2026,0.0300,,,0.4467,
India,2026,0.0400,,,0.4471,
India,2026,0.0500,,,0.4474,
India,2026,0.0600,,,0.4478,
India,2026,0.0700,,,0.4482,
India,2026,0.0800,,,0.4485,
India,2026,0.0900,,,0.4489,
India,2026,0.1000,,,0.4493,
India,2026,0.1100,,,0.4496,
India,2026,0.1200,,,0.4500,
India,2026,0.1300,,,0.4503,
India,2026,0.1400,,,0.4507,
India,2026,0.1500,,,0.4511,
India,2026,0.1600,,,0.4514,
India,2026,0.1700,,,0.4518,
India,2026,0.1800,,,0.4522,
India,2026,0.1900,,,0.4525,
India,2026,0.2000,,,0.4529,
India,2026,0.2100,,,0.4533,
India,2026,0.2200,,,0.4536,
India,2026,0.2300,,,0.4540,
India,2026,0.2400,,,0.4543,
India,2026,0.2500,,,0.4547,
India,2026,0.2600,,,0.4551,
India,2026,0.2700,,,0.4554,
India,2026,0.2800,,,0.4558,
India,2030,0.0000,-0.0042,1.9344,1.2553,0.6792
India,2030,0.0100,-0.0074,1.9216,1.2559,0.6657
India,2030,0.0200,-0.0106,1.9087,1.2565,0.6522
India,2030,0.0300,-0.0138,1.8959,1.2572,0.6387
India,2030,0.0400,-0.0170,1.8830,1.2578,0.6252
India,2030,0.0500,-0.0202,1.8702,1.2584,0.6118
India,2030,0.0600,-0.0235,1.8573,1.2591,0.5983
India,2030,0.0700,-0.0267,1.8445,1.2597,0.5848
India,2030,0.0800,-0.0299,1.8316,1.2603,0.5713
India,2030,0.0900,-0.0331,1.8188,1.2610,0.5578
India,2030,0.1000,-0.0363,1.8059,1.2616,0.5443
India,2030,0.1100,-0.0395,1.7931,1.2622,0.5309
India,2030,0.1200,-0.0427,1.7802,1.2629,0.5174
India,2030,0.1300,-0.0459,1.7674,1.2635,0.5039
India,2030,0.1400,-0.0492,1.7545,1.2641,0.4904
India,2030,0.1500,-0.0524,1.7417,1.2648,0.4769
India,2030,0.1600,-0.0556,1.7288,1.2654,0.4634
India,2030,0.1700,-0.0588,1.7160,1.2660,0.4499
India,2030,0.1800,-0.0620,1.7031,1.2667,0.4365
India,2030,0.1900,-0.0652,1.6903,1.2673,0.4230
India,2030,0.2000,-0.0684,1.6774,1.2679,0.4095
India,2030,0.2100,-0.0716,1.6646,1.2686,0.3960
India,2030,0.2200,-0.0748,1.6517,1.2692,0.3825
India,2030,0.2300,-0.0781,1.6389,1.2698,0.3690
India,2030,0.2400,-0.0813,1.6260,1.2705,0.3556
India,2030,0.2500,-0.0845,1.6132,1.2711,0.3421
India,2030,0.2600,-0.0877,1.6003,1.2717,0.3286
India,2030,0.2700,-0.0909,1.5875,1.2724,0.3151
India,2030,0.2800,-0.0941,1.5746,1.2730,0.3016
India,2040,0.0000,0.1963,2.5577,1.9979,0.5598
India,2040,0.0100,0.1918,2.5406,1.9972,0.5434
India,2040,0.0200,0.1873,2.5236,1.9964,0.5271
India,2040,0.0300,0.1827,2.5065,1.9957,0.5108
India,2040,0.0400,0.1782,2.4894,1.9950,0.4944
India,2040,0.0500,0.1737,2.4724,1.9943,0.4781
India,2040,0.0600,0.1692,2.4553,1.9936,0.4618
India,2040,0.0700,0.1647,2.4383,1.9928,0.4454
India,2040,0.0800,0.1601,2.4212,1.9921,0.4291
India,2040,0.0900,0.1556,2.4042,1.9914,0.4128
India,2040,0.1000,0.1511,2.3871,1.9907,0.3964
India,2040,0.1100,0.1466,2.3700,1.9899,0.3801
India,2040,0.1200,0.1420,2.3530,1.9892,0.3638
India,2040,0.1300,0.1375,2.3359,1.9885,0.3474
India,2040,0.1400,0.1330,2.3189,1.9878,0.3311
India,2040,0.1500,0.1285,2.3018,1.9871,0.3148
India,2040,0.1600,0.1239,2.2848,1.9863,0.2984
India,2040,0.1700,0.1194,2.2677,1.9856,0.2821
India,2040,0.1800,0.1149,2.2507,1.9849,0.2658
India,2040,0.1900,0.1104,2.2336,1.9842,0.2494
India,2040,0.2000,0.1059,2.2165,1.9835,0.2331
India,2040,0.2100,0.1013,2.1995,1.9827,0.2168
India,2040,0.2200,0.0968,2.1824,1.9820,0.2004
India,2040,0.2300,0.0923,2.1654,1.9813,0.1841
India,2040,0.2400,0.0878,2.1483,1.9806,0.1678
India,2040,0.2500,0.0832,2.1313,1.9798,0.1514
India,2040,0.2600,0.0787,2.1142,1.9791,0.1351
India,2040,0.2700,0.0742,2.0972,1.9784,0.1188
India,2040,0.2800,0.0697,2.0801,1.9777,0.1024
India,2050,0.0000,0.4331,3.0182,2.8661,0.1521
India,2050,0.0100,0.4270,2.9981,2.8631,0.1350
India,2050,0.0200,0.4210,2.9780,2.8601,0.1179
India,2050,0.0300,0.4149,2.9579,2.8571,0.1008
India,2050,0.0400,0.4088,2.9379,2.8541,0.0837
India,2050,0.0500,0.4027,2.9178,2.8512,0.0667
India,2050,0.0600,0.3966,2.8977,2.8482,0.0496
India,2050,0.0700,0.3906,2.8777,2.8452,0.0325
India,2050,0.0800,0.3845,2.8576,2.8422,0.0154
India,2050,0.0900,,,2.8392,
India,2050,0.1000,,,2.8362,
India,2050,0.1100,,,2.8333,
India,2050,0.1200,,,2.8303,
India,2050,0.1300,,,2.8273,
India,2050,0.1400,,,2.8243,
India,2050,0.1500,,,2.8213,
India,2050,0.1600,,,2.8183,
India,2050,0.1700,,,2.8154,
India,2050,0.1800,,,2.8124,
India,2050,0.1900,,,2.8094,
India,2050,0.2000,,,2.8064,
India,2050,0.2100,,,2.8034,
India,2050,0.2200,,,2.8004,
India,2050,0.2300,,,2.7975,
India,2050,0.2400,,,2.7945,
India,2050,0.2500,,,2.7915,
India,2050,0.2600,,,2.7885,
India,2050,0.2700,,,2.7855,
India,2050,0.2800,,,2.7826,
Indonesia,2026,0.0000,,,0.3710,
Indonesia,2026,0.0100,,,0.3718,
Indonesia,2026,0.0200,,,0.3726,
Indonesia,2026,0.0300,,,0.3735,
Indonesia,2026,0.0400,,,0.3743,
Indonesia,2026,0.0500,,,0.3752,
Indonesia,2026,0.0600,,,0.3760,
Indonesia,2026,0.0700,,,0.3768,
Indonesia,2026,0.0800,,,0.3777,
Indonesia,2026,0.0900,,,0.3785,
Indonesia,2026,0.1000,,,0.3794,
Indonesia,2026,0.1100,,,0.3802,
Indonesia,2026,0.1200,,,0.3811,
Indonesia,2026,0.1300,,,0.3819,
Indonesia,2026,0.1400,,,0.3827,
Indonesia,2026,0.1500,,,0.3836,
Indonesia,2026,0.1600,,,0.3844,
Indonesia,2026,0.1700,,,0.3853,
Indonesia,2026,0.1800,,,0.3861,
Indonesia,2026,0.1900,,,0.3869,
Indonesia,2026,0.2000,,,0.3878,
Indonesia,2026,0.2100,,,0.3886,
Indonesia,2026,0.2200,,,0.3895,
Indonesia,2026,0.2300,,,0.3903,
Indonesia,2026,0.2400,,,0.3912,
Indonesia,2026,0.2500,,,0.3920,
Indonesia,2026,0.2600,,,0.3928,
Indonesia,2026,0.2700,,,0.3937,
Indonesia,2026,0.2800,,,0.3945,
Indonesia,2030,0.0000,-0.0479,1.5700,1.1208,0.4492
Indonesia,2030,0.0100,-0.0509,1.5590,1.1223,0.4367
Indonesia,2030,0.0200,-0.0539,1.5479,1.1238,0.4241
Indonesia,2030,0.0300,-0.0569,1.5369,1.1253,0.4116
Indonesia,2030,0.0400,-0.0599,1.5258,1.1268,0.3991
Indonesia,2030,0.0500,-0.0628,1.5148,1.1283,0.3865
Indonesia,2030,0.0600,-0.0658,1.5037,1.1298,0.3740
Indonesia,2030,0.0700,-0.0688,1.4927,1.1313,0.3614
Indonesia,2030,0.0800,-0.0718,1.4816,1.1327,0.3489
Indonesia,2030,0.0900,-0.0748,1.4706,1.1342,0.3363
Indonesia,2030,0.1000,-0.0778,1.4595,1.1357,0.3238
Indonesia,2030,0.1100,-0.0808,1.4485,1.1372,0.3112
Indonesia,2030,0.1200,-0.0838,1.4374,1.1387,0.2987
Indonesia,2030,0.1300,-0.0867,1.4264,1.1402,0.2861
Indonesia,2030,0.1400,-0.0897,1.4153,1.1417,0.2736
Indonesia,2030,0.1500,-0.0927,1.4043,1.1432,0.2611
Indonesia,2030,0.1600,-0.0957,1.3932,1.1447,0.2485
Indonesia,2030,0.1700,-0.0987,1.3822,1.1462,0.2360
Indonesia,2030,0.1800,-0.1017,1.3711,1.1477,0.2234
Indonesia,2030,0.1900,-0.1047,1.3601,1.1492,0.2109
Indonesia,2030,0.2000,-0.1077,1.3490,1.1507,0.1983
Indonesia,2030,0.2100,-0.1107,1.3380,1.1522,0.1858
Indonesia,2030,0.2200,-0.1136,1.3269,1.1537,0.1732
Indonesia,2030,0.2300,-0.1166,1.3159,1.1552,0.1607
Indonesia,2030,0.2400,-0.1196,1.3048,1.1567,0.1482
Indonesia,2030,0.2500,-0.1226,1.2938,1.1582,0.1356
Indonesia,2030,0.2600,-0.1256,1.2827,1.1597,0.1231
Indonesia,2030,0.2700,-0.1286,1.2717,1.1612,0.1105
Indonesia,2030,0.2800,-0.1316,1.2606,1.1627,0.0980
Indonesia,2040,0.0000,0.1709,2.4135,1.9164,0.4971
Indonesia,2040,0.0100,0.1665,2.3972,1.9162,0.4809
Indonesia,2040,0.0200,0.1620,2.3808,1.9161,0.4648
Indonesia,2040,0.0300,0.1576,2.3645,1.9159,0.4486
Indonesia,2040,0.0400,0.1532,2.3481,1.9157,0.4324
Indonesia,2040,0.0500,0.1488,2.3318,1.9155,0.4162
Indonesia,2040,0.0600,0.1444,2.3154,1.9154,0.4001
Indonesia,2040,0.0700,0.1400,2.2991,1.9152,0.3839
Indonesia,2040,0.0800,0.1356,2.2827,1.9150,0.3677
Indonesia,2040,0.0900,0.1312,2.2664,1.9149,0.3515
Indonesia,2040,0.1000,0.1268,2.2500,1.9147,0.3354
Indonesia,2040,0.1100,0.1223,2.2337,1.9145,0.3192
Indonesia,2040,0.1200,0.1179,2.2173,1.9143,0.3030
Indonesia,2040,0.1300,0.1135,2.2010,1.9142,0.2868
Indonesia,2040,0.1400,0.1091,2.1846,1.9140,0.2706
Indonesia,2040,0.1500,0.1047,2.1683,1.9138,0.2545
Indonesia,2040,0.1600,0.1003,2.1519,1.9136,0.2383
Indonesia,2040,0.1700,0.0959,2.1356,1.9135,0.2221
Indonesia,2040,0.1800,0.0915,2.1192,1.9133,0.2059
Indonesia,2040,0.1900,0.0871,2.1029,1.9131,0.1898
Indonesia,2040,0.2000,0.0827,2.0865,1.9130,0.1736
Indonesia,2040,0.2100,0.0782,2.0702,1.9128,0.1574
Indonesia,2040,0.2200,0.0738,2.0539,1.9126,0.1412
Indonesia,2040,0.2300,0.0694,2.0375,1.9124,0.1251
Indonesia,2040,0.2400,0.0650,2.0212,1.9123,0.1089
Indonesia,2040,0.2500,0.0606,2.0048,1.9121,0.0927
Indonesia,2040,0.2600,0.0562,1.9885,1.9119,0.0765
Indonesia,2040,0.2700,0.0518,1.9721,1.9118,0.0604
Indonesia,2040,0.2800,0.0474,1.9558,1.9116,0.0442
Indonesia,2050,0.0000,0.4535,3.1264,2.9163,0.2100
Indonesia,2050,0.0100,0.4472,3.1055,2.9131,0.1924
Indonesia,2050,0.0200,0.4410,3.0846,2.9099,0.1748
Indonesia,2050,0.0300,0.4348,3.0637,2.9066,0.1571
Indonesia,2050,0.0400,0.4285,3.0429,2.9034,0.1395
Indonesia,2050,0.0500,0.4223,3.0220,2.9001,0.1218
Indonesia,2050,0.0600,0.4160,3.0011,2.8969,0.1042
Indonesia,2050,0.0700,0.4098,2.9802,2.8937,0.0865
Indonesia,2050,0.0800,0.4035,2.9593,2.8904,0.0689
Indonesia,2050,0.0900,0.3973,2.9384,2.8872,0.0512
Indonesia,2050,0.1000,0.3911,2.9176,2.8840,0.0336
Indonesia,2050,0.1100,0.3848,2.8967,2.8807,0.0160
Indonesia,2050,0.1200,,,2.8775,
Indonesia,2050,0.1300,,,2.8742,
Indonesia,2050,0.1400,,,2.8710,
Indonesia,2050,0.1500,,,2.8678,
Indonesia,2050,0.1600,,,2.8645,
Indonesia,2050,0.1700,,,2.8613,
Indonesia,2050,0.1800,,,2.8580,
Indonesia,2050,0.1900,,,2.8548,
Indonesia,2050,0.2000,,,2.8516,
Indonesia,2050,0.2100,,,2.8483,
Indonesia,2050,0.2200,,,2.8451,
Indonesia,2050,0.2300,,,2.8419,
Indonesia,2050,0.2400,,,2.8386,
Indonesia,2050,0.2500,,,2.8354,
Indonesia,2050,0.2600,,,2.8321,
Indonesia,2050,0.2700,,,2.8289,
Indonesia,2050,0.2800,,,2.8257,
Canada,2026,0.0000,0.0023,2.8794,0.5866,2.2928
Canada,2026,0.0100,-0.0009,2.8604,0.5860,2.2744
Canada,2026,0.0200,-0.0042,2.8415,0.5854,2.2561
Canada,2026,0.0300,-0.0075,2.8226,0.5849,2.2377
Canada,2026,0.0400,-0.0107,2.8037,0.5843,2.2193
Canada,2026,0.0500,-0.0140,2.7847,0.5838,2.2010
Canada,2026,0.0600,-0.0173,2.7658,0.5832,2.1826
Canada,2026,0.0700,-0.0205,2.7469,0.5826,2.1642
Canada,2026,0.0800,-0.0238,2.7279,0.5821,2.1459
Canada,2026,0.0900,-0.0271,2.7090,0.5815,2.1275
Canada,2026,0.1000,-0.0304,2.6901,0.5810,2.1091
Canada,2026,0.1100,-0.0336,2.6712,0.5804,2.0908
Canada,2026,0.1200,-0.0369,2.6522,0.5798,2.0724
Canada,2026,0.1300,-0.0402,2.6333,0.5793,2.0540
Canada,2026,0.1400,-0.0434,2.6144,0.5787,2.0357
Canada,2026,0.1500,-0.0467,2.5955,0.5782,2.0173
Canada,2026,0.1600,-0.0500,2.5765,0.5776,1.9990
Canada,2026,0.1700,-0.0532,2.5576,0.5770,1.9806
Canada,2026,0.1800,-0.0565,2.5387,0.5765,1.9622
Canada,2026,0.1900,-0.0598,2.5198,0.5759,1.9439
Canada,2026,0.2000,-0.0630,2.5008,0.5753,1.9255
Canada,2026,0.2100,-0.0663,2.4819,0.5748,1.9071
Canada,2026,0.2200,-0.0696,2.4630,0.5742,1.8888
Canada,2026,0.2300,-0.0729,2.4441,0.5737,1.8704
Canada,2026,0.2400,-0.0761,2.4251,0.5731,1.8520
Canada,2026,0.2500,-0.0794,2.4062,0.5725,1.8337
Canada,2026,0.2600,-0.0827,2.3873,0.5720,1.8153
Canada,2026,0.2700,-0.0859,2.3684,0.5714,1.7969
Canada,2026,0.2800,-0.0892,2.3494,0.5709,1.7786
Canada,2030,0.0000,0.1305,3.0024,1.6227,1.3797
Canada,2030,0.0100,0.1264,2.9827,1.6209,1.3618
Canada,2030,0.0200,0.1223,2.9630,1.6192,1.3438
Canada,2030,0.0300,0.1182,2.9433,1.6174,1.3259
Canada,2030,0.0400,0.1141,2.9236,1.6156,1.3079
Canada,2030,0.0500,0.1100,2.9039,1.6139,1.2900
Canada,2030,0.0600,0.1059,2.8842,1.6121,1.2721
Canada,2030,0.0700,0.1018,2.8645,1.6103,1.2541
Canada,2030,0.0800,0.0977,2.8447,1.6086,1.2362
Canada,2030,0.0900,0.0936,2.8250,1.6068,1.2182
Canada,2030,0.1000,0.0895,2.8053,1.6050,1.2003
Canada,2030,0.1100,0.0854,2.7856,1.6033,1.1824
Canada,2030,0.1200,0.0813,2.7659,1.6015,1.1644
Canada,2030,0.1300,0.0772,2.7462,1.5998,1.1465
Canada,2030,0.1400,0.0731,2.7265,1.5980,1.1285
Canada,2030,0.1500,0.0690,2.7068,1.5962,1.1106
Canada,2030,0.1600,0.0649,2.6871,1.5945,1.0927
Canada,2030,0.1700,0.0608,2.6674,1.5927,1.0747
Canada,2030,0.1800,0.0567,2.6477,1.5909,1.0568
Canada,2030,0.1900,0.0526,2.6280,1.5892,1.0388
Canada,2030,0.2000,0.0485,2.6083,1.5874,1.0209
Canada,2030,0.2100,0.0444,2.5886,1.5856,1.0030
Canada,2030,0.2200,0.0403,2.5689,1.5839,0.9850
Canada,2030,0.2300,0.0362,2.5492,1.5821,0.9671
Canada,2030,0.2400,0.0321,2.5295,1.5803,0.9491
Canada,2030,0.2500,0.0280,2.5098,1.5786,0.9312
Canada,2030,0.2600,0.0239,2.4901,1.5768,0.9133
Canada,2030,0.2700,0.0198,2.4704,1.5750,0.8953
Canada,2030,0.2800,0.0157,2.4507,1.5733,0.8774
Canada,2040,0.0000,0.3055,3.1021,2.3266,0.7755
Canada,2040,0.0100,0.3002,3.0818,2.3238,0.7580
Canada,2040,0.0200,0.2950,3.0614,2.3210,0.7405
Canada,2040,0.0300,0.2898,3.0411,2.3181,0.7230
Canada,2040,0.0400,0.2845,3.0208,2.3153,0.7054
Canada,2040,0.0500,0.2793,3.0004,2.3125,0.6879
Canada,2040,0.0600,0.2740,2.9801,2.3097,0.6704
Canada,2040,0.0700,0.2688,2.9597,2.3068,0.6529
Canada,2040,0.0800,0.2636,2.9394,2.3040,0.6354
Canada,2040,0.0900,0.2583,2.9191,2.3012,0.6179
Canada,2040,0.1000,0.2531,2.8987,2.2984,0.6003
Canada,2040,0.1100,0.2478,2.8784,2.2955,0.5828
Canada,2040,0.1200,0.2426,2.8580,2.2927,0.5653
Canada,2040,0.1300,0.2374,2.8377,2.2899,0.5478
Canada,2040,0.1400,0.2321,2.8173,2.2871,0.5303
Canada,2040,0.1500,0.2269,2.7970,2.2842,0.5128
Canada,2040,0.1600,0.2216,2.7767,2.2814,0.4952
Canada,2040,0.1700,0.2164,2.7563,2.2786,0.4777
Canada,2040,0.1800,0.2112,2.7360,2.2758,0.4602
Canada,2040,0.1900,0.2059,2.7156,2.2729,0.4427
Canada,2040,0.2000,0.2007,2.6953,2.2701,0.4252
Canada,2040,0.2100,0.1954,2.6750,2.2673,0.4077
Canada,2040,0.2200,0.1902,2.6546,2.2645,0.3901
Canada,2040,0.2300,0.1850,2.6343,2.2616,0.3726
Canada,2040,0.2400,0.1797,2.6139,2.2588,0.3551
Canada,2040,0.2500,0.1745,2.5936,2.2560,0.3376
Canada,2040,0.2600,0.1692,2.5732,2.2532,0.3201
Canada,2040,0.2700,0.1640,2.5529,2.2503,0.3026
Canada,2040,0.2800,0.1588,2.5326,2.2475,0.2850
Canada,2050,0.0000,0.4845,3.2578,3.0315,0.2263
Canada,2050,0.0100,0.4781,3.2362,3.0276,0.2086
Canada,2050,0.0200,0.4717,3.2145,3.0236,0.1909
Canada,2050,0.0300,0.4653,3.1929,3.0197,0.1732
Canada,2050,0.0400,0.4589,3.1712,3.0157,0.1555
Canada,2050,0.0500,0.4525,3.1496,3.0118,0.1378
Canada,2050,0.0600,0.4461,3.1279,3.0078,0.1201
Canada,2050,0.0700,0.4397,3.1063,3.0038,0.1024
Canada,2050,0.0800,0.4332,3.0846,2.9999,0.0848
Canada,2050,0.0900,0.4268,3.0630,2.9959,0.0671
Canada,2050,0.1000,0.4204,3.0413,2.9920,0.0494
Canada,2050,0.1100,0.4140,3.0197,2.9880,0.0317
Canada,2050,0.1200,0.4076,2.9981,2.9841,0.0140
Canada,2050,0.1300,,,2.9801,
Canada,2050,0.1400,,,2.9761,
Canada,2050,0.1500,,,2.9722,
Canada,2050,0.1600,,,2.9682,
Canada,2050,0.1700,,,2.9643,
Canada,2050,0.1800,,,2.9603,
Canada,2050,0.1900,,,2.9564,
Canada,2050,0.2000,,,2.9524,
Canada,2050,0.2100,,,2.9484,
Canada,2050,0.2200,,,2.9445,
Canada,2050,0.2300,,,2.9405,
Canada,2050,0.2400,,,2.9366,
Canada,2050,0.2500,,,2.9326,
Canada,2050,0.2600,,,2.9287,
Canada,2050,0.2700,,,2.9247,
Canada,2050,0.2800,,,2.9207,
Brazil,2026,0.0000,-0.1626,2.1962,0.6023,1.5939
Brazil,2026,0.0100,-0.1648,2.1845,0.6017,1.5829
Brazil,2026,0.0200,-0.1671,2.1729,0.6010,1.5719
Brazil,2026,0.0300,-0.1693,2.1612,0.6003,1.5609
Brazil,2026,0.0400,-0.1715,2.1495,0.5997,1.5499
Brazil,2026,0.0500,-0.1737,2.1378,0.5990,1.5388
Brazil,2026,0.0600,-0.1760,2.1262,0.5983,1.5278
Brazil,2026,0.0700,-0.1782,2.1145,0.5977,1.5168
Brazil,2026,0.0800,-0.1804,2.1028,0.5970,1.5058
Brazil,2026,0.0900,-0.1826,2.0911,0.5963,1.4948
Brazil,2026,0.1000,-0.1849,2.0795,0.5957,1.4838
Brazil,2026,0.1100,-0.1871,2.0678,0.5950,1.4728
Brazil,2026,0.1200,-0.1893,2.0561,0.5943,1.4618
Brazil,2026,0.1300,-0.1916,2.0444,0.5937,1.4508
Brazil,2026,0.1400,-0.1938,2.0328,0.5930,1.4398
Brazil,2026,0.1500,-0.1960,2.0211,0.5923,1.4288
Brazil,2026,0.1600,-0.1982,2.0094,0.5917,1.4178
Brazil,2026,0.1700,-0.2005,1.9978,0.5910,1.4068
Brazil,2026,0.1800,-0.2027,1.9861,0.5903,1.3958
Brazil,2026,0.1900,-0.2049,1.9744,0.5897,1.3847
Brazil,2026,0.2000,-0.2072,1.9627,0.5890,1.3737
Brazil,2026,0.2100,-0.2094,1.9511,0.5883,1.3627
Brazil,2026,0.2200,-0.2116,1.9394,0.5877,1.3517
Brazil,2026,0.2300,-0.2138,1.9277,0.5870,1.3407
Brazil,2026,0.2400,-0.2161,1.9160,0.5863,1.3297
Brazil,2026,0.2500,-0.2183,1.9044,0.5857,1.3187
Brazil,2026,0.2600,-0.2205,1.8927,0.5850,1.3077
Brazil,2026,0.2700,-0.2227,1.8810,0.5843,1.2967
Brazil,2026,0.2800,-0.2250,1.8693,0.5837,1.2857
Brazil,2030,0.0000,0.1462,3.0846,1.6559,1.4287
Brazil,2030,0.0100,0.1420,3.0643,1.6539,1.4105
Brazil,2030,0.0200,0.1378,3.0441,1.6519,1.3922
Brazil,2030,0.0300,0.1336,3.0238,1.6499,1.3739
Brazil,2030,0.0400,0.1294,3.0035,1.6479,1.3557
Brazil,2030,0.0500,0.1252,2.9833,1.6459,1.3374
Brazil,2030,0.0600,0.1210,2.9630,1.6439,1.3191
Brazil,2030,0.0700,0.1168,2.9428,1.6419,1.3009
Brazil,2030,0.0800,0.1126,2.9225,1.6399,1.2826
Brazil,2030,0.0900,0.1084,2.9022,1.6379,1.2643
Brazil,2030,0.1000,0.1042,2.8820,1.6359,1.2461
Brazil,2030,0.1100,0.0999,2.8617,1.6339,1.2278
Brazil,2030,0.1200,0.0957,2.8415,1.6319,1.2095
Brazil,2030,0.1300,0.0915,2.8212,1.6300,1.1912
Brazil,2030,0.1400,0.0873,2.8009,1.6280,1.1730
Brazil,2030,0.1500,0.0831,2.7807,1.6260,1.1547
Brazil,2030,0.1600,0.0789,2.7604,1.6240,1.1364
Brazil,2030,0.1700,0.0747,2.7402,1.6220,1.1182
Brazil,2030,0.1800,0.0705,2.7199,1.6200,1.0999
Brazil,2030,0.1900,0.0663,2.6996,1.6180,1.0816
Brazil,2030,0.2000,0.0621,2.6794,1.6160,1.0634
Brazil,2030,0.2100,0.0579,2.6591,1.6140,1.0451
Brazil,2030,0.2200,0.0537,2.6389,1.6120,1.0268
Brazil,2030,0.2300,0.0495,2.6186,1.6100,1.0086
Brazil,2030,0.2400,0.0453,2.5983,1.6080,0.9903
Brazil,2030,0.2500,0.0411,2.5781,1.6060,0.9720
Brazil,2030,0.2600,0.0369,2.5578,1.6040,0.9538
Brazil,2030,0.2700,0.0327,2.5375,1.6021,0.9355
Brazil,2030,0.2800,0.0285,2.5173,1.6001,0.9172
Brazil,2040,0.0000,0.3152,3.1343,2.3460,0.7883
Brazil,2040,0.0100,0.3099,3.1137,2.3431,0.7707
Brazil,2040,0.0200,0.3045,3.0932,2.3401,0.7531
Brazil,2040,0.0300,0.2992,3.0726,2.3371,0.7354
Brazil,2040,0.0400,0.2939,3.0520,2.3342,0.7178
Brazil,2040,0.0500,0.2886,3.0314,2.3312,0.7002
Brazil,2040,0.0600,0.2833,3.0108,2.3282,0.6826
Brazil,2040,0.0700,0.2780,2.9903,2.3252,0.6650
Brazil,2040,0.0800,0.2727,2.9697,2.3223,0.6474
Brazil,2040,0.0900,0.2674,2.9491,2.3193,0.6298
Brazil,2040,0.1000,0.2621,2.9285,2.3163,0.6122
Brazil,2040,0.1100,0.2568,2.9079,2.3134,0.5946
Brazil,2040,0.1200,0.2514,2.8874,2.3104,0.5770
Brazil,2040,0.1300,0.2461,2.8668,2.3074,0.5593
Brazil,2040,0.1400,0.2408,2.8462,2.3044,0.5417
Brazil,2040,0.1500,0.2355,2.8256,2.3015,0.5241
Brazil,2040,0.1600,0.2302,2.8050,2.2985,0.5065
Brazil,2040,0.1700,0.2249,2.7844,2.2955,0.4889
Brazil,2040,0.1800,0.2196,2.7639,2.2926,0.4713
Brazil,2040,0.1900,0.2143,2.7433,2.2896,0.4537
Brazil,2040,0.2000,0.2090,2.7227,2.2866,0.4361
Brazil,2040,0.2100,0.2037,2.7021,2.2836,0.4185
Brazil,2040,0.2200,0.1983,2.6815,2.2807,0.4009
Brazil,2040,0.2300,0.1930,2.6610,2.2777,0.3833
Brazil,2040,0.2400,0.1877,2.6404,2.2747,0.3656
Brazil,2040,0.2500,0.1824,2.6198,2.2718,0.3480
Brazil,2040,0.2600,0.1771,2.5992,2.2688,0.3304
Brazil,2040,0.2700,0.1718,2.5786,2.2658,0.3128
Brazil,2040,0.2800,0.1665,2.5581,2.2629,0.2952
Brazil,2050,0.0000,0.4893,3.2738,3.0393,0.2344
Brazil,2050,0.0100,0.4829,3.2520,3.0353,0.2167
Brazil,2050,0.0200,0.4764,3.2302,3.0313,0.1989
Brazil,2050,0.0300,0.4699,3.2084,3.0272,0.1811
Brazil,2050,0.0400,0.4635,3.1866,3.0232,0.1634
Brazil,2050,0.0500,0.4570,3.1647,3.0192,0.1456
Brazil,2050,0.0600,0.4506,3.1429,3.0151,0.1278
Brazil,2050,0.0700,0.4441,3.1211,3.0111,0.1100
Brazil,2050,0.0800,0.4377,3.0993,3.0071,0.0923
Brazil,2050,0.0900,0.4312,3.0775,3.0030,0.0745
Brazil,2050,0.1000,0.4248,3.0557,2.9990,0.0567
Brazil,2050,0.1100,0.4183,3.0339,2.9949,0.0390
Brazil,2050,0.1200,0.4119,3.0121,2.9909,0.0212
Brazil,2050,0.1300,0.4054,2.9903,2.9869,0.0034
Brazil,2050,0.1400,,,2.9828,
Brazil,2050,0.1500,,,2.9788,
Brazil,2050,0.1600,,,2.9748,
Brazil,2050,0.1700,,,2.9707,
Brazil,2050,0.1800,,,2.9667,
Brazil,2050,0.1900,,,2.9627,
Brazil,2050,0.2000,,,2.9586,
Brazil,2050,0.2100,,,2.9546,
Brazil,2050,0.2200,,,2.9506,
Brazil,2050,0.2300,,,2.9465,
Brazil,2050,0.2400,,,2.9425,
Brazil,2050,0.2500,,,2.9385,
Brazil,2050,0.2600,,,2.9344,
Brazil,2050,0.2700,,,2.9304,
Brazil,2050,0.2800,,,2.9264,
Australia,2026,0.0000,-0.1872,0.9252,0.4239,0.5013
Australia,2026,0.0100,-0.1893,0.9209,0.4244,0.4965
Australia,2026,0.0200,-0.1914,0.9166,0.4249,0.4917
Australia,2026,0.0300,-0.1934,0.9124,0.4254,0.4870
Australia,2026,0.0400,-0.1955,0.9081,0.4259,0.4822
Australia,2026,0.0500,-0.1976,0.9038,0.4264,0.4774
Australia,2026,0.0600,-0.1996,0.8995,0.4269,0.4726
Australia,2026,0.0700,-0.2017,0.8952,0.4274,0.4679
Australia,2026,0.0800,-0.2037,0.8910,0.4279,0.4631
Australia,2026,0.0900,-0.2058,0.8867,0.4284,0.4583
Australia,2026,0.1000,-0.2079,0.8824,0.4288,0.4535
Australia,2026,0.1100,-0.2099,0.8781,0.4293,0.4488
Australia,2026,0.1200,-0.2120,0.8738,0.4298,0.4440
Australia,2026,0.1300,-0.2141,0.8695,0.4303,0.4392
Australia,2026,0.1400,-0.2161,0.8653,0.4308,0.4345
Australia,2026,0.1500,-0.2182,0.8610,0.4313,0.4297
Australia,2026,0.1600,-0.2203,0.8567,0.4318,0.4249
Australia,2026,0.1700,-0.2223,0.8524,0.4323,0.4201
Australia,2026,0.1800,-0.2244,0.8481,0.4328,0.4154
Australia,2026,0.1900,-0.2265,0.8439,0.4333,0.4106
Australia,2026,0.2000,-0.2285,0.8396,0.4338,0.4058
Australia,2026,0.2100,-0.2306,0.8353,0.4342,0.4010
Australia,2026,0.2200,-0.2327,0.8310,0.4347,0.3963
Australia,2026,0.2300,-0.2347,0.8267,0.4352,0.3915
Australia,2026,0.2400,-0.2368,0.8224,0.4357,0.3867
Australia,2026,0.2500,-0.2389,0.8182,0.4362,0.3819
Australia,2026,0.2600,-0.2409,0.8139,0.4367,0.3772
Australia,2026,0.2700,-0.2430,0.8096,0.4372,0.3724
Australia,2026,0.2800,-0.2451,0.8053,0.4377,0.3676
Australia,2030,0.0000,0.0404,2.1623,1.3004,0.8619
Australia,2030,0.0100,0.0369,2.1479,1.3007,0.8472
Australia,2030,0.0200,0.0333,2.1336,1.3010,0.8325
Australia,2030,0.0300,0.0298,2.1192,1.3013,0.8178
Australia,2030,0.0400,0.0262,2.1048,1.3017,0.8032
Australia,2030,0.0500,0.0227,2.0904,1.3020,0.7885
Australia,2030,0.0600,0.0191,2.0761,1.3023,0.7738
Australia,2030,0.0700,0.0156,2.0617,1.3026,0.7591
Australia,2030,0.0800,0.0120,2.0473,1.3029,0.7444
Australia,2030,0.0900,0.0085,2.0329,1.3033,0.7297
Australia,2030,0.1000,0.0050,2.0185,1.3036,0.7150
Australia,2030,0.1100,0.0014,2.0042,1.3039,0.7003
Australia,2030,0.1200,-0.0021,1.9898,1.3042,0.6856
Australia,2030,0.1300,-0.0057,1.9754,1.3045,0.6709
Australia,2030,0.1400,-0.0092,1.9610,1.3049,0.6562
Australia,2030,0.1500,-0.0128,1.9467,1.3052,0.6415
Australia,2030,0.1600,-0.0163,1.9323,1.3055,0.6268
Australia,2030,0.1700,-0.0199,1.9179,1.3058,0.6121
Australia,2030,0.1800,-0.0234,1.9035,1.3061,0.5974
Australia,2030,0.1900,-0.0270,1.8891,1.3065,0.5827
Australia,2030,0.2000,-0.0305,1.8748,1.3068,0.5680
Australia,2030,0.2100,-0.0341,1.8604,1.3071,0.5533
Australia,2030,0.2200,-0.0376,1.8460,1.3074,0.5386
Australia,2030,0.2300,-0.0412,1.8316,1.3077,0.5239
Australia,2030,0.2400,-0.0447,1.8173,1.3081,0.5092
Australia,2030,0.2500,-0.0483,1.8029,1.3084,0.4945
Australia,2030,0.2600,-0.0518,1.7885,1.3087,0.4798
Australia,2030,0.2700,-0.0554,1.7741,1.3090,0.4651
Australia,2030,0.2800,-0.0589,1.7597,1.3093,0.4504
Australia,2040,0.0000,0.2586,2.7808,2.1203,0.6606
Australia,2040,0.0100,0.2537,2.7625,2.1188,0.6437
Australia,2040,0.0200,0.2487,2.7442,2.1173,0.6269
Australia,2040,0.0300,0.2438,2.7259,2.1158,0.6101
Australia,2040,0.0400,0.2388,2.7076,2.1143,0.5933
Australia,2040,0.0500,0.2338,2.6893,2.1128,0.5765
Australia,2040,0.0600,0.2289,2.6710,2.1113,0.5597
Australia,2040,0.0700,0.2239,2.6527,2.1099,0.5428
Australia,2040,0.0800,0.2190,2.6344,2.1084,0.5260
Australia,2040,0.0900,0.2140,2.6161,2.1069,0.5092
Australia,2040,0.1000,0.2090,2.5978,2.1054,0.4924
Australia,2040,0.1100,0.2041,2.5795,2.1039,0.4756
Australia,2040,0.1200,0.1991,2.5612,2.1024,0.4588
Australia,2040,0.1300,0.1941,2.5429,2.1009,0.4419
Australia,2040,0.1400,0.1892,2.5246,2.0995,0.4251
Australia,2040,0.1500,0.1842,2.5063,2.0980,0.4083
Australia,2040,0.1600,0.1793,2.4880,2.0965,0.3915
Australia,2040,0.1700,0.1743,2.4697,2.0950,0.3747
Australia,2040,0.1800,0.1693,2.4514,2.0935,0.3579
Australia,2040,0.1900,0.1644,2.4331,2.0920,0.3410
Australia,2040,0.2000,0.1594,2.4148,2.0905,0.3242
Australia,2040,0.2100,0.1545,2.3965,2.0891,0.3074
Australia,2040,0.2200,0.1495,2.3782,2.0876,0.2906
Australia,2040,0.2300,0.1445,2.3598,2.0861,0.2738
Australia,2040,0.2400,0.1396,2.3415,2.0846,0.2570
Australia,2040,0.2500,0.1346,2.3232,2.0831,0.2401
Australia,2040,0.2600,0.1296,2.3049,2.0816,0.2233
Australia,2040,0.2700,0.1247,2.2866,2.0801,0.2065
Australia,2040,0.2800,0.1197,2.2683,2.0786,0.1897
Australia,2050,0.0000,0.4821,3.2480,2.9939,0.2541
Australia,2050,0.0100,0.4757,3.2263,2.9902,0.2361
Australia,2050,0.0200,0.4693,3.2046,2.9865,0.2181
Australia,2050,0.0300,0.4628,3.1829,2.9828,0.2001
Australia,2050,0.0400,0.4564,3.1612,2.9791,0.1821
Australia,2050,0.0500,0.4500,3.1395,2.9754,0.1641
Australia,2050,0.0600,0.4436,3.1178,2.9717,0.1461
Australia,2050,0.0700,0.4371,3.0961,2.9680,0.1282
Australia,2050,0.0800,0.4307,3.0744,2.9642,0.1102
Australia,2050,0.0900,0.4243,3.0527,2.9605,0.0922
Australia,2050,0.1000,0.4179,3.0310,2.9568,0.0742
Australia,2050,0.1100,0.4115,3.0093,2.9531,0.0562
Australia,2050,0.1200,0.4050,2.9876,2.9494,0.0382
Australia,2050,0.1300,0.3986,2.9659,2.9457,0.0202
Australia,2050,0.1400,0.3922,2.9442,2.9420,0.0022
Australia,2050,0.1500,,,2.9383,
Australia,2050,0.1600,,,2.9346,
Australia,2050,0.1700,,,2.9309,
Australia,2050,0.1800,,,2.9272,
Australia,2050,0.1900,,,2.9235,
Australia,2050,0.2000,,,2.9198,
Australia,2050,0.2100,,,2.9161,
Australia,2050,0.2200,,,2.9124,
Australia,2050,0.2300,,,2.9087,
Australia,2050,0.2400,,,2.9050,
Australia,2050,0.2500,,,2.9013,
Australia,2050,0.2600,,,2.8976,
Australia,2050,0.2700,,,2.8939,
Australia,2050,0.2800,,,2.8902,
South Africa,2026,0.0000,-0.1997,0.4554,0.3191,0.1364
South Africa,2026,0.0100,-0.2017,0.4518,0.3202,0.1315
South Africa,2026,0.0200,-0.2036,0.4481,0.3214,0.1267
South Africa,2026,0.0300,-0.2056,0.4445,0.3226,0.1219
South Africa,2026,0.0400,-0.2076,0.4408,0.3237,0.1171
South Africa,2026,0.0500,-0.2095,0.4372,0.3249,0.1123
South Africa,2026,0.0600,-0.2115,0.4335,0.3261,0.1074
South Africa,2026,0.0700,-0.2135,0.4299,0.3273,0.1026
South Africa,2026,0.0800,-0.2154,0.4262,0.3284,0.0978
South Africa,2026,0.0900,-0.2174,0.4226,0.3296,0.0930
South Africa,2026,0.1000,-0.2194,0.4189,0.3308,0.0881
South Africa,2026,0.1100,-0.2213,0.4152,0.3319,0.0833
South Africa,2026,0.1200,-0.2233,0.4116,0.3331,0.0785
South Africa,2026,0.1300,-0.2253,0.4079,0.3343,0.0737
South Africa,2026,0.1400,-0.2272,0.4043,0.3354,0.0688
South Africa,2026,0.1500,-0.2292,0.4006,0.3366,0.0640
South Africa,2026,0.1600,-0.2312,0.3970,0.3378,0.0592
South Africa,2026,0.1700,-0.2331,0.3933,0.3389,0.0544
South Africa,2026,0.1800,-0.2351,0.3897,0.3401,0.0495
South Africa,2026,0.1900,-0.2371,0.3860,0.3413,0.0447
South Africa,2026,0.2000,-0.2390,0.3824,0.3425,0.0399
South Africa,2026,0.2100,-0.2410,0.3787,0.3436,0.0351
South Africa,2026,0.2200,-0.2430,0.3750,0.3448,0.0303
South Africa,2026,0.2300,-0.2450,0.3714,0.3460,0.0254
South Africa,2026,0.2400,-0.2469,0.3677,0.3471,0.0206
South Africa,2026,0.2500,-0.2489,0.3641,0.3483,0.0158
South Africa,2026,0.2600,-0.2509,0.3604,0.3495,0.0110
South Africa,2026,0.2700,-0.2528,0.3568,0.3506,0.0061
South Africa,2026,0.2800,-0.2548,0.3531,0.3518,0.0013
South Africa,2030,0.0000,-0.0897,1.1859,1.0079,0.1780
South Africa,2030,0.0100,-0.0924,1.1771,1.0101,0.1670
South Africa,2030,0.0200,-0.0952,1.1684,1.0123,0.1561
South Africa,2030,0.0300,-0.0979,1.1597,1.0145,0.1451
South Africa,2030,0.0400,-0.1006,1.1509,1.0167,0.1342
South Africa,2030,0.0500,-0.1034,1.1422,1.0189,0.1233
South Africa,2030,0.0600,-0.1061,1.1335,1.0212,0.1123
South Africa,2030,0.0700,-0.1088,1.1248,1.0234,0.1014
South Africa,2030,0.0800,-0.1116,1.1160,1.0256,0.0904
South Africa,2030,0.0900,-0.1143,1.1073,1.0278,0.0795
South Africa,2030,0.1000,-0.1170,1.0986,1.0300,0.0686
South Africa,2030,0.1100,-0.1198,1.0898,1.0322,0.0576
South Africa,2030,0.1200,-0.1225,1.0811,1.0344,0.0467
South Africa,2030,0.1300,-0.1252,1.0724,1.0366,0.0358
South Africa,2030,0.1400,-0.1280,1.0637,1.0388,0.0248
South Africa,2030,0.1500,-0.1307,1.0549,1.0410,0.0139
South Africa,2030,0.1600,-0.1334,1.0462,1.0433,0.0029
South Africa,2030,0.1700,,,1.0455,
South Africa,2030,0.1800,,,1.0477,
South Africa,2030,0.1900,,,1.0499,
South Africa,2030,0.2000,,,1.0521,
South Africa,2030,0.2100,,,1.0543,
South Africa,2030,0.2200,,,1.0565,
South Africa,2030,0.2300,,,1.0587,
South Africa,2030,0.2400,,,1.0609,
South Africa,2030,0.2500,,,1.0632,
South Africa,2030,0.2600,,,1.0654,
South Africa,2030,0.2700,,,1.0676,
South Africa,2030,0.2800,,,1.0698,
South Africa,2040,0.0000,0.1589,2.3407,1.8750,0.4658
South Africa,2040,0.0100,0.1546,2.3248,1.8751,0.4498
South Africa,2040,0.0200,0.1503,2.3089,1.8752,0.4338
South Africa,2040,0.0300,0.1459,2.2930,1.8753,0.4178
South Africa,2040,0.0400,0.1416,2.2771,1.8754,0.4018
South Africa,2040,0.0500,0.1372,2.2612,1.8755,0.3858
South Africa,2040,0.0600,0.1329,2.2453,1.8756,0.3698
South Africa,2040,0.0700,0.1286,2.2294,1.8757,0.3538
South Africa,2040,0.0800,0.1242,2.2135,1.8758,0.3378
South Africa,2040,0.0900,0.1199,2.1976,1.8759,0.3218
South Africa,2040,0.1000,0.1156,2.1817,1.8760,0.3058
South Africa,2040,0.1100,0.1112,2.1658,1.8761,0.2898
South Africa,2040,0.1200,0.1069,2.1499,1.8761,0.2738
South Africa,2040,0.1300,0.1026,2.1340,1.8762,0.2578
South Africa,2040,0.1400,0.0982,2.1181,1.8763,0.2418
South Africa,2040,0.1500,0.0939,2.1022,1.8764,0.2258
South Africa,2040,0.1600,0.0896,2.0863,1.8765,0.2098
South Africa,2040,0.1700,0.0852,2.0704,1.8766,0.1938
South Africa,2040,0.1800,0.0809,2.0545,1.8767,0.1778
South Africa,2040,0.1900,0.0766,2.0386,1.8768,0.1618
South Africa,2040,0.2000,0.0722,2.0227,1.8769,0.1458
South Africa,2040,0.2100,0.0679,2.0068,1.8770,0.1298
South Africa,2040,0.2200,0.0636,1.9909,1.8771,0.1138
South Africa,2040,0.2300,0.0592,1.9750,1.8772,0.0978
South Africa,2040,0.2400,0.0549,1.9591,1.8773,0.0818
South Africa,2040,0.2500,0.0506,1.9432,1.8774,0.0658
South Africa,2040,0.2600,0.0462,1.9273,1.8775,0.0498
South Africa,2040,0.2700,0.0419,1.9114,1.8776,0.0338
South Africa,2040,0.2800,0.0376,1.8955,1.8777,0.0178
South Africa,2050,0.0000,0.4417,3.0753,2.8726,0.2027
South Africa,2050,0.0100,0.4355,3.0547,2.8697,0.1851
South Africa,2050,0.0200,0.4294,3.0342,2.8667,0.1675
South Africa,2050,0.0300,0.4232,3.0137,2.8638,0.1499
South Africa,2050,0.0400,0.4170,2.9932,2.8609,0.1323
South Africa,2050,0.0500,0.4109,2.9726,2.8580,0.1147
South Africa,2050,0.0600,0.4047,2.9521,2.8550,0.0971
South Africa,2050,0.0700,0.3986,2.9316,2.8521,0.0795
South Africa,2050,0.0800,0.3924,2.9111,2.8492,0.0619
South Africa,2050,0.0900,0.3863,2.8905,2.8463,0.0443
South Africa,2050,0.1000,0.3801,2.8700,2.8433,0.0267
South Africa,2050,0.1100,0.3740,2.8495,2.8404,0.0091
South Africa,2050,0.1200,,,2.8375,
South Africa,2050,0.1300,,,2.8346,
South Africa,2050,0.1400,,,2.8316,
South Africa,2050,0.1500,,,2.8287,
South Africa,2050,0.1600,,,2.8258,
South Africa,2050,0.1700,,,2.8229,
South Africa,2050,0.1800,,,2.8199,
South Africa,2050,0.1900,,,2.8170,
South Africa,2050,0.2000,,,2.8141,
South Africa,2050,0.2100,,,2.8112,
South Africa,2050,0.2200,,,2.8083,
South Africa,2050,0.2300,,,2.8053,
South Africa,2050,0.2400,,,2.8024,
South Africa,2050,0.2500,,,2.7995,
South Africa,2050,0.2600,,,2.7966,
South Africa,2050,0.2700,,,2.7936,
South Africa,2050,0.2800,,,2.7907,
