Region,crt_mult,dCR_star,w_crit
Global/EU,0.8000,0.0000,
Global/EU,1.0000,0.0000,
Global/EU,1.2000,4.3242,-1.0000
U.S.,0.8000,0.0000,
U.S.,1.0000,0.0000,
U.S.,1.2000,,-1.0000
China,0.8000,0.0000,
China,1.0000,0.7432,0.1177
China,1.2000,3.5029,-1.0000
Japan,0.8000,0.0000,
Japan,1.0000,0.0000,
Japan,1.2000,7.9785,-1.0000
Korea,0.8000,0.0000,
Korea,1.0000,0.0000,
Korea,1.2000,6.0283,-1.0000
India,0.8000,0.0000,
India,1.0000,0.0000,
India,1.2000,,-1.0000
Indonesia,0.8000,0.0000,
Indonesia,1.0000,0.0000,
Indonesia,1.2000,4.9180,-1.0000
Canada,0.8000,0.0000,
Canada,1.0000,0.0000,
Canada,1.2000,6.4404,-1.0000
Brazil,0.8000,0.0000,
Brazil,1.0000,0.4756,0.1318
Brazil,1.2000,3.7715,-1.0000
Australia,0.8000,0.0000,
Australia,1.0000,0.0000,
Australia,1.2000,6.0342,-1.0000
South Africa,0.8000,0.0000,
South Africa,1.0000,0.0713,0.1151
South Africa,1.2000,4.8008,-1.0000
