Region,Period,Scenario,dCR_star
Global/EU,2026,Baseline,0.0000
Global/EU,2030,Baseline,0.0000
Global/EU,2040,Baseline,0.0000
Global/EU,2050,Baseline,0.0000
U.S.,2026,Baseline,0.0000
U.S.,2030,Baseline,0.0000
U.S.,2040,Baseline,0.0000
U.S.,2050,Baseline,0.0000
China,2026,Baseline,0.0000
China,2030,Baseline,0.0000
China,2040,Baseline,0.0000
China,2050,Baseline,0.7434
Japan,2026,Baseline,0.0000
Japan,2030,Baseline,0.0000
Japan,2040,Baseline,0.0000
Japan,2050,Baseline,0.0000
Korea,2026,Baseline,0.0000
Korea,2030,Baseline,0.0000
Korea,2040,Baseline,0.0000
Korea,2050,Baseline,0.0000
India,2026,Baseline,3.4255
India,2030,Baseline,0.0000
India,2040,Baseline,0.0000
India,2050,Baseline,0.0000
Indonesia,2026,Baseline,
Indonesia,2030,Baseline,0.0000
Indonesia,2040,Baseline,0.0000
Indonesia,2050,Baseline,0.0000
Canada,2026,Baseline,0.0000
Canada,2030,Baseline,0.0000
Canada,2040,Baseline,0.0000
Canada,2050,Baseline,0.0000
Brazil,2026,Baseline,0.0000
Brazil,2030,Baseline,0.0000
Brazil,2040,Baseline,0.0000
Brazil,2050,Baseline,0.4753
Australia,2026,Baseline,0.0000
Australia,2030,Baseline,0.0000
Australia,2040,Baseline,0.0000
Australia,2050,Baseline,0.0000
South Africa,2026,Baseline,0.0000
South Africa,2030,Baseline,0.0000
South Africa,2040,Baseline,0.0000
South Africa,2050,Baseline,0.0718
