Region,Period,Scenario,w_PVC,w_crit
Global/EU,2026,Baseline,0.1370,
Global/EU,2030,Baseline,0.1370,
Global/EU,2040,Baseline,0.1370,
Global/EU,2050,Baseline,0.1370,
U.S.,2026,Baseline,0.0170,
U.S.,2030,Baseline,0.0170,
U.S.,2040,Baseline,0.0170,
U.S.,2050,Baseline,0.0170,
China,2026,Baseline,0.2040,
China,2030,Baseline,0.2040,
China,2040,Baseline,0.2040,
China,2050,Baseline,0.2040,0.1177
Japan,2026,Baseline,0.0600,
Japan,2030,Baseline,0.0600,
Japan,2040,Baseline,0.0600,
Japan,2050,Baseline,0.0600,
Korea,2026,Baseline,0.0900,
Korea,2030,Baseline,0.0900,
Korea,2040,Baseline,0.0900,
Korea,2050,Baseline,0.0900,
India,2026,Baseline,0.0440,-1.0000
India,2030,Baseline,0.0440,
India,2040,Baseline,0.0440,
India,2050,Baseline,0.0440,
Indonesia,2026,Baseline,0.1160,-1.0000
Indonesia,2030,Baseline,0.1160,
Indonesia,2040,Baseline,0.1160,
Indonesia,2050,Baseline,0.1160,
Canada,2026,Baseline,0.0800,
Canada,2030,Baseline,0.0800,
Canada,2040,Baseline,0.0800,
Canada,2050,Baseline,0.0800,
Brazil,2026,Baseline,0.1800,
Brazil,2030,Baseline,0.1800,
Brazil,2040,Baseline,0.1800,
Brazil,2050,Baseline,0.1800,0.1318
Australia,2026,Baseline,0.0800,
Australia,2030,Baseline,0.0800,
Australia,2040,Baseline,0.0800,
Australia,2050,Baseline,0.0800,
South Africa,2026,Baseline,0.1200,
South Africa,2030,Baseline,0.1200,
South Africa,2040,Baseline,0.1200,
South Africa,2050,Baseline,0.1200,0.1151
