Region,Period,alpha,wCR,CRt,gap,CR_PE,CR_PET,CR_PP,CR_PS,CR_PVC,UPnet_PE,UPnet_PET,UPnet_PP,UPnet_PS,UPnet_PVC
Global/EU,2050,0.9400,2.9782,2.9754,0.0028,3.2236,2.9323,3.2611,3.9984,1.0857,0.4770,0.4062,0.4948,0.6263,-0.1586
U.S.,2050,0.9200,3.1682,2.9855,0.1827,3.1761,2.9095,3.2161,3.9602,1.0709,0.4662,0.4013,0.4845,0.6179,-0.1621
China,2050,0.9400,2.6626,2.8142,-0.1516,3.0385,2.8440,3.0858,3.8493,1.0281,0.4400,0.3885,0.4597,0.5964,-0.1701
Japan,2050,0.9000,3.0673,2.9550,0.1123,3.1749,2.9089,3.2150,3.9592,1.0705,0.4646,0.4008,0.4831,0.6170,-0.1627
Korea,2050,0.8800,2.9639,2.9220,0.0419,3.1256,2.8853,3.1683,3.9196,1.0549,0.4533,0.3958,0.4725,0.6083,-0.1663
India,2050,0.9000,2.9329,2.8534,0.0795,2.9849,2.8181,3.0351,3.8064,1.0111,0.4266,0.3827,0.4471,0.5864,-0.1746
Indonesia,2050,0.8400,2.8841,2.8788,0.0054,3.0725,2.8597,3.1182,3.8772,1.0381,0.4400,0.3900,0.4599,0.5984,-0.1707
Canada,2050,0.9600,3.0846,2.9999,0.0848,3.2471,2.9434,3.2833,4.0173,1.0931,0.4831,0.4087,0.5005,0.6308,-0.1567
Brazil,2050,0.9800,2.8813,2.9667,-0.0854,3.2474,2.9436,3.2835,4.0175,1.0932,0.4845,0.4091,0.5018,0.6315,-0.1561
Australia,2050,0.9400,3.0744,2.9642,0.1102,3.2005,2.9212,3.2391,3.9798,1.0785,0.4724,0.4040,0.4904,0.6225,-0.1601
South Africa,2050,0.8400,2.8290,2.8375,-0.0085,3.0232,2.8361,3.0715,3.8375,1.0226,0.4301,0.3852,0.4506,0.5904,-0.1738
