Region,Scenario,Period,w_PVC,A_upcycle_wUP,A_upcycle_wCR,A_upcycle_CRt,A_upcycle_feas,B_incin_wUP,B_incin_wCR,B_incin_CRt,B_incin_feas,C_absent_wUP,C_absent_wCR,C_absent_CRt,C_absent_feas
Global/EU,Baseline,2026,0.1370,-0.0239,2.4169,0.5572,1,-0.0501,2.2927,0.5572,1,0.0231,2.6567,0.5629,1
Global/EU,Baseline,2030,0.1370,0.0608,2.6320,1.5684,1,0.0301,2.4964,1.5684,1,0.1160,2.8927,1.5900,1
Global/EU,Baseline,2040,0.1370,0.2274,2.7688,2.2599,1,0.1881,2.6259,2.2599,1,0.2990,3.0427,2.2964,1
Global/EU,Baseline,2050,0.1370,0.4003,2.9782,2.9754,1,,,2.9754,0,0.4891,3.2786,3.0303,1
Global/EU,Electrified,2026,0.1370,-0.1239,2.7528,0.5572,1,-0.1362,2.6041,0.5572,1,-0.0768,3.0176,0.5629,1
Global/EU,Electrified,2030,0.1370,0.0299,3.0757,1.5684,1,0.0048,2.8965,1.5684,1,0.0866,3.3563,1.5900,1
Global/EU,Electrified,2040,0.1370,0.2767,3.2976,2.2599,1,0.2337,3.1012,2.2599,1,0.3519,3.5935,2.2964,1
Global/EU,Electrified,2050,0.1370,0.5226,3.5704,2.9754,1,0.4632,3.3641,2.9754,1,0.6178,3.8981,3.0303,1
U.S.,Baseline,2026,0.0170,-0.1969,1.6995,0.5509,1,-0.1988,1.6848,0.5509,1,-0.1935,1.7140,0.5515,1
U.S.,Baseline,2030,0.0170,0.0751,2.6601,1.5171,1,0.0714,2.6445,1.5171,1,0.0815,2.6903,1.5190,1
U.S.,Baseline,2040,0.0170,0.2609,2.9020,2.2279,1,0.2561,2.8849,2.2279,1,0.2694,2.9348,2.2317,1
U.S.,Baseline,2050,0.0170,0.4611,3.1682,2.9855,1,0.4551,3.1500,2.9855,1,0.4718,3.2045,2.9919,1
U.S.,Electrified,2026,0.0170,-0.3411,2.6916,0.5509,1,-0.3408,2.6755,0.5509,1,-0.3379,2.7218,0.5515,1
U.S.,Electrified,2030,0.0170,0.0131,2.9834,1.5171,1,0.0107,2.9643,1.5171,1,0.0197,3.0156,1.5190,1
U.S.,Electrified,2040,0.0170,0.2879,3.3888,2.2279,1,0.2831,3.3657,2.2279,1,0.2968,3.4240,2.2317,1
U.S.,Electrified,2050,0.0170,0.5812,3.8291,2.9855,1,0.5740,3.8038,2.9855,1,0.5927,3.8696,2.9919,1
China,Baseline,2026,0.2040,-0.2189,1.4769,0.4556,1,-0.2439,1.3605,0.4556,1,-0.1756,1.7092,0.4489,1
China,Baseline,2030,0.2040,-0.0491,1.7175,1.2727,1,-0.0879,1.5800,1.2727,1,0.0205,1.9850,1.2610,1
China,Baseline,2040,0.2040,0.1263,2.2058,1.9899,1,0.0729,2.0265,1.9899,1,0.2225,2.5459,2.0051,1
China,Baseline,2050,0.2040,,,2.8142,0,,,2.8142,0,0.4492,3.0815,2.8742,1
China,Electrified,2026,0.2040,-0.3528,1.2094,0.4556,1,-0.3516,1.1525,0.4556,1,-0.3108,1.4478,0.4489,1
China,Electrified,2030,0.2040,-0.1340,1.7480,1.2727,1,-0.1547,1.6162,1.2727,1,-0.0635,2.0304,1.2610,1
China,Electrified,2040,0.2040,0.1499,2.6039,1.9899,1,0.0952,2.3639,1.9899,1,0.2504,2.9697,2.0051,1
China,Electrified,2050,0.2040,0.4350,3.1994,2.8142,1,0.3492,2.9060,2.8142,1,0.5696,3.6507,2.8742,1
Japan,Baseline,2026,0.0600,-0.1208,2.2225,0.5274,1,-0.1296,2.1752,0.5274,1,-0.1052,2.3140,0.5285,1
Japan,Baseline,2030,0.0600,0.0437,2.4050,1.4613,1,0.0313,2.3535,1.4613,1,0.0659,2.5037,1.4658,1
Japan,Baseline,2040,0.0600,0.2269,2.8239,2.1769,1,0.2105,2.7653,2.1769,1,0.2566,2.9418,2.1885,1
Japan,Baseline,2050,0.0600,0.4314,3.0673,2.9550,1,0.4105,3.0031,2.9550,1,0.4693,3.1948,2.9766,1
Japan,Electrified,2026,0.0600,-0.2584,2.3423,0.5274,1,-0.2590,2.2973,0.5274,1,-0.2429,2.4440,0.5285,1
Japan,Electrified,2030,0.0600,-0.0367,2.6235,1.4613,1,-0.0439,2.5642,1.4613,1,-0.0141,2.7279,1.4658,1
Japan,Electrified,2040,0.0600,0.2372,3.1534,2.1769,1,0.2212,3.0755,2.1769,1,0.2679,3.2718,2.1885,1
Japan,Electrified,2050,0.0600,0.5410,3.6368,2.9550,1,0.5157,3.5477,2.9550,1,0.5812,3.7741,2.9766,1
Korea,Baseline,2026,0.0900,-0.1608,2.0087,0.5135,1,-0.1730,1.9433,0.5135,1,-0.1396,2.1355,0.5144,1
Korea,Baseline,2030,0.0900,0.0142,2.2340,1.4333,1,-0.0038,2.1607,1.4333,1,0.0464,2.3744,1.4386,1
Korea,Baseline,2040,0.0900,0.1996,2.6963,2.1444,1,0.1754,2.6106,2.1444,1,0.2433,2.8688,2.1603,1
Korea,Baseline,2050,0.0900,0.4037,2.9639,2.9220,1,,,2.9220,0,0.4601,3.1527,2.9534,1
Korea,Electrified,2026,0.0900,-0.3162,1.9948,0.5135,1,-0.3147,1.9444,0.5135,1,-0.2953,2.1367,0.5144,1
Korea,Electrified,2030,0.0900,-0.0895,2.4273,1.4333,1,-0.0978,2.3506,1.4333,1,-0.0569,2.5831,1.4386,1
Korea,Electrified,2040,0.0900,0.1980,3.0030,2.1444,1,0.1754,2.8911,2.1444,1,0.2432,3.1771,2.1603,1
Korea,Electrified,2050,0.0900,0.5099,3.5479,2.9220,1,0.4726,3.4163,2.9220,1,0.5699,3.7541,2.9534,1
India,Baseline,2026,0.0440,,,0.4472,0,,,0.4472,0,,,0.4456,0
India,Baseline,2030,0.0440,-0.0183,1.8798,1.2580,1,-0.0265,1.8513,1.2580,1,-0.0042,1.9344,1.2553,1
India,Baseline,2040,0.0440,0.1766,2.4852,1.9948,1,0.1654,2.4477,1.9948,1,0.1963,2.5577,1.9979,1
India,Baseline,2050,0.0440,0.4068,2.9329,2.8534,1,0.3920,2.8884,2.8534,1,0.4331,3.0182,2.8661,1
India,Electrified,2026,0.0440,-0.3648,1.2708,0.4472,1,-0.3638,1.2641,0.4472,1,-0.3567,1.3209,0.4456,1
India,Electrified,2030,0.0440,-0.1276,1.8603,1.2580,1,-0.1309,1.8370,1.2580,1,-0.1133,1.9196,1.2553,1
India,Electrified,2040,0.0440,0.1716,2.7892,1.9948,1,0.1613,2.7419,1.9948,1,0.1921,2.8651,1.9979,1
India,Electrified,2050,0.0440,0.5223,3.6574,2.8534,1,0.5044,3.5954,2.8534,1,0.5506,3.7569,2.8661,1
Indonesia,Baseline,2026,0.1160,,,0.3807,0,,,0.3807,0,,,0.3710,0
Indonesia,Baseline,2030,0.1160,-0.0826,1.4418,1.1381,1,-0.1016,1.3879,1.1381,1,-0.0479,1.5700,1.1208,1
Indonesia,Baseline,2040,0.1160,0.1197,2.2239,1.9144,1,0.0918,2.1335,1.9144,1,0.1709,2.4135,1.9164,1
Indonesia,Baseline,2050,0.1160,0.3811,2.8841,2.8788,1,,,2.8788,0,0.4535,3.1264,2.9163,1
Indonesia,Electrified,2026,0.1160,,,0.3807,0,,,0.3807,0,,,0.3710,0
Indonesia,Electrified,2030,0.1160,,,1.1381,0,,,1.1381,0,-0.2085,1.1274,1.1208,1
Indonesia,Electrified,2040,0.1160,0.0622,2.2586,1.9144,1,0.0417,2.1583,1.9144,1,0.1141,2.4416,1.9164,1
Indonesia,Electrified,2050,0.1160,0.4744,3.4031,2.8788,1,0.4279,3.2367,2.8788,1,0.5510,3.6615,2.9163,1
Canada,Baseline,2026,0.0800,-0.0238,2.7279,0.5821,1,-0.0387,2.6490,0.5821,1,0.0023,2.8794,0.5866,1
Canada,Baseline,2030,0.0800,0.0977,2.8447,1.6086,1,0.0792,2.7622,1.6086,1,0.1305,3.0024,1.6227,1
Canada,Baseline,2040,0.0800,0.2636,2.9394,2.3040,1,0.2402,2.8540,2.3040,1,0.3055,3.1021,2.3266,1
Canada,Baseline,2050,0.0800,0.4332,3.0846,2.9999,1,,,2.9999,0,0.4845,3.2578,3.0315,1
Canada,Electrified,2026,0.0800,-0.0915,3.1409,0.5821,1,-0.1005,3.0377,0.5821,1,-0.0649,3.3018,0.5866,1
Canada,Electrified,2030,0.0800,0.0973,3.3343,1.6086,1,0.0799,3.2220,1.6086,1,0.1313,3.5021,1.6227,1
Canada,Electrified,2040,0.0800,0.3225,3.4660,2.3040,1,0.2961,3.3482,2.3040,1,0.3663,3.6393,2.3266,1
Canada,Electrified,2050,0.0800,0.5567,3.6997,2.9999,1,0.5215,3.5785,2.9999,1,0.6113,3.8897,3.0315,1
Brazil,Baseline,2026,0.1800,-0.2027,1.9861,0.5903,1,-0.2252,1.8009,0.5903,1,-0.1626,2.1962,0.6023,1
Brazil,Baseline,2030,0.1800,0.0705,2.7199,1.6200,1,0.0280,2.5294,1.6200,1,0.1462,3.0846,1.6559,1
Brazil,Baseline,2040,0.1800,0.2196,2.7639,2.2926,1,0.1665,2.5701,2.2926,1,0.3152,3.1343,2.3460,1
Brazil,Baseline,2050,0.1800,,,2.9667,0,,,2.9667,0,0.4893,3.2738,3.0393,1
Brazil,Electrified,2026,0.1800,-0.2859,3.1192,0.5903,1,-0.2955,2.8692,0.5903,1,-0.2482,3.4990,0.6023,1
Brazil,Electrified,2030,0.1800,0.0892,3.2317,1.6200,1,0.0457,2.9700,1.6200,1,0.1678,3.6220,1.6559,1
Brazil,Electrified,2040,0.1800,0.2885,3.4217,2.2926,1,0.2269,3.1542,2.2926,1,0.3888,3.8465,2.3460,1
Brazil,Electrified,2050,0.1800,0.4991,3.4815,2.9667,1,0.4193,3.2087,2.9667,1,0.6234,3.9130,3.0393,1
Australia,Baseline,2026,0.0800,-0.2037,0.8910,0.4279,1,-0.2131,0.8512,0.4279,1,-0.1872,0.9252,0.4239,1
Australia,Baseline,2030,0.0800,0.0120,2.0473,1.3029,1,-0.0037,1.9893,1.3029,1,0.0404,2.1623,1.3004,1
Australia,Baseline,2040,0.0800,0.2190,2.6344,2.1084,1,0.1971,2.5584,2.1084,1,0.2586,2.7808,2.1203,1
Australia,Baseline,2050,0.0800,0.4307,3.0744,2.9642,1,0.4027,2.9881,2.9642,1,0.4821,3.2480,2.9939,1
Australia,Electrified,2026,0.0800,-0.3409,1.0892,0.4279,1,-0.3402,1.0806,0.4279,1,-0.3253,1.1746,0.4239,1
Australia,Electrified,2030,0.0800,-0.0532,2.1880,1.3029,1,-0.0633,2.1250,1.3029,1,-0.0243,2.3098,1.3004,1
Australia,Electrified,2040,0.0800,0.2596,3.1039,2.1084,1,0.2361,2.9998,2.1084,1,0.3010,3.2607,2.1203,1
Australia,Electrified,2050,0.0800,0.5488,3.6439,2.9642,1,0.5142,3.5241,2.9642,1,0.6033,3.8305,2.9939,1
South Africa,Baseline,2026,0.1200,-0.2233,0.4116,0.3331,1,-0.2370,0.4008,0.3331,1,-0.1997,0.4554,0.3191,1
South Africa,Baseline,2030,0.1200,-0.1225,1.0811,1.0344,1,-0.1402,1.0435,1.0344,1,-0.0897,1.1859,1.0079,1
South Africa,Baseline,2040,0.1200,0.1069,2.1499,1.8761,1,0.0786,2.0598,1.8761,1,0.1589,2.3407,1.8750,1
South Africa,Baseline,2050,0.1200,,,2.8375,0,,,2.8375,0,0.4417,3.0753,2.8726,1
South Africa,Electrified,2026,0.1200,,,0.3331,0,,,0.3331,0,,,0.3191,0
South Africa,Electrified,2030,0.1200,,,1.0344,0,,,1.0344,0,,,1.0079,0
South Africa,Electrified,2040,0.1200,0.0466,2.2474,1.8761,1,0.0264,2.1505,1.8761,1,0.0996,2.4438,1.8750,1
South Africa,Electrified,2050,0.1200,0.4550,3.3725,2.8375,1,0.4074,3.2031,2.8375,1,0.5326,3.6399,2.8726,1
