driver,S1,S1_conf,ST,ST_conf,interaction
plastic_factor,0.45440280353150925,0.04668743782857041,0.4544711793041918,0.034985757457677194,6.837577268253847e-05
tau,0.354909321517138,0.04531567624121249,0.3548992106973756,0.031489471251797796,-1.011081976237671e-05
i_rate,0.07458551073852925,0.02311513359412119,0.07477375780190185,0.00736351442238871,0.00018824706337260133
P_FH,0.0679193688655106,0.022192562382242167,0.067924737661764,0.006838518621901278,5.368796253402142e-06
alpha,0.014033618601858412,0.01136226511184619,0.01881298803297238,0.002544123723794151,0.0047793694311139695
P_elec,0.017972298493332674,0.01088755479387672,0.018639624704278532,0.0024048989525518815,0.0006673262109458573
P_H2,0.0149156000602749,0.008993716805716128,0.014938851729189889,0.0014328379894520571,2.325166891498781e-05
P_HP,0.0005518374338748403,0.0020583341238737617,0.0005514053318376774,5.05230544365178e-05,-4.321020371628702e-07
P_LP,4.5423071480382664e-05,0.00041197321761847185,3.02461654670675e-05,2.9621951953265365e-06,-1.5176906013315165e-05
CI_elec,0.0,0.0,0.0,0.0,0.0
CI_FH,0.0,0.0,0.0,0.0,0.0
