__feed,__tech,__prod,__prod_cat,__up,__cr,__zone
PET,HT,GASOLINE_1,Gasoline,-0.6016433323475819,0.0873788030717364,3
PET,HT,GASOLINE_1,Gasoline,-0.7228960679017512,-0.1305569722586161,4
PET,HT,GASOLINE_1,Gasoline,-0.5526663590197095,0.8854616018764376,3
PET,HT,GASOLINE_1,Gasoline,-0.724604902348672,-0.5666232520546812,4
PET,HT,GASOLINE_1,Gasoline,-0.800367377257702,-0.6144411910004867,4
PET,HT,GASOLINE_1,Gasoline,-0.44356235722835013,1.265779828841235,3
PET,HT,GASOLINE_1,Gasoline,-0.5624943540456868,0.6246089350971102,3
PET,HT,GASOLINE_1,Gasoline,-0.6219158578056974,0.4891650965299797,3
PET,HT,GASOLINE_1,Gasoline,-0.5335472845571063,0.8204183769608444,3
PET,HT,GASOLINE_1,Gasoline,-0.6482772189391417,0.31671601905551316,3
PET,HT,GASOLINE_1,Gasoline,-0.6465545865405274,0.3514809735390127,3
PET,HT,GASOLINE_1,Gasoline,-0.8340826823810134,-0.40560872544388055,4
PET,HT,GASOLINE_1,Gasoline,-0.9553354179351826,-0.623544500774234,4
PET,HT,GASOLINE_1,Gasoline,-0.7851057090531407,0.3924740733608204,3
PET,HT,GASOLINE_1,Gasoline,-0.9570442523821036,-1.0596107805702983,4
PET,HT,GASOLINE_1,Gasoline,-1.0328067272911334,-1.1074287195161046,4
PET,HT,GASOLINE_1,Gasoline,-0.6760017072617814,0.7727923003256173,3
PET,HT,GASOLINE_1,Gasoline,-0.7949337040791181,0.1316214065814927,3
PET,HT,GASOLINE_1,Gasoline,-0.8543552078391283,-0.0038224319856375454,4
PET,HT,GASOLINE_1,Gasoline,-0.7659866345905375,0.32743084844522685,3
PET,HT,GASOLINE_1,Gasoline,-0.880716568972573,-0.17627150946010411,4
PET,HT,GASOLINE_1,Gasoline,-0.8789939365739587,-0.14150655497660578,4
PET,HT,GASOLINE_1,Gasoline,-0.9009892924524843,-1.2181951830324365,4
PET,HT,GASOLINE_1,Gasoline,-1.022242028006653,-1.4361309583627904,4
PET,HT,GASOLINE_1,Gasoline,-0.8520123191246116,-0.4201123842277342,4
PET,HT,GASOLINE_1,Gasoline,-1.023950862453574,-1.8721972381588536,4
PET,HT,GASOLINE_1,Gasoline,-1.0997133373626042,-1.9200151771046592,4
PET,HT,GASOLINE_1,Gasoline,-0.7429083173332521,-0.039794157262937425,4
PET,HT,GASOLINE_1,Gasoline,-0.8618403141505891,-0.6809650510070616,4
PET,HT,GASOLINE_1,Gasoline,-0.9212618179105994,-0.8164088895741922,4
PET,HT,GASOLINE_1,Gasoline,-0.8328932446620081,-0.48515560914332745,4
PET,HT,GASOLINE_1,Gasoline,-0.9476231790440437,-0.9888579670486587,4
PET,HT,GASOLINE_1,Gasoline,-0.9459005466454294,-0.9540930125651592,4
PET,HT,GASOLINE_1,Gasoline,-0.9061196905225456,-1.501638565037117,4
PET,HT,GASOLINE_1,Gasoline,-1.0273724260767145,-1.7195743403674704,4
PET,HT,GASOLINE_1,Gasoline,-0.8571427171946725,-0.7035557662324154,4
PET,HT,GASOLINE_1,Gasoline,-1.0290812605236352,-2.1556406201635347,4
PET,HT,GASOLINE_1,Gasoline,-1.1048437354326655,-2.203458559109341,4
PET,HT,GASOLINE_1,Gasoline,-0.7480387154033137,-0.32323753926761867,4
PET,HT,GASOLINE_1,Gasoline,-0.8669707122206504,-0.9644084330117428,4
PET,HT,GASOLINE_1,Gasoline,-0.9263922159806609,-1.0998522715788734,4
PET,HT,GASOLINE_1,Gasoline,-0.8380236427320693,-0.768598991148009,4
PET,HT,GASOLINE_1,Gasoline,-0.9527535771141052,-1.27230134905334,4
PET,HT,GASOLINE_1,Gasoline,-0.951030944715491,-1.237536394569841,4
PET,HT,GASOLINE_1,Gasoline,-0.7872321666263963,-0.8412607415551913,4
PET,HT,GASOLINE_1,Gasoline,-0.9084849021805654,-1.0591965168855453,4
PET,HT,GASOLINE_1,Gasoline,-0.7382551932985237,-0.04317794275049001,4
PET,HT,GASOLINE_1,Gasoline,-0.9101937366274864,-1.4952627966816103,4
PET,HT,GASOLINE_1,Gasoline,-0.9859562115365166,-1.5430807356274145,4
PET,HT,GASOLINE_1,Gasoline,-0.6291511915071641,0.3371402842143071,3
PET,HT,GASOLINE_1,Gasoline,-0.7480831883245013,-0.3040306095298171,4
PET,HT,GASOLINE_1,Gasoline,-0.8075046920845115,-0.43947444809694797,4
PET,HT,GASOLINE_1,Gasoline,-0.7191361188359202,-0.10822116766608357,4
PET,HT,GASOLINE_1,Gasoline,-0.8338660532179559,-0.6119235255714143,4
PET,HT,GASOLINE_1,Gasoline,-0.8321434208193418,-0.5771585710879156,4
PET,HT,MeOH_1,MeOH,-1.0563498903844697,-2.426089664229775,4
PET,HT,MeOH_1,MeOH,-1.177602625938639,-2.6440254395601284,4
PET,HT,MeOH_1,MeOH,-1.0073729170565975,-1.6280068654250734,4
PET,HT,MeOH_1,MeOH,-1.17931146038556,-3.0800917193561936,4
PET,HT,MeOH_1,MeOH,-1.2550739352945899,-3.1279096583019985,4
PET,HT,MeOH_1,MeOH,-0.8982689152652376,-1.2476886384602761,4
PET,HT,MeOH_1,MeOH,-1.017200912082575,-1.8888595322044022,4
PET,HT,MeOH_1,MeOH,-1.0766224158425852,-2.024303370771532,4
PET,HT,MeOH_1,MeOH,-0.9882538425939942,-1.693050090340668,4
PET,HT,MeOH_1,MeOH,-1.1029837769760298,-2.196752448245998,4
PET,HT,MeOH_1,MeOH,-1.1012611445774154,-2.161987493762499,4
PET,HT,GASOLINE_1,Gasoline,-1.0828942766956655,-2.6572216859485613,4
PET,HT,GASOLINE_1,Gasoline,-1.2041470122498343,-2.8751574612789144,4
PET,HT,GASOLINE_1,Gasoline,-1.0339173033677926,-1.8591388871438606,4
PET,HT,GASOLINE_1,Gasoline,-1.205855846696755,-3.311223741074979,4
PET,HT,GASOLINE_1,Gasoline,-1.2816183216057853,-3.3590416800207854,4
PET,HT,GASOLINE_1,Gasoline,-0.9248133015764336,-1.478820660179063,4
PET,HT,GASOLINE_1,Gasoline,-1.0437452983937705,-2.119991553923187,4
PET,HT,GASOLINE_1,Gasoline,-1.1031668021537804,-2.2554353924903183,4
PET,HT,GASOLINE_1,Gasoline,-1.0147982289051898,-1.9241821120594542,4
PET,HT,GASOLINE_1,Gasoline,-1.1295281632872254,-2.4278844699647846,4
PET,HT,GASOLINE_1,Gasoline,-1.127805530888611,-2.3931195154812857,4
PET,HT,BA_1,BA/AA,-0.3541897961909464,1.1128371358196407,1
PET,HT,BA_1,BA/AA,-0.47544253174511536,0.8949013604892879,3
PET,HT,BA_1,BA/AA,-0.305212822863074,1.9109199346243428,1
PET,HT,BA_1,BA/AA,-0.47715136619203635,0.45883508069322315,3
PET,HT,BA_1,BA/AA,-0.5529138411010668,0.41101714174741744,3
PET,HT,BA_1,BA/AA,-0.19610882107171476,2.2912381615891393,1
PET,HT,BA_1,BA/AA,-0.3150408178890514,1.6500672678450152,1
PET,HT,BA_1,BA/AA,-0.3744623216490615,1.5146234292778844,1
PET,HT,BA_1,BA/AA,-0.2860937484004707,1.8458767097087485,1
PET,HT,BA_1,BA/AA,-0.40082368278250613,1.3421743518034177,1
PET,HT,BA_1,BA/AA,-0.39910105038389176,1.376939306286917,1
PET,LT,MeOH_1,MeOH,-0.7976079371681685,-0.13459039734804212,4
PET,LT,GASOLINE_1,Gasoline,-0.7919424662792436,-0.545367315177341,4
PET,LT,GASOLINE_1,Gasoline,-0.6398210985563729,0.4476792939411834,3
PET,LT,MeOH_1,MeOH,-0.8960072216210513,-1.6216567337752736,4
PET,LT,GASOLINE_1,Gasoline,-0.9633465597492532,-1.796490998141538,4
PET,LT,GASOLINE_1,Gasoline,-0.4170033810585009,1.23241451864001,1
PET,LT,GASOLINE_1,Gasoline,-0.4735085384042431,0.5104063227996367,3
PET,LT,GASOLINE_1,Gasoline,-0.4824940605475929,0.39171824853503584,3
PET,LT,GASOLINE_1,Gasoline,-0.47079485549349703,0.6576904955931884,3
PET,LT,GASOLINE_1,Gasoline,-0.5377041050343419,0.2681413912040922,3
PET,LT,GASOLINE_1,Gasoline,-0.5558596322260663,0.23415360331492335,3
PET,LT,MeOH_1,MeOH,-0.9767207473171223,-0.5941481095777184,4
PET,LT,FT_1,FT fuel,-0.9710552764281973,-1.0049250274070174,4
PET,LT,GASOLINE_1,Gasoline,-0.8189339087053268,-0.011878418288493753,4
PET,LT,MeOH_1,MeOH,-1.0751200317700051,-2.08121444600495,4
PET,LT,FT_1,FT fuel,-1.1424593698982073,-2.256048710371214,4
PET,LT,Olefin,Olefin,-0.5961161912074545,0.7728568064103326,3
PET,LT,GASOLINE_1,Gasoline,-0.6526213485531972,0.05084861056995958,3
PET,LT,GASOLINE_1,Gasoline,-0.661606870696547,-0.06783946369464129,4
PET,LT,GASOLINE_1,Gasoline,-0.649907665642451,0.19813278336351156,3
PET,LT,GASOLINE_1,Gasoline,-0.7168169151832956,-0.19141632102558465,4
PET,LT,GASOLINE_1,Gasoline,-0.7349724423750202,-0.2254041089147538,4
PET,LT,MeOH_1,MeOH,-1.0628305506725837,-1.3205631250741006,4
PET,LT,FT_1,FT fuel,-1.0571650797836585,-1.7313400429034007,4
PET,LT,GASOLINE_1,Gasoline,-0.9050437120607882,-0.7382934337848759,4
PET,LT,MeOH_1,MeOH,-1.1612298351254664,-2.8076294615013326,4
PET,LT,FT_1,FT fuel,-1.228569173253669,-2.982463725867597,4
PET,LT,GASOLINE_1,Gasoline,-0.6822259945629159,0.046441790913950204,3
PET,LT,MeOH_1,MeOH,-0.7387311519086589,-0.6755664049264228,4
PET,LT,GASOLINE_1,Gasoline,-0.7477166740520083,-0.7942544791910237,4
PET,LT,GASOLINE_1,Gasoline,-0.7360174689979124,-0.5282822321328705,4
PET,LT,MeOH_1,MeOH,-0.8029267185387571,-0.917831336521967,4
PET,LT,GASOLINE_1,Gasoline,-0.8210822457304817,-0.9518191244111359,4
PET,LT,MeOH_1,MeOH,-1.1268333877927073,-1.555765932045365,4
PET,LT,FT_1,FT fuel,-1.1211679169037823,-1.966542849874665,4
PET,LT,GASOLINE_1,Gasoline,-0.9690465491809115,-0.9734962407561409,4
PET,LT,MeOH_1,MeOH,-1.22523267224559,-3.0428322684725977,4
PET,LT,FT_1,FT fuel,-1.2925720103737917,-3.217666532838863,4
PET,LT,GASOLINE_1,Gasoline,-0.7462288316830391,-0.18876101605731427,4
PET,LT,GASOLINE_1,Gasoline,-0.8027339890287819,-0.9107692118976879,4
PET,LT,GASOLINE_1,Gasoline,-0.8117195111721319,-1.0294572861622882,4
PET,LT,GASOLINE_1,Gasoline,-0.8000203061180354,-0.763485039104135,4
PET,LT,GASOLINE_1,Gasoline,-0.8669295556588805,-1.153034143493232,4
PET,LT,GASOLINE_1,Gasoline,-0.8850850828506046,-1.187021931382401,4
PET,LT,MeOH_1,MeOH,-1.0474540851614162,-0.9561250507838285,4
PET,LT,FT_1,FT fuel,-1.0417886142724908,-1.3669019686131274,4
PET,LT,GASOLINE_1,Gasoline,-0.8896672465496208,-0.37385535949460386,4
PET,LT,MeOH_1,MeOH,-1.1458533696142987,-2.4431913872110607,4
PET,LT,FT_1,FT fuel,-1.213192707742501,-2.618025651577325,4
PET,LT,GASOLINE_1,Gasoline,-0.6668495290517485,0.4108798652042228,3
PET,LT,GASOLINE_1,Gasoline,-0.7233546863974912,-0.31112833063615086,4
PET,LT,GASOLINE_1,Gasoline,-0.7323402085408406,-0.429816404900752,4
PET,LT,GASOLINE_1,Gasoline,-0.7206410034867449,-0.16384415784259884,4
PET,LT,GASOLINE_1,Gasoline,-0.7875502530275896,-0.553393262231695,4
PET,LT,GASOLINE_1,Gasoline,-0.8057057802193144,-0.5873810501208636,4
PET,LT,MeOH_1,MeOH,-1.1783242396486098,-2.0250708704730016,4
PET,LT,MeOH_1,MeOH,-1.172658768759684,-2.435847788302301,4
PET,LT,MeOH_1,MeOH,-1.0205374010368138,-1.442801179183777,4
PET,LT,MeOH_1,MeOH,-1.2767235241014923,-3.512137206900233,4
PET,LT,MeOH_1,MeOH,-1.3440628622296946,-3.686971471266497,4
PET,LT,MeOH_1,MeOH,-0.7977196835389417,-0.6580659544849509,4
PET,LT,MeOH_1,MeOH,-0.8542248408846846,-1.380074150325324,4
PET,LT,MeOH_1,MeOH,-0.8632103630280342,-1.4987622245899248,4
PET,LT,MeOH_1,MeOH,-0.8515111579739383,-1.2327899775317723,4
PET,LT,MeOH_1,MeOH,-0.918420407514783,-1.622339081920868,4
PET,LT,MeOH_1,MeOH,-0.9365759347065074,-1.6563268698100364,4
PET,LT,MeOH_1,MeOH,-1.2070063338889125,-2.2638264405395003,4
PET,LT,FT_1,FT fuel,-1.201340862999987,-2.6746033583688003,4
PET,LT,GASOLINE_1,Gasoline,-1.0492194952771174,-1.6815567492502768,4
PET,LT,MeOH_1,MeOH,-1.3054056183417952,-3.7508927769667326,4
PET,LT,FT_1,FT fuel,-1.3727449564699974,-3.925727041332998,4
PET,LT,GASOLINE_1,Gasoline,-0.826401777779245,-0.8968215245514494,4
PET,LT,GASOLINE_1,Gasoline,-0.8829069351249875,-1.6188297203918225,4
PET,LT,GASOLINE_1,Gasoline,-0.8918924572683374,-1.737517794656424,4
PET,LT,GASOLINE_1,Gasoline,-0.8801932522142413,-1.4715455475982713,4
PET,LT,GASOLINE_1,Gasoline,-0.947102501755086,-1.861094651987368,4
PET,LT,GASOLINE_1,Gasoline,-0.9652580289468107,-1.8950824398765362,4
PET,LT,MeOH_1,MeOH,-0.8388961575418168,0.07671717739734739,3
PET,LT,BA_1,BA/AA,-0.8332306866528914,-0.33405974043195186,4
PET,LT,BA_1,BA/AA,-0.6811093189300209,0.6589868686865726,3
PET,LT,MeOH_1,MeOH,-0.9372954419946989,-1.4103491590298844,4
PET,LT,BA_1,BA/AA,-1.004634780122901,-1.5851834233961475,4
PET,LT,BA_1,BA/AA,-0.4582916014321486,1.443722093385399,3
PET,LT,BA_1,BA/AA,-0.5147967587778912,0.7217138975450257,3
PET,LT,BA_1,BA/AA,-0.5237822809212409,0.603025823280425,3
PET,LT,BA_1,BA/AA,-0.5120830758671451,0.8689980703385775,3
PET,LT,BA_1,BA/AA,-0.5789923254079898,0.4794489659494817,3
PET,LT,BA_1,BA/AA,-0.5971478525997144,0.44546117806031255,3
PET,HT,GASOLINE_1,Gasoline,-0.9022875204794716,-0.952412812136147,4
PET,HT,GASOLINE_1,Gasoline,-1.0419560223674242,-1.2589877815316046,4
PET,HT,GASOLINE_1,Gasoline,-0.8666653112023968,-0.914430538443535,4
PET,HT,MeOH_1,MeOH,-1.2212508870479966,-2.651268142008253,4
PET,HT,GASOLINE_1,Gasoline,-1.1667335699424397,-2.627542883843175,4
PET,HT,GASOLINE_1,Gasoline,-0.670693692020583,0.8346154391626067,3
PET,HT,GASOLINE_1,Gasoline,-0.7703351990501617,-0.3632251055853039,4
PET,HT,GASOLINE_1,Gasoline,-0.8406779139867331,-0.6173400937303242,4
PET,HT,GASOLINE_1,Gasoline,-0.6664288232934109,0.698103912581307,3
PET,HT,MeOH_1,MeOH,-0.7075093032868617,0.17209634215526282,3
PET,HT,GASOLINE_1,Gasoline,-0.6924348208911183,0.3513924691630328,3
PET,LT,GASOLINE_1,Gasoline,-0.8930028165210044,-1.5125518221126069,4
PET,LT,GASOLINE_1,Gasoline,-0.9959973505786293,-1.544281959237057,4
PET,LT,GASOLINE_1,Gasoline,-0.8054811075309493,-0.010561368050371408,4
PET,LT,MeOH_1,MeOH,-1.1042835929088384,-2.595811868158836,4
PET,LT,FT_1,FT fuel,-1.065506409513946,-2.297027753597634,4
PET,LT,Olefin,Olefin,-0.6054715757967759,0.8945218505808767,3
PET,LT,MeOH_1,MeOH,-0.7370869761648771,-0.23135702799899488,4
PET,LT,FT_1,FT fuel,-0.7794784751476346,-0.3867272940298146,4
PET,LT,GASOLINE_1,Gasoline,-0.7166032350355814,0.3227669416285434,3
PET,LT,MeOH_1,MeOH,-0.8930186238317075,-1.0700438613236976,4
PET,LT,FT_1,FT fuel,-0.9218833244770924,-1.361574102786404,4
PET,SG,MeOH_1,MeOH,-0.4751162067252772,-0.8885861093505109,4
PET,SG,FT_4,FT fuel,-0.34909325636830546,-0.6234845009186238,2
PET,SG,H2_1,H₂,-0.47087027585946123,-0.17433912819078834,4
PET,SG,MeOH_1,MeOH,-0.872806984574538,-3.9872464650898647,4
PET,SG,FT_4,FT fuel,-0.712066858106098,-3.4938718702537317,4
PET,SG,MeOH_1,MeOH,-0.41339151070021174,-0.40415747184604767,2
PET,SG,FT_1,FT fuel,-0.4511672834115249,-0.5911063586398954,4
PET,SG,H2_1,H₂,-0.5086654045832207,-0.7768170651217204,4
PET,SG,MeOH_1,MeOH,-0.7822571508037284,-3.3245079938104976,4
PET,SG,FT_1,FT fuel,-0.8101775089749463,-3.5968900604964613,4
PET,OG,MeOH_1,MeOH,-0.5988027978150644,-0.6384925023482806,4
PET,OG,FT_1,FT fuel,-0.6758298778625705,-0.23933400538860738,4
PET,OG,H2_1,H₂,-0.6176820056030934,0.2818136796765208,3
PET,OG,MeOH_1,MeOH,-0.8841608260569024,-2.6452109461095685,4
PET,OG,FT_1,FT fuel,-0.9191523799852264,-2.0798136938914307,4
PET,OG,MeOH_1,MeOH,-0.5640636402496082,0.036142755122784975,3
PET,OG,FT_1,FT fuel,-0.5369686867888004,0.4248650150045741,3
PET,OG,H2_1,H₂,-0.6009660980678453,0.38926723568597493,3
PET,OG,MeOH_1,MeOH,-0.790981529927426,-1.8460203740675807,4
PET,OG,FT_1,FT fuel,-0.7843971961510038,-1.4816183579049385,4
PP,HT,MeOH_1,MeOH,-0.23755619643190698,0.13861654727818729,1
PP,HT,FT_1,FT fuel,-0.25886547751644173,0.17595052584861726,1
PP,HT,JET FUEL_1,JET FUEL,-0.3213285885481983,0.8594545758981764,1
PP,HT,MeOH_1,MeOH,-0.6830227118624433,-2.9438869501807665,4
PP,HT,FT_1,FT fuel,-0.7394700470009349,-3.2930456848120735,4
PP,HT,Olefin,Olefin,-0.21646503077166188,2.0357241590530535,1
PP,HT,MeOH_1,MeOH,-0.22782098506423396,0.47145291389467625,1
PP,HT,FT_1,FT fuel,-0.30115128354500015,0.006171022112423182,1
PP,HT,JET FUEL_1,JET FUEL,-0.2989997150262323,1.6653103607690796,1
PP,HT,MeOH_1,MeOH,-0.6627230183653612,-2.5577602633205347,4
PP,HT,FT_1,FT fuel,-0.8079766666881313,-3.439390673260261,4
PP,HT,MeOH_1,MeOH,-0.38702329573687705,-0.2898487919004238,2
PP,HT,FT_1,FT fuel,-0.4083325768214101,-0.2525148133299932,2
PP,HT,H2_1,H₂,-0.47079568785316855,0.43098923671956657,3
PP,HT,MeOH_1,MeOH,-0.832489811167414,-3.37235228935938,4
PP,HT,FT_1,FT fuel,-0.8889371463059038,-3.7215110239906846,4
PP,HT,Olefin,Olefin,-0.3659321300766321,1.607258819874443,1
PP,HT,MeOH_1,MeOH,-0.3772880843692042,0.04298757471606642,1
PP,HT,FT_1,FT fuel,-0.4506183828499705,-0.42229431706618664,4
PP,HT,H2_1,H₂,-0.4484668143312011,1.2368450215904694,3
PP,HT,MeOH_1,MeOH,-0.8121901176703314,-2.9862256024991463,4
PP,HT,FT_1,FT fuel,-0.9574437659931011,-3.867856012438872,4
PP,HT,MeOH_1,MeOH,-0.4533329345695816,-0.944839910971267,4
PP,HT,FT_1,FT fuel,-0.47464221565411635,-0.907505932400839,4
PP,HT,H2_1,H₂,-0.5371053266858729,-0.22400188235127896,4
PP,HT,MeOH_1,MeOH,-0.8987994500001181,-4.027343408430223,4
PP,HT,FT_1,FT fuel,-0.9552467851386076,-4.376502143061528,4
PP,HT,Olefin,Olefin,-0.4322417689093366,0.9522677008035979,3
PP,HT,MeOH_1,MeOH,-0.4435977232019087,-0.6120035443547794,4
PP,HT,FT_1,FT fuel,-0.5169280216826747,-1.0772854361370316,4
PP,HT,H2_1,H₂,-0.5147764531639066,0.5818539025196245,3
PP,HT,MeOH_1,MeOH,-0.8784997565030355,-3.641216721569992,4
PP,HT,FT_1,FT fuel,-1.0237534048258052,-4.522847131509716,4
PP,HT,MeOH_1,MeOH,-0.43055560809566146,-1.1471212309363916,4
PP,HT,FT_1,FT fuel,-0.4518648891801959,-1.1097872523659627,4
PP,HT,JET FUEL_1,JET FUEL,-0.5143280002119529,-0.4262832023164019,4
PP,HT,MeOH_1,MeOH,-0.876022123526198,-4.229624728395348,4
PP,HT,FT_1,FT fuel,-0.9324694586646876,-4.578783463026651,4
PP,HT,Olefin,Olefin,-0.40946444243541663,0.7499863808384737,1
PP,HT,MeOH_1,MeOH,-0.4208203967279889,-0.814284864319903,4
PP,HT,FT_1,FT fuel,-0.4941506952087545,-1.2795667561021558,4
PP,HT,JET FUEL_1,JET FUEL,-0.4919991266899868,0.3795725825544998,3
PP,HT,MeOH_1,MeOH,-0.8557224300291156,-3.8434980415351165,4
PP,HT,FT_1,FT fuel,-1.000976078351885,-4.725128451474839,4
PP,HT,MeOH_1,MeOH,-0.4300581984932022,-0.6184541959301445,4
PP,HT,FT_1,FT fuel,-0.4513674795777371,-0.5811202173597151,4
PP,HT,H2_1,H₂,-0.5138305906094949,0.10238383268984466,3
PP,HT,MeOH_1,MeOH,-0.8755247139237387,-3.700957693389101,4
PP,HT,FT_1,FT fuel,-0.9319720490622304,-4.050116428020403,4
PP,HT,Olefin,Olefin,-0.40896703283295854,1.2786534158447216,1
PP,HT,MeOH_1,MeOH,-0.4203229871255291,-0.2856178293136552,4
PP,HT,FT_1,FT fuel,-0.49365328560629546,-0.7508997210959074,4
PP,HT,H2_1,H₂,-0.49150171708752766,0.9082396175607481,3
PP,HT,MeOH_1,MeOH,-0.8552250204266579,-3.314831006528869,4
PP,HT,FT_1,FT fuel,-1.0004786687494283,-4.1964614164685905,4
PP,HT,MeOH_1,MeOH,-0.5598690631954412,-1.6016013076347562,4
PP,HT,FT_1,FT fuel,-0.581178344279976,-1.5642673290643279,4
PP,HT,MeOH_1,MeOH,-0.6436414553117327,-0.8807632790147665,4
PP,HT,MeOH_1,MeOH,-1.0053355786259779,-4.68410480509371,4
PP,HT,FT_1,FT fuel,-1.061782913764468,-5.033263539725017,4
PP,HT,Olefin,Olefin,-0.5387778975351964,0.2955063041401094,3
PP,HT,MeOH_1,MeOH,-0.5501338518277683,-1.2687649410182682,4
PP,HT,FT_1,FT fuel,-0.6234641503085345,-1.734046832800521,4
PP,HT,MeOH_1,MeOH,-0.6213125817897662,-0.07490749414386451,4
PP,HT,MeOH_1,MeOH,-0.985035885128896,-4.2979781182334795,4
PP,HT,FT_1,FT fuel,-1.1302895334516656,-5.179608528173205,4
PP,HT,MeOH_1,MeOH,-0.6013393672016608,-1.8220790405963327,4
PP,HT,FT_1,FT fuel,-0.6226486482861956,-1.7847450620259044,4
PP,HT,H2_1,H₂,-0.6851117593179535,-1.1012410119763432,4
PP,HT,MeOH_1,MeOH,-1.0468058826321975,-4.904582538055289,4
PP,HT,FT_1,FT fuel,-1.1032532177706886,-5.253741272686592,4
PP,HT,Olefin,Olefin,-0.5802482015414161,0.07502857117853284,3
PP,HT,MeOH_1,MeOH,-0.5916041558339877,-1.4892426739798448,4
PP,HT,FT_1,FT fuel,-0.6649344543147536,-1.9545245657620969,4
PP,HT,H2_1,H₂,-0.6627828857959857,-0.2953852271054408,4
PP,HT,MeOH_1,MeOH,-1.0265061891351164,-4.518455851195059,4
PP,HT,FT_1,FT fuel,-1.1717598374578861,-5.4000862611347795,4
PP,HT,MeOH_1,MeOH,-0.46506922701615455,0.3776684486363685,3
PP,HT,FT_1,FT fuel,-0.4863785081006893,0.4150024272067979,3
PP,HT,H2_1,H₂,-0.548841619132446,1.0985064772563577,3
PP,HT,MeOH_1,MeOH,-0.9105357424466911,-2.704835048822585,4
PP,HT,FT_1,FT fuel,-0.9669830775851811,-3.0539937834538913,4
PP,HT,Olefin,Olefin,-0.4439780613559097,2.2747760604112344,3
PP,HT,MeOH_1,MeOH,-0.45533401564848147,0.7105048152528569,3
PP,HT,FT_1,FT fuel,-0.5286643141292476,0.245222923470605,3
PP,HT,H2_1,H₂,-0.5265127456104797,1.9043622621272607,3
PP,HT,MeOH_1,MeOH,-0.8902360489496085,-2.318708361962354,4
PP,HT,FT_1,FT fuel,-1.0354896972723784,-3.2003387719020795,4
PP,HT,MeOH_1,MeOH,-0.590052679862195,0.032128865522756275,3
PP,HT,FT_1,FT fuel,-0.6113619609467281,0.06946284409318507,3
PP,HT,H2_1,H₂,-0.6738250719784863,0.7529668941427449,3
PP,HT,MeOH_1,MeOH,-1.0355191952927314,-3.0503746319361995,4
PP,HT,FT_1,FT fuel,-1.0919665304312218,-3.3995333665675043,4
PP,HT,Olefin,Olefin,-0.5689615142019502,1.9292364772976214,3
PP,HT,MeOH_1,MeOH,-0.5803174684945221,0.3649652321392447,3
PP,HT,FT_1,FT fuel,-0.6536477669752884,-0.10031665964300841,4
PP,HT,H2_1,H₂,-0.6514961984565202,1.5588226790136472,3
PP,HT,MeOH_1,MeOH,-1.0152195017956496,-2.6642479450759677,4
PP,HT,FT_1,FT fuel,-1.1604731501184193,-3.545878355015693,4
PP,LT,GASOLINE_1,Gasoline,-0.29469724383285506,0.8122069381664363,1
PP,LT,GASOLINE_1,Gasoline,-0.327049195416369,0.7264928769298526,1
PP,LT,GASOLINE_1,Gasoline,-0.2718864249550536,1.0629697069048747,1
PP,LT,GASOLINE_1,Gasoline,-0.3548065993499445,0.5532891768937025,1
PP,LT,GASOLINE_1,Gasoline,-0.3794517918378139,0.5109885486440244,1
PP,LT,GASOLINE_1,Gasoline,-0.18064921129754793,1.5575150043806427,1
PP,LT,GASOLINE_1,Gasoline,-0.2841371022747971,0.9104079342291271,1
PP,LT,GASOLINE_1,Gasoline,-0.3371986457199289,0.7874366915483472,1
PP,LT,GASOLINE_1,Gasoline,-0.264427786958527,1.0859525384446156,1
PP,LT,GASOLINE_1,Gasoline,-0.3463003180742611,0.5919405012096748,1
PP,LT,GASOLINE_1,Gasoline,-0.3545971300554493,0.6140453049755686,1
PP,LT,DIESEL_1,Diesel,-0.41324811509203596,0.29849916512126534,1
PP,LT,DIESEL_1,Diesel,-0.44560006667555,0.21278510388468147,3
PP,LT,DIESEL_1,Diesel,-0.3904372962142333,0.5492619338597032,1
PP,LT,DIESEL_1,Diesel,-0.4733574706091237,0.03958140384853095,3
PP,LT,DIESEL_1,Diesel,-0.49800266309699326,-0.0027192244011473654,4
PP,LT,DIESEL_1,Diesel,-0.29920008255672725,1.0438072313354712,1
PP,LT,DIESEL_1,Diesel,-0.40268797353397645,0.39670016118395596,1
PP,LT,DIESEL_1,Diesel,-0.4557495169791084,0.27372891850317566,3
PP,LT,DIESEL_1,Diesel,-0.38297865821770644,0.5722447653994444,1
PP,LT,DIESEL_1,Diesel,-0.4648511893334422,0.07823272816450358,3
PP,LT,DIESEL_1,Diesel,-0.4731480013146284,0.10033753193039804,3
PP,LT,DIESEL_1,Diesel,-0.48338616650068117,-0.6049962989317319,4
PP,LT,DIESEL_1,Diesel,-0.5157381180841947,-0.6907103601683161,4
PP,LT,DIESEL_1,Diesel,-0.46057534762287944,-0.35423353019329457,4
PP,LT,DIESEL_1,Diesel,-0.5434955220177701,-0.8639140602044663,4
PP,LT,DIESEL_1,Diesel,-0.5681407145056397,-0.9062146884541449,4
PP,LT,DIESEL_1,Diesel,-0.3693381339653736,0.14031176728247285,1
PP,LT,DIESEL_1,Diesel,-0.4728260249426223,-0.5067953028690418,4
PP,LT,DIESEL_1,Diesel,-0.5258875683877544,-0.6297665455498221,4
PP,LT,DIESEL_1,Diesel,-0.45311670962635264,-0.33125069865355283,4
PP,LT,DIESEL_1,Diesel,-0.5349892407420869,-0.8252627358884945,4
PP,LT,DIESEL_1,Diesel,-0.5432860527232746,-0.803157932122601,4
PP,LT,DIESEL_1,Diesel,-0.5296497063652286,-0.7925827003252205,4
PP,LT,DIESEL_1,Diesel,-0.5620016579487424,-0.8782967615618047,4
PP,LT,DIESEL_1,Diesel,-0.5068388874874254,-0.5418199315867832,4
PP,LT,DIESEL_1,Diesel,-0.589759061882316,-1.0515004615979548,4
PP,LT,DIESEL_1,Diesel,-0.6144042543701854,-1.0938010898476347,4
PP,LT,DIESEL_1,Diesel,-0.4156016738299193,-0.04727463411101669,2
PP,LT,DIESEL_1,Diesel,-0.5190895648071684,-0.6943817042625317,4
PP,LT,DIESEL_1,Diesel,-0.5721511082523002,-0.8173529469433108,4
PP,LT,DIESEL_1,Diesel,-0.4993802494908998,-0.5188371000470424,4
PP,LT,DIESEL_1,Diesel,-0.5812527806066342,-1.0128491372819826,4
PP,LT,DIESEL_1,Diesel,-0.5895495925878204,-0.990744333516089,4
PP,LT,DIESEL_1,Diesel,-0.49126787162224295,-0.22755710340696395,4
PP,LT,DIESEL_1,Diesel,-0.5236198232057571,-0.31327116464354726,4
PP,LT,DIESEL_1,Diesel,-0.46845705274444044,0.023205665331474244,3
PP,LT,DIESEL_1,Diesel,-0.5513772271393309,-0.48647486467969836,4
PP,LT,DIESEL_1,Diesel,-0.5760224196272021,-0.5287754929293761,4
PP,LT,DIESEL_1,Diesel,-0.3772198390869342,0.517750962807242,1
PP,LT,DIESEL_1,Diesel,-0.4807077300641844,-0.12935610734427244,4
PP,LT,DIESEL_1,Diesel,-0.5337692735093152,-0.2523273500250524,4
PP,LT,DIESEL_1,Diesel,-0.46099841474791475,0.046188496871216,3
PP,LT,DIESEL_1,Diesel,-0.542870945863649,-0.4478235403637251,4
PP,LT,DIESEL_1,Diesel,-0.5511677578448354,-0.42571873659783066,4
PP,LT,MeOH_1,MeOH,-0.6660092803241179,-1.7753833700720778,4
PP,LT,DIESEL_1,Diesel,-0.6983612319076322,-1.8610974313086626,4
PP,LT,DIESEL_1,Diesel,-0.643198461446316,-1.5246206013336399,4
PP,LT,MeOH_1,MeOH,-0.726118635841207,-2.034301131344812,4
PP,LT,DIESEL_1,Diesel,-0.7507638283290766,-2.0766017595944914,4
PP,LT,DIESEL_1,Diesel,-0.5519612477888102,-1.0300753038578734,4
PP,LT,MeOH_1,MeOH,-0.6554491387660595,-1.6771823740093879,4
PP,LT,DIESEL_1,Diesel,-0.7085106822111916,-1.8001536166901686,4
PP,LT,DIESEL_1,Diesel,-0.6357398234497894,-1.5016377697938998,4
PP,LT,MeOH_1,MeOH,-0.7176123545655235,-1.9956498070288404,4
PP,LT,DIESEL_1,Diesel,-0.7259091665467119,-1.973545003262947,4
PP,LT,DIESEL_1,Diesel,-0.730598838812109,-2.143710748278428,4
PP,LT,DIESEL_1,Diesel,-0.7629507903956236,-2.229424809515012,4
PP,LT,DIESEL_1,Diesel,-0.7077880199343077,-1.8929479795399908,4
PP,LT,DIESEL_1,Diesel,-0.7907081943291986,-2.4026285095511626,4
PP,LT,DIESEL_1,Diesel,-0.8153533868170683,-2.4449291378008406,4
PP,LT,DIESEL_1,Diesel,-0.6165508062768021,-1.398402682064223,4
PP,LT,DIESEL_1,Diesel,-0.720038697254051,-2.0455097522157373,4
PP,LT,DIESEL_1,Diesel,-0.7731002406991831,-2.168480994896518,4
PP,LT,DIESEL_1,Diesel,-0.7003293819377809,-1.8699651480002495,4
PP,LT,DIESEL_1,Diesel,-0.7822019130535154,-2.3639771852351905,4
PP,LT,DIESEL_1,Diesel,-0.7904987250347028,-2.3418723814692965,4
PP,LT,DIESEL_1,Diesel,-0.4565028053354817,1.0358846657654044,3
PP,LT,DIESEL_1,Diesel,-0.4888547569189958,0.9501706045288204,3
PP,LT,DIESEL_1,Diesel,-0.43369198645768026,1.286647434503842,3
PP,LT,DIESEL_1,Diesel,-0.516612160852571,0.7769669044926703,3
PP,LT,DIESEL_1,Diesel,-0.5412573533404407,0.7346662762429914,3
PP,LT,DIESEL_1,Diesel,-0.342454772800174,1.78119273197961,1
PP,LT,DIESEL_1,Diesel,-0.4459426637774236,1.1340856618280948,3
PP,LT,DIESEL_1,Diesel,-0.499004207222554,1.0111144191473145,3
PP,LT,DIESEL_1,Diesel,-0.4262333484611533,1.3096302660435837,3
PP,LT,DIESEL_1,Diesel,-0.5081058795768877,0.815618228808642,3
PP,LT,DIESEL_1,Diesel,-0.5164026915580756,0.8377230325745365,3
PP,LT,DIESEL_1,Diesel,-0.5607937054527333,0.7985753581064364,3
PP,LT,DIESEL_1,Diesel,-0.5931456570362462,0.7128612968698526,3
PP,LT,DIESEL_1,Diesel,-0.5379828865749308,1.049338126844874,3
PP,LT,DIESEL_1,Diesel,-0.6209030609698212,0.5396575968337017,3
PP,LT,DIESEL_1,Diesel,-0.645548253457691,0.49735696858402373,3
PP,LT,DIESEL_1,Diesel,-0.44674567291742506,1.5438834243206419,3
PP,LT,DIESEL_1,Diesel,-0.5502335638946738,0.8967763541691266,3
PP,LT,DIESEL_1,Diesel,-0.6032951073398058,0.7738051114883466,3
PP,LT,DIESEL_1,Diesel,-0.5305242485784036,1.0723209583846154,3
PP,LT,DIESEL_1,Diesel,-0.6123967796941394,0.578308921149674,3
PP,LT,DIESEL_1,Diesel,-0.6206935916753257,0.6004137249155682,3
PP,HT,MeOH_1,MeOH,-0.35325747576814154,-0.30080314259500207,2
PP,HT,FT_1,FT fuel,-0.4247513682653921,-0.39853624421691536,4
PP,HT,H2_1,H₂,-0.4681850424112615,-0.23041761741309016,4
PP,HT,MeOH_1,MeOH,-0.7642348769483389,-1.341905970638435,4
PP,HT,FT_1,FT fuel,-0.7357535953715139,-1.5980655546635898,4
PP,HT,Olefin,Olefin,-0.2842338087172418,1.8027721982757163,1
PP,HT,MeOH_1,MeOH,-0.35630220943315455,-0.5548467310494849,2
PP,HT,FT_1,FT fuel,-0.4392415992746821,-1.413579167812756,4
PP,HT,H2_1,H₂,-0.4297221439245092,0.05814864894764602,3
PP,HT,MeOH_1,MeOH,-0.8837694658972906,-4.302403280249021,4
PP,HT,FT_1,FT fuel,-0.7853175829118366,-3.4497271193091583,4
PP,LT,DIESEL_1,Diesel,-0.3749395024488327,-0.12043210468335538,2
PP,LT,DIESEL_1,Diesel,-0.43355335362878167,-0.3271559513452363,4
PP,LT,DIESEL_1,Diesel,-0.38477582689543627,0.34623151088972004,1
PP,LT,MeOH_1,MeOH,-0.5912144841317486,-1.5378975581685153,4
PP,LT,DIESEL_1,Diesel,-0.6526805713666519,-1.8251830253143624,4
PP,LT,DIESEL_1,Diesel,-0.30127893427160257,1.0004028976169712,1
PP,LT,DIESEL_1,Diesel,-0.385490024144587,-0.14449696876517146,2
PP,LT,DIESEL_1,Diesel,-0.5294744809393066,-0.7812936648591444,4
PP,LT,DIESEL_1,Diesel,-0.3923462457523212,0.3466775162420261,1
PP,LT,MeOH_1,MeOH,-0.6840795224631693,-1.9067931418740014,4
PP,LT,DIESEL_1,Diesel,-0.5633611315022584,-1.5862516652060519,4
PP,SG,MeOH_1,MeOH,-0.17797523337304869,-0.8731966091620419,2
PP,SG,FT_1,FT fuel,-0.3251883874799537,-1.9193337033501265,2
PP,SG,H2_1,H₂,-0.2663007388581137,-0.9125210175607154,2
PP,SG,MeOH_1,MeOH,-0.8256103102130765,-6.138011008848294,4
PP,SG,FT_1,FT fuel,-0.9780534054916038,-7.170534527355541,4
PP,SG,MeOH_1,MeOH,-0.19354347577121686,-0.7887275068430254,2
PP,SG,FT_1,FT fuel,-0.40558730322973363,-2.1969745577782605,2
PP,SG,H2_1,H₂,-0.29430279201855813,-0.9383752013217321,2
PP,SG,MeOH_1,MeOH,-0.8327116599068811,-6.16561939977165,4
PP,SG,FT_1,FT fuel,-1.021240096319658,-7.194664136254006,4
PP,OG,MeOH_1,MeOH,-0.3977167670509036,0.22364599687367528,1
PP,OG,FT_1,FT fuel,-0.47184397133582295,-0.2538732886101276,4
PP,OG,H2_1,H₂,-0.4518463434440412,0.9435489238864899,3
PP,OG,MeOH_1,MeOH,-0.8381126871950447,-3.3072109013951327,4
PP,OG,FT_1,FT fuel,-0.8908890751774279,-3.4822564744513347,4
PP,OG,MeOH_1,MeOH,-0.3778678560110759,0.3967524107758385,1
PP,OG,FT_1,FT fuel,-0.30898797118505,0.6748984865381441,1
PP,OG,H2_1,H₂,-0.45182094111289517,0.41159676229363173,3
PP,OG,MeOH_1,MeOH,-0.7533550377934688,-2.7699032799533927,4
PP,OG,FT_1,FT fuel,-0.7072839595041476,-2.722086915233648,4
PVC,HT,JET FUEL_1,JET FUEL,-0.5808874142596908,-0.2406860133156079,4
PVC,HT,JET FUEL_1,JET FUEL,-0.6676100660785608,-0.30145175277419894,4
PVC,HT,JET FUEL_1,JET FUEL,-0.5383790856646566,0.40541941380294955,3
PVC,HT,JET FUEL_1,JET FUEL,-0.6789879727749424,-0.76355254076108,4
PVC,HT,JET FUEL_1,JET FUEL,-0.7319422518226301,-0.7254824623290744,4
PVC,HT,JET FUEL_1,JET FUEL,-0.4634157552056613,0.6320645081515524,3
PVC,HT,JET FUEL_1,JET FUEL,-0.5199757221456329,0.3477389213557539,3
PVC,HT,JET FUEL_1,JET FUEL,-0.5718038225177903,0.19221578412264065,3
PVC,HT,JET FUEL_1,JET FUEL,-0.5160535752859605,0.35901669061191177,3
PVC,HT,JET FUEL_1,JET FUEL,-0.5693593400917841,0.08660869674561322,3
PVC,HT,JET FUEL_1,JET FUEL,-0.5995869174248213,-0.11055780042120993,4
PVC,HT,DIESEL_1,Diesel,-0.6645534173703924,-0.4074239883330971,4
PVC,HT,FT_1,FT fuel,-0.751276069189262,-0.4681897277916878,4
PVC,HT,DIESEL_1,Diesel,-0.6220450887753581,0.23868143878546058,3
PVC,HT,DIESEL_1,Diesel,-0.7626539758856437,-0.9302905157785699,4
PVC,HT,FT_1,FT fuel,-0.8156082549333314,-0.8922204373465633,4
PVC,HT,Olefin,Olefin,-0.5470817583163626,0.4653265331340632,3
PVC,HT,DIESEL_1,Diesel,-0.6036417252563343,0.18100094633826494,3
PVC,HT,DIESEL_1,Diesel,-0.6554698256284913,0.025477809105151444,3
PVC,HT,DIESEL_1,Diesel,-0.5997195783966619,0.19227871559442297,3
PVC,HT,DIESEL_1,Diesel,-0.6530253432024854,-0.08012927827187598,4
PVC,HT,DIESEL_1,Diesel,-0.6832529205355226,-0.2772957754386991,4
PVC,HT,MeOH_1,MeOH,-0.7061093372435893,-0.8486351190769058,4
PVC,HT,MeOH_1,MeOH,-0.7928319890624588,-0.9094008585354966,4
PVC,HT,MeOH_1,MeOH,-0.663601008648555,-0.20252969195834844,4
PVC,HT,MeOH_1,MeOH,-0.8042098957588404,-1.3715016465223786,4
PVC,HT,FT_1,FT fuel,-0.8571641748065281,-1.3334315680903719,4
PVC,HT,MeOH_1,MeOH,-0.5886376781895593,0.02411540239025414,3
PVC,HT,MeOH_1,MeOH,-0.6451976451295309,-0.2602101844055444,4
PVC,HT,MeOH_1,MeOH,-0.6970257455016882,-0.4157333216386577,4
PVC,HT,MeOH_1,MeOH,-0.6412754982698586,-0.24893241514938622,4
PVC,HT,MeOH_1,MeOH,-0.694581263075682,-0.5213404090156853,4
PVC,HT,MeOH_1,MeOH,-0.7248088404087193,-0.7185069061825085,4
PVC,HT,DIESEL_1,Diesel,-0.7242608425577978,-0.8644339280394637,4
PVC,HT,FT_1,FT fuel,-0.8109834943766673,-0.9251996674980539,4
PVC,HT,DIESEL_1,Diesel,-0.6817525139627633,-0.21832850092090636,4
PVC,HT,DIESEL_1,Diesel,-0.8223614010730487,-1.3873004554849362,4
PVC,HT,FT_1,FT fuel,-0.8753156801207365,-1.34923037705293,4
PVC,HT,DIESEL_1,Diesel,-0.6067891835037679,0.008316593427696526,3
PVC,HT,DIESEL_1,Diesel,-0.6633491504437393,-0.2760089933681017,4
PVC,HT,DIESEL_1,Diesel,-0.7151772508158963,-0.43153213060121537,4
PVC,HT,DIESEL_1,Diesel,-0.659427003584067,-0.26473122411194383,4
PVC,HT,DIESEL_1,Diesel,-0.7127327683898905,-0.537139217978242,4
PVC,HT,DIESEL_1,Diesel,-0.7429603457229275,-0.734305715145066,4
PVC,HT,DIESEL_1,Diesel,-0.7043266528784896,-0.6210965319256944,4
PVC,HT,FT_1,FT fuel,-0.791049304697359,-0.6818622713842851,4
PVC,HT,DIESEL_1,Diesel,-0.6618183242834552,0.0250088951928629,3
PVC,HT,DIESEL_1,Diesel,-0.802427211393741,-1.1439630593711674,4
PVC,HT,FT_1,FT fuel,-0.8553814904414284,-1.105892980939161,4
PVC,HT,DIESEL_1,Diesel,-0.5868549938244598,0.2516539895414656,3
PVC,HT,DIESEL_1,Diesel,-0.6434149607644315,-0.0326715972543332,4
PVC,HT,DIESEL_1,Diesel,-0.6952430611365886,-0.18819473448744625,4
PVC,HT,DIESEL_1,Diesel,-0.639492813904759,-0.021393827998174877,4
PVC,HT,DIESEL_1,Diesel,-0.6927985787105826,-0.2938018218644737,4
PVC,HT,DIESEL_1,Diesel,-0.7230261560436199,-0.4909683190312973,4
PVC,HT,MeOH_1,MeOH,-0.7958908119390079,-1.375959150423991,4
PVC,HT,MeOH_1,MeOH,-0.8826134637578775,-1.4367248898825824,4
PVC,HT,MeOH_1,MeOH,-0.7533824833439733,-0.7298537233054337,4
PVC,HT,MeOH_1,MeOH,-0.8939913704542594,-1.8988256778694637,4
PVC,HT,MeOH_1,MeOH,-0.9469456495019466,-1.8607555994374578,4
PVC,HT,MeOH_1,MeOH,-0.6784191528849779,-0.503208628956831,4
PVC,HT,MeOH_1,MeOH,-0.7349791198249493,-0.7875342157526296,4
PVC,HT,MeOH_1,MeOH,-0.786807220197107,-0.9430573529857427,4
PVC,HT,MeOH_1,MeOH,-0.7310569729652773,-0.7762564464964715,4
PVC,HT,MeOH_1,MeOH,-0.7843627377711009,-1.04866444036277,4
PVC,HT,MeOH_1,MeOH,-0.8145903151041378,-1.2458309375295937,4
PVC,HT,DIESEL_1,Diesel,-0.827760006072762,-1.5457636598990563,4
PVC,HT,FT_1,FT fuel,-0.9144826578916317,-1.6065293993576466,4
PVC,HT,DIESEL_1,Diesel,-0.7852516774777277,-0.8996582327804988,4
PVC,HT,DIESEL_1,Diesel,-0.9258605645880136,-2.0686301873445285,4
PVC,HT,FT_1,FT fuel,-0.9788148436357013,-2.030560108912522,4
PVC,HT,DIESEL_1,Diesel,-0.7102883470187321,-0.6730131384318957,4
PVC,HT,DIESEL_1,Diesel,-0.7668483139587037,-0.9573387252276943,4
PVC,HT,DIESEL_1,Diesel,-0.8186764143308611,-1.1128618624608075,4
PVC,HT,DIESEL_1,Diesel,-0.7629261670990316,-0.9460609559715357,4
PVC,HT,DIESEL_1,Diesel,-0.8162319319048549,-1.218468949837835,4
PVC,HT,DIESEL_1,Diesel,-0.8464595092378919,-1.4156354470046586,4
PVC,HT,Aromatics,Aromatics,-0.7891306913638231,0.09335191220596523,3
PVC,HT,Aromatics,Aromatics,-0.8758533431826929,0.03258617274737418,3
PVC,HT,Aromatics,Aromatics,-0.7466223627687888,0.7394573393245226,3
PVC,HT,Aromatics,Aromatics,-0.8872312498790745,-0.42951461523950724,4
PVC,HT,Aromatics,Aromatics,-0.940185528926762,-0.3914445368075013,4
PVC,HT,Aromatics,Aromatics,-0.6716590323097932,0.9661024336731253,3
PVC,HT,Aromatics,Aromatics,-0.728218999249765,0.6817768468773271,3
PVC,HT,Aromatics,Aromatics,-0.780047099621922,0.5262537096442138,3
PVC,HT,Aromatics,Aromatics,-0.7242968523900926,0.693054616133485,3
PVC,HT,Aromatics,Aromatics,-0.7776026171959161,0.42064662226718635,3
PVC,HT,Aromatics,Aromatics,-0.807830194528953,0.2234801251003629,3
PVC,HT,Aromatics,Aromatics,-0.8642615236443899,-0.1895741739939645,4
PVC,HT,Aromatics,Aromatics,-0.9509841754632595,-0.25033991345255524,4
PVC,HT,Aromatics,Aromatics,-0.8217531950493553,0.45653125312459336,3
PVC,HT,Aromatics,Aromatics,-0.9623620821596409,-0.7124407014394369,4
PVC,HT,Aromatics,Aromatics,-1.015316361207329,-0.6743706230074308,4
PVC,HT,Aromatics,Aromatics,-0.7467898645903598,0.6831763474731961,3
PVC,HT,Aromatics,Aromatics,-0.8033498315303312,0.39885076067739755,3
PVC,HT,Aromatics,Aromatics,-0.8551779319024885,0.24332762344428435,3
PVC,HT,Aromatics,Aromatics,-0.7994276846706587,0.41012852993355564,3
PVC,HT,Aromatics,Aromatics,-0.8527334494764826,0.13772053606725693,3
PVC,HT,Aromatics,Aromatics,-0.8829610268095197,-0.05944596109956652,4
PVC,LT,GASOLINE_1,Gasoline,-0.5368919154645491,-0.40957113911677034,4
PVC,LT,GASOLINE_1,Gasoline,-0.6312854772268089,-0.4373136570937091,4
PVC,LT,GASOLINE_1,Gasoline,-0.48616753177959837,0.382173666511915,3
PVC,LT,GASOLINE_1,Gasoline,-0.6515309972959046,-1.028720600880415,4
PVC,LT,GASOLINE_1,Gasoline,-0.5611520509599528,-0.6503835248056644,4
PVC,LT,GASOLINE_1,Gasoline,-0.3995154245902002,0.6552319347070953,1
PVC,LT,GASOLINE_1,Gasoline,-0.4705768715911486,0.2662476675109783,3
PVC,LT,GASOLINE_1,Gasoline,-0.49980575055833043,0.17366117943110138,3
PVC,LT,GASOLINE_1,Gasoline,-0.46437733004105186,0.3133947287018917,3
PVC,LT,GASOLINE_1,Gasoline,-0.5170654826145765,0.05182054269808203,3
PVC,LT,GASOLINE_1,Gasoline,-0.531090721910482,-0.008554421760810614,4
PVC,LT,GASOLINE_1,Gasoline,-0.656808753436774,-0.5805435826852691,4
PVC,LT,FT_1,FT fuel,-0.7512023151990344,-0.6082861006622079,4
PVC,LT,GASOLINE_1,Gasoline,-0.6060843697518237,0.21120122294341565,3
PVC,LT,GASOLINE_1,Gasoline,-0.7714478352681294,-1.1996930444489144,4
PVC,LT,FT_1,FT fuel,-0.6810688889321779,-0.8213559683741641,4
PVC,LT,Olefin,Olefin,-0.5194322625624253,0.48425949113859573,3
PVC,LT,GASOLINE_1,Gasoline,-0.5904937095633738,0.09527522394247905,3
PVC,LT,GASOLINE_1,Gasoline,-0.6197225885305558,0.0026887358626022937,3
PVC,LT,GASOLINE_1,Gasoline,-0.5842941680132772,0.14242228513339222,3
PVC,LT,GASOLINE_1,Gasoline,-0.6369823205868013,-0.11915190087041735,4
PVC,LT,GASOLINE_1,Gasoline,-0.6510075598827072,-0.17952686532931014,4
PVC,LT,MeOH_1,MeOH,-0.6870016268427103,-1.017303354672504,4
PVC,LT,MeOH_1,MeOH,-0.7813951886049706,-1.0450458726494423,4
PVC,LT,MeOH_1,MeOH,-0.6362772431577596,-0.22555854904381842,4
PVC,LT,MeOH_1,MeOH,-0.8016407086740659,-1.636452816436149,4
PVC,LT,FT_1,FT fuel,-0.7112617623381139,-1.258115740361398,4
PVC,LT,MeOH_1,MeOH,-0.5496251359683619,0.04749971915136143,3
PVC,LT,MeOH_1,MeOH,-0.62068658296931,-0.3414845480447555,4
PVC,LT,MeOH_1,MeOH,-0.6499154619364916,-0.4340710361246324,4
PVC,LT,MeOH_1,MeOH,-0.6144870414192133,-0.294337486853842,4
PVC,LT,MeOH_1,MeOH,-0.6671751939927378,-0.5559116728576518,4
PVC,LT,MeOH_1,MeOH,-0.6812004332886435,-0.6162866373165443,4
PVC,LT,GASOLINE_1,Gasoline,-0.729828330483833,-1.1167689840521455,4
PVC,LT,FT_1,FT fuel,-0.8242218922460933,-1.1445115020290844,4
PVC,LT,GASOLINE_1,Gasoline,-0.6791039467988826,-0.32502417842346,4
PVC,LT,GASOLINE_1,Gasoline,-0.8444674123151884,-1.7359184458157904,4
PVC,LT,FT_1,FT fuel,-0.7540884659792368,-1.3575813697410393,4
PVC,LT,GASOLINE_1,Gasoline,-0.5924518396094844,-0.05196591022827983,4
PVC,LT,GASOLINE_1,Gasoline,-0.6635132866104327,-0.44095017742439657,4
PVC,LT,GASOLINE_1,Gasoline,-0.6927421655776146,-0.5335366655042738,4
PVC,LT,GASOLINE_1,Gasoline,-0.657313745060336,-0.3938031162334836,4
PVC,LT,GASOLINE_1,Gasoline,-0.7100018976338606,-0.6553773022372928,4
PVC,LT,GASOLINE_1,Gasoline,-0.7240271369297663,-0.7157522666961855,4
PVC,LT,GASOLINE_1,Gasoline,-0.6931264962745053,-0.8078804345052054,4
PVC,LT,FT_1,FT fuel,-0.7875200580367656,-0.8356229524821439,4
PVC,LT,GASOLINE_1,Gasoline,-0.6424021125895547,-0.0161356288765198,4
PVC,LT,GASOLINE_1,Gasoline,-0.8077655781058608,-1.4270298962688506,4
PVC,LT,FT_1,FT fuel,-0.7173866317699091,-1.0486928201940995,4
PVC,LT,GASOLINE_1,Gasoline,-0.5557500054001565,0.2569226393186599,3
PVC,LT,GASOLINE_1,Gasoline,-0.6268114524011048,-0.13206162787745684,4
PVC,LT,GASOLINE_1,Gasoline,-0.6560403313682867,-0.22464811595733358,4
PVC,LT,GASOLINE_1,Gasoline,-0.6206119108510084,-0.08491456668654368,4
PVC,LT,GASOLINE_1,Gasoline,-0.6733000634245324,-0.3464887526903534,4
PVC,LT,GASOLINE_1,Gasoline,-0.6873253027204383,-0.40686371714924574,4
PVC,LT,MeOH_1,MeOH,-0.736374655696638,-1.4026043269248263,4
PVC,LT,MeOH_1,MeOH,-0.8307682174588975,-1.4303468449017644,4
PVC,LT,MeOH_1,MeOH,-0.6856502720116868,-0.6108595212961412,4
PVC,LT,MeOH_1,MeOH,-0.8510137375279934,-2.0217537886884727,4
PVC,LT,MeOH_1,MeOH,-0.7606347911920418,-1.643416712613721,4
PVC,LT,MeOH_1,MeOH,-0.5989981648222888,-0.337801253100961,4
PVC,LT,MeOH_1,MeOH,-0.6700596118232371,-0.7267855202970782,4
PVC,LT,MeOH_1,MeOH,-0.6992884907904193,-0.8193720083769548,4
PVC,LT,MeOH_1,MeOH,-0.6638600702731404,-0.6796384591061648,4
PVC,LT,MeOH_1,MeOH,-0.7165482228466646,-0.9412126451099745,4
PVC,LT,MeOH_1,MeOH,-0.7305734621425708,-1.0015876095688672,4
PVC,LT,GASOLINE_1,Gasoline,-0.8269849945902644,-1.8396176890249956,4
PVC,LT,FT_1,FT fuel,-0.9213785563525246,-1.8673602070019346,4
PVC,LT,GASOLINE_1,Gasoline,-0.7762606109053138,-1.0478728833963105,4
PVC,LT,GASOLINE_1,Gasoline,-0.94162407642162,-2.458767150788641,4
PVC,LT,FT_1,FT fuel,-0.8512451300856684,-2.0804300747138895,4
PVC,LT,GASOLINE_1,Gasoline,-0.6896085037159156,-0.7748146152011308,4
PVC,LT,GASOLINE_1,Gasoline,-0.7606699507168642,-1.1637988823972476,4
PVC,LT,GASOLINE_1,Gasoline,-0.7898988296840459,-1.2563853704771244,4
PVC,LT,GASOLINE_1,Gasoline,-0.7544704091667678,-1.1166518212063339,4
PVC,LT,GASOLINE_1,Gasoline,-0.807158561740292,-1.3782260072101438,4
PVC,LT,GASOLINE_1,Gasoline,-0.8211838010361976,-1.4386009716690367,4
PVC,LT,Aromatics,Aromatics,-0.8086142281669766,-0.19324862151718766,4
PVC,LT,FT_1,FT fuel,-0.9030077899292366,-0.22099113949412674,4
PVC,LT,Aromatics,Aromatics,-0.7578898444820259,0.5984961841114975,3
PVC,LT,Aromatics,Aromatics,-0.923253309998332,-0.8123980832808331,4
PVC,LT,FT_1,FT fuel,-0.8328743636623804,-0.43406100720608204,4
PVC,LT,Aromatics,Aromatics,-0.671237737292628,0.8715544523066774,3
PVC,LT,Aromatics,Aromatics,-0.742299184293576,0.4825701851105607,3
PVC,LT,Aromatics,Aromatics,-0.7715280632607581,0.3899836970306836,3
PVC,LT,Aromatics,Aromatics,-0.7360996427434796,0.5297172463014739,3
PVC,LT,Aromatics,Aromatics,-0.7887877953170042,0.2681430602976644,3
PVC,LT,Aromatics,Aromatics,-0.8028130346129098,0.20776809583877162,3
PVC,LT,Aromatics,Aromatics,-0.8788815914555973,-0.4716745868244505,4
PVC,LT,FT_1,FT fuel,-0.9732751532178576,-0.49941710480138896,4
PVC,LT,Aromatics,Aromatics,-0.8281572077706464,0.3200702188042353,3
PVC,LT,Aromatics,Aromatics,-0.9935206732869528,-1.0908240485880953,4
PVC,LT,FT_1,FT fuel,-0.903141726951001,-0.7124869725133446,4
PVC,LT,Aromatics,Aromatics,-0.7415051005812484,0.5931284869994153,3
PVC,LT,Aromatics,Aromatics,-0.8125665475821969,0.20414421980329855,3
PVC,LT,Aromatics,Aromatics,-0.8417954265493788,0.11155773172342137,3
PVC,LT,Aromatics,Aromatics,-0.8063670060321002,0.2512912809942117,3
PVC,LT,Aromatics,Aromatics,-0.8590551586056245,-0.01028290500959769,4
PVC,LT,Aromatics,Aromatics,-0.8730803979015305,-0.07065786946849048,4
PVC,HT,MeOH_1,MeOH,-0.6978373559523187,-0.30172913005385144,4
PVC,HT,FT_1,FT fuel,-0.7553265957855197,-0.45211973877080264,4
PVC,HT,DIESEL_1,Diesel,-0.6472561763567004,-1.1412129295230264,4
PVC,HT,MeOH_1,MeOH,-0.9470462775730445,-1.5571897903116583,4
PVC,HT,FT_1,FT fuel,-0.9328565349050686,-1.5528318385413935,4
PVC,HT,Olefin,Olefin,-0.5711526411884696,0.3644065323998296,3
PVC,HT,MeOH_1,MeOH,-0.6309369574090761,-0.6208247211463612,4
PVC,HT,DIESEL_1,Diesel,-0.7076042086668557,-0.7741974104408113,4
PVC,HT,DIESEL_1,Diesel,-0.6285144955460407,0.16120804221140161,3
PVC,HT,MeOH_1,MeOH,-0.7875805219638474,-1.389279258711871,4
PVC,HT,DIESEL_1,Diesel,-0.8707484919495602,-1.648168733367443,4
PVC,LT,MeOH_1,MeOH,-0.6470862186968878,-0.8760306382911658,4
PVC,LT,FT_1,FT fuel,-0.6862825126947368,-0.8915482301960811,4
PVC,LT,GASOLINE_1,Gasoline,-0.6268197452483792,-0.10597401605138392,4
PVC,LT,MeOH_1,MeOH,-0.8566866908052694,-1.9094750115850907,4
PVC,LT,FT_1,FT fuel,-0.861770075272374,-2.068584203977796,4
PVC,LT,Olefin,Olefin,-0.5237748070754816,0.4878849720008597,3
PVC,LT,MeOH_1,MeOH,-0.6079206068859702,-0.2938413827057834,4
PVC,LT,GASOLINE_1,Gasoline,-0.6799374390103069,-0.46852869113321244,4
PVC,LT,GASOLINE_1,Gasoline,-0.6071762543024429,0.06697213800768584,3
PVC,LT,MeOH_1,MeOH,-0.754699187226328,-1.1528265947515401,4
PVC,LT,GASOLINE_1,Gasoline,-0.8125224338505104,-1.4105675551546246,4
PVC,SG,MeOH_1,MeOH,-0.481556396817777,-0.5731524927330786,4
PVC,SG,FT_1,FT fuel,-0.49679020006229835,-0.5381051955599024,4
PVC,SG,H2_1,H₂,-0.5038847222165806,-0.3744079390301937,4
PVC,SG,MeOH_1,MeOH,-0.7587233410981927,-2.557844540377194,4
PVC,SG,FT_1,FT fuel,-0.7739261853983441,-2.5277639649355628,4
PVC,SG,MeOH_1,MeOH,-0.4686068153812684,-0.5146891835432288,4
PVC,SG,FT_1,FT fuel,-0.5370774818317298,-0.7704335604624444,4
PVC,SG,H2_1,H₂,-0.5322620823751655,-0.6556108323476505,4
PVC,SG,MeOH_1,MeOH,-0.7329796074123545,-2.5831167726883684,4
PVC,SG,FT_1,FT fuel,-0.7987541214639473,-2.8586838187754644,4
PVC,OG,MeOH_1,MeOH,-0.5806834243451855,-0.29427960097751454,4
PVC,OG,FT_1,FT fuel,-0.6088245134272212,0.034474138007640986,3
PVC,OG,H2_1,H₂,-0.5741845357965616,0.3006275705422804,3
PVC,OG,MeOH_1,MeOH,-0.7685655931474715,-1.4194598698150867,4
PVC,OG,FT_1,FT fuel,-0.9715118625615107,-2.3165069036421615,4
PVC,OG,MeOH_1,MeOH,-0.5347380797735429,0.299151319952829,3
PVC,OG,FT_1,FT fuel,-0.5961903041567514,0.2827355423239243,3
PVC,OG,H2_1,H₂,-0.5700017406749526,0.3595211945212359,3
PVC,OG,MeOH_1,MeOH,-0.6814087187421215,-0.9714624119765926,4
PVC,OG,FT_1,FT fuel,-0.7501854621946782,-0.8467486557081384,4
PS,HT,GASOLINE_1,Gasoline,-0.25243927634505997,1.7024303958992903,1
PS,HT,GASOLINE_1,Gasoline,-0.45100825012076984,1.3075621132826052,3
PS,HT,GASOLINE_1,Gasoline,-0.5105589669750304,0.3616534762778124,3
PS,HT,GASOLINE_1,Gasoline,-0.5564445948342467,0.13256874806945293,3
PS,HT,GASOLINE_1,Gasoline,-0.5267936498247984,0.7339903301282361,3
PS,HT,MeOH_1,MeOH,-0.7309618664211174,-1.102727133336735,4
PS,HT,GASOLINE_1,Gasoline,-0.8054067966819293,-1.5488956265024898,4
PS,HT,WAX_1,Wax,-0.6151427063233106,2.339098253078203,3
PS,HT,WAX_1,Wax,-0.7006364799541597,1.9775658289861056,3
PS,LT,GASOLINE_1,Gasoline,-0.24588958724186327,1.7596327074647609,1
PS,LT,GASOLINE_1,Gasoline,-0.34973218284527774,1.5473664746147615,1
PS,LT,GASOLINE_1,Gasoline,-0.4865226053991451,0.34550652004510374,3
PS,LT,GASOLINE_1,Gasoline,-0.5385106919561876,0.11058322721950799,3
PS,LT,GASOLINE_1,Gasoline,-0.48514037230845175,0.8366707180741647,3
PS,LT,MeOH_1,MeOH,-0.7031117347437237,-1.10296182573769,4
PS,LT,GASOLINE_1,Gasoline,-0.7807457946046975,-1.5653501207885125,4
PS,LT,Aromatics,Aromatics,-0.20764256020669364,2.9708031849057353,1
PS,LT,Aromatics,Aromatics,-0.33673494428616196,2.6513901641134003,1
PS,SG,MeOH_1,MeOH,-0.28224337698778795,-0.7744345658941916,2
PS,SG,FT_1,FT fuel,-0.25967368093100535,-0.7878748532393077,2
PS,SG,H2_1,H₂,-0.329906784541905,-0.4999194784494999,2
PS,SG,MeOH_1,MeOH,-0.839139094289388,-5.197645664008486,4
PS,SG,FT_1,FT fuel,-0.7958800395959519,-5.152720595223425,4
PS,SG,MeOH_1,MeOH,-0.2581836687160113,-0.4592289406348875,2
PS,SG,FT_1,FT fuel,-0.34453700259491526,-1.01019243081095,2
PS,SG,H2_1,H₂,-0.4013611910376525,-1.0569942778908483,2
PS,SG,MeOH_1,MeOH,-0.9099244299196599,-5.0357257698652935,4
PS,SG,FT_1,FT fuel,-1.006581739768416,-5.642842798978654,4
PS,OG,MeOH_1,MeOH,-0.5671992231652564,-0.6966136806557116,4
PS,OG,FT_1,FT fuel,-0.6957282366675537,-0.3190232340643826,4
PS,OG,H2_1,H₂,-0.49292385125579735,1.0469255441072345,3
PS,OG,MeOH_1,MeOH,-0.9185898477843042,-3.1735362348536027,4
PS,OG,FT_1,FT fuel,-0.9187501060403933,-2.653202010636732,4
PS,OG,MeOH_1,MeOH,-0.4077108246829442,0.9616615645564947,1
PS,OG,FT_1,FT fuel,-0.439482237143894,1.0862351166239999,3
PS,OG,H2_1,H₂,-0.5046464277051894,0.8652215176195511,3
PS,OG,MeOH_1,MeOH,-0.7278025890902409,-1.5161137485765341,4
PS,OG,FT_1,FT fuel,-0.7027761746696134,-1.3524594303433433,4
PE,HT,MeOH_1,MeOH,-0.22210458307664807,0.44984359742782326,1
PE,HT,FT_1,FT fuel,-0.28253702675092274,0.019223718475001456,1
PE,HT,GASOLINE_1,Gasoline,-0.2988667715877132,0.7557794316413152,1
PE,HT,MeOH_1,MeOH,-0.6085212417481408,-2.2236388115127803,4
PE,HT,FT_1,FT fuel,-0.7123426782790677,-2.9591119376071284,4
PE,HT,Olefin,Olefin,-0.231564573878603,1.9214336092949411,1
PE,HT,MeOH_1,MeOH,-0.22865134059695066,0.43682740745089027,1
PE,HT,FT_1,FT fuel,-0.316342011925169,-0.09165101005581885,2
PE,HT,GASOLINE_1,Gasoline,-0.31464298951804875,0.7394459086226853,1
PE,HT,MeOH_1,MeOH,-0.6639410991754277,-2.561957818892543,4
PE,HT,FT_1,FT fuel,-0.7817129729671803,-3.341639135821588,4
PE,HT,MeOH_1,MeOH,-0.3453434696044457,0.13982171076639116,1
PE,HT,FT_1,FT fuel,-0.40577591327871876,-0.2907981681864306,2
PE,HT,H2_1,H₂,-0.4221056581155094,0.44575754497988285,3
PE,HT,MeOH_1,MeOH,-0.7317601282759376,-2.5336606981742147,4
PE,HT,FT_1,FT fuel,-0.8355815648068647,-3.2691338242685615,4
PE,HT,Olefin,Olefin,-0.35480346040640054,1.6114117226335094,1
PE,HT,MeOH_1,MeOH,-0.3518902271247468,0.12680552078945845,1
PE,HT,FT_1,FT fuel,-0.4395808984529651,-0.4016728967172509,4
PE,HT,H2_1,H₂,-0.43788187604584505,0.42942402196125357,3
PE,HT,MeOH_1,MeOH,-0.7871799857032248,-2.8719797055539775,4
PE,HT,FT_1,FT fuel,-0.9049518594949759,-3.651661022483021,4
PE,HT,MeOH_1,MeOH,-0.4048775987927198,-0.5544794415007186,2
PE,HT,FT_1,FT fuel,-0.46531004246699437,-0.985099320453541,4
PE,HT,H2_1,H₂,-0.48163978730378515,-0.24854360728722663,4
PE,HT,MeOH_1,MeOH,-0.7912942574642131,-3.2279618504413223,4
PE,HT,FT_1,FT fuel,-0.8951156939951396,-3.9634349765356696,4
PE,HT,Olefin,Olefin,-0.41433758959467487,0.9171105703663986,1
PE,HT,MeOH_1,MeOH,-0.41142435631302243,-0.5674956314776507,2
PE,HT,FT_1,FT fuel,-0.49911502764124066,-1.09597404898436,4
PE,HT,H2_1,H₂,-0.4974160052341207,-0.26487713030585647,4
PE,HT,MeOH_1,MeOH,-0.8467141148914992,-3.5662808578210856,4
PE,HT,FT_1,FT fuel,-0.9644859886832521,-4.34596217475013,4
PE,HT,MeOH_1,MeOH,-0.4494266476819369,-0.722887202452493,4
PE,HT,FT_1,FT fuel,-0.5098590913562115,-1.1535070814053145,4
PE,HT,H2_1,H₂,-0.5261888361930023,-0.41695136823900075,4
PE,HT,MeOH_1,MeOH,-0.83584330635343,-3.3963696113930966,4
PE,HT,FT_1,FT fuel,-0.9396647428843564,-4.131842737487443,4
PE,HT,Olefin,Olefin,-0.4588866384838919,0.7487028094146249,3
PE,HT,MeOH_1,MeOH,-0.4559734052022394,-0.7359033924294248,4
PE,HT,FT_1,FT fuel,-0.5436640765304577,-1.2643818099361346,4
PE,HT,H2_1,H₂,-0.5419650541233374,-0.4332848912576303,4
PE,HT,MeOH_1,MeOH,-0.8912631637807162,-3.7346886187728585,4
PE,HT,FT_1,FT fuel,-1.0090350375724682,-4.514369935701903,4
PE,HT,MeOH_1,MeOH,-0.4062305867343224,-0.20332090267795652,2
PE,HT,FT_1,FT fuel,-0.46666303040859647,-0.6339407816307792,4
PE,HT,H2_1,H₂,-0.4829927752453874,0.10261493153553575,3
PE,HT,MeOH_1,MeOH,-0.7926472454058165,-2.8768033116185605,4
PE,HT,FT_1,FT fuel,-0.8964686819367432,-3.6122764377129077,4
PE,HT,Olefin,Olefin,-0.41569057753627703,1.2682691091891616,1
PE,HT,MeOH_1,MeOH,-0.4127773442546247,-0.2163370926548895,2
PE,HT,FT_1,FT fuel,-0.5004680155828432,-0.7448155101615981,4
PE,HT,H2_1,H₂,-0.49876899317572343,0.0862814085169056,3
PE,HT,MeOH_1,MeOH,-0.8480671028331037,-3.215122318998324,4
PE,HT,FT_1,FT fuel,-0.9658389766248544,-3.994803635927368,4
PE,HT,MeOH_1,MeOH,-0.48398414095222453,-0.8584561273110267,4
PE,HT,FT_1,FT fuel,-0.5444165846264991,-1.2890760062638493,4
PE,HT,MeOH_1,MeOH,-0.5607463294632895,-0.5525202930975354,4
PE,HT,MeOH_1,MeOH,-0.8704007996237189,-3.531938536251631,4
PE,HT,FT_1,FT fuel,-0.9742222361546445,-4.267411662345981,4
PE,HT,Olefin,Olefin,-0.49344413175417967,0.6131338845560896,3
PE,HT,MeOH_1,MeOH,-0.49053089847252707,-0.8714723172879609,4
PE,HT,FT_1,FT fuel,-0.5782215698007459,-1.399950734794669,4
PE,HT,MeOH_1,MeOH,-0.5765225473936253,-0.5688538161161664,4
PE,HT,MeOH_1,MeOH,-0.9258206570510055,-3.870257543631395,4
PE,HT,FT_1,FT fuel,-1.0435925308427563,-4.6499388605604395,4
PE,HT,MeOH_1,MeOH,-0.5331241706550083,-1.1261748861605378,4
PE,HT,FT_1,FT fuel,-0.5935566143292816,-1.556794765113359,4
PE,HT,H2_1,H₂,-0.609886359166072,-0.820239051947045,4
PE,HT,MeOH_1,MeOH,-0.9195408293265014,-3.7996572951011394,4
PE,HT,FT_1,FT fuel,-1.023362265857428,-4.535130421195488,4
PE,HT,Olefin,Olefin,-0.5425841614569635,0.34541512570658117,3
PE,HT,MeOH_1,MeOH,-0.5396709281753093,-1.1391910761374697,4
PE,HT,FT_1,FT fuel,-0.627361599503528,-1.6676694936441783,4
PE,HT,H2_1,H₂,-0.6256625770964076,-0.8365725749656746,4
PE,HT,MeOH_1,MeOH,-0.9749606867537876,-4.1379763024809035,4
PE,HT,FT_1,FT fuel,-1.0927325605455387,-4.91765761940995,4
PE,HT,MeOH_1,MeOH,-0.4734078947613843,0.606220688915703,3
PE,HT,FT_1,FT fuel,-0.533840338435657,0.17560080996288122,3
PE,HT,DIESEL_1,Diesel,-0.5501700832724492,0.9121565231291949,3
PE,HT,MeOH_1,MeOH,-0.8598245534328769,-2.0672617200249017,4
PE,HT,FT_1,FT fuel,-0.9636459899638031,-2.8027348461192476,4
PE,HT,Olefin,Olefin,-0.48286788556333887,2.0778107007828206,3
PE,HT,MeOH_1,MeOH,-0.479954652281687,0.59320449893877,3
PE,HT,FT_1,FT fuel,-0.567645323609905,0.06472608143206239,3
PE,HT,DIESEL_1,Diesel,-0.5659463012027849,0.8958230001105657,3
PE,HT,MeOH_1,MeOH,-0.9152444108601632,-2.405580727404665,4
PE,HT,FT_1,FT fuel,-1.0330162846519164,-3.1852620443337094,4
PE,HT,MeOH_1,MeOH,-0.5950693611307056,0.25136099874584494,3
PE,HT,FT_1,FT fuel,-0.6555018048049804,-0.17925888020697683,4
PE,HT,H2_1,H₂,-0.671831549641771,0.5572968329593366,3
PE,HT,MeOH_1,MeOH,-0.9814860198021996,-2.42212141019476,4
PE,HT,FT_1,FT fuel,-1.0853074563331266,-3.1575945362891065,4
PE,HT,Olefin,Olefin,-0.6045293519326609,1.7229510106129622,3
PE,HT,MeOH_1,MeOH,-0.6016161186510084,0.23834480876891226,3
PE,HT,FT_1,FT fuel,-0.6893067899792273,-0.29013360873779653,4
PE,HT,H2_1,H₂,-0.6876077675721066,0.5409633099407067,3
PE,HT,MeOH_1,MeOH,-1.0369058772294866,-2.760440417574524,4
PE,HT,FT_1,FT fuel,-1.154677751021238,-3.5401217345035683,4
PE,LT,JET FUEL_1,JET FUEL,-0.3434665457304469,1.0603780880003755,1
PE,LT,JET FUEL_1,JET FUEL,-0.4008152644352075,0.937088153357767,1
PE,LT,JET FUEL_1,JET FUEL,-0.3257699459821153,1.2068877647320186,1
PE,LT,JET FUEL_1,JET FUEL,-0.3344214566082209,1.129801555321806,1
PE,LT,JET FUEL_1,JET FUEL,-0.3840071378706487,0.9518077727511357,1
PE,LT,JET FUEL_1,JET FUEL,-0.2817481158708833,1.3856804243520702,1
PE,LT,JET FUEL_1,JET FUEL,-0.32317976680494853,1.1716431594474432,1
PE,LT,JET FUEL_1,JET FUEL,-0.36780478078252316,1.0600286575130315,1
PE,LT,JET FUEL_1,JET FUEL,-0.3155021225580536,1.2364605328233202,1
PE,LT,JET FUEL_1,JET FUEL,-0.3901291235357989,1.0532878365723324,1
PE,LT,JET FUEL_1,JET FUEL,-0.40033471833162854,1.007115484764993,1
PE,LT,WAX_1,Wax,-0.42520303379851015,1.3102136549141845,3
PE,LT,WAX_1,Wax,-0.4825517525032707,1.1869237202715763,3
PE,LT,WAX_1,Wax,-0.4075064340501784,1.456723331645828,1
PE,LT,WAX_1,Wax,-0.41615794467628403,1.3796371222356156,1
PE,LT,WAX_1,Wax,-0.46574362593871216,1.2016433396649453,3
PE,LT,WAX_1,Wax,-0.363484603938946,1.6355159912658797,1
PE,LT,WAX_1,Wax,-0.40491625487301147,1.421478726361253,1
PE,LT,WAX_1,Wax,-0.44954126885058643,1.3098642244268408,3
PE,LT,WAX_1,Wax,-0.39723861062611704,1.4862960997371302,1
PE,LT,WAX_1,Wax,-0.4718656116038622,1.3031234034861425,3
PE,LT,WAX_1,Wax,-0.48207120639969175,1.2569510516788027,3
PE,LT,WAX_1,Wax,-0.6119035855447498,0.4543982969710648,3
PE,LT,WAX_1,Wax,-0.6692523042495115,0.33110836232845636,3
PE,LT,WAX_1,Wax,-0.594206985796418,0.6009079737027075,3
PE,LT,WAX_1,Wax,-0.6028584964225251,0.5238217642924965,3
PE,LT,WAX_1,Wax,-0.6524441776849531,0.34582798172182533,3
PE,LT,WAX_1,Wax,-0.5501851556851862,0.7797006333227599,3
PE,LT,WAX_1,Wax,-0.5916168066192526,0.5656633684181329,3
PE,LT,WAX_1,Wax,-0.6362418205968277,0.4540488664837211,3
PE,LT,WAX_1,Wax,-0.583939162372358,0.6304807417940095,3
PE,LT,WAX_1,Wax,-0.6585661633501033,0.44730804554302184,3
PE,LT,WAX_1,Wax,-0.6687717581459328,0.40113569373568236,3
PE,LT,WAX_1,Wax,-0.6587436493706027,0.2578853411429909,3
PE,LT,WAX_1,Wax,-0.716092368075363,0.1345954065003827,3
PE,LT,WAX_1,Wax,-0.6410470496222708,0.4043950178746325,3
PE,LT,WAX_1,Wax,-0.6496985602483784,0.32730880846442134,3
PE,LT,WAX_1,Wax,-0.6992842415108059,0.14931502589375167,3
PE,LT,WAX_1,Wax,-0.5970252195110394,0.5831876774946859,3
PE,LT,WAX_1,Wax,-0.6384568704451042,0.36915041259005843,3
PE,LT,WAX_1,Wax,-0.6830818844226806,0.2575359106556466,3
PE,LT,WAX_1,Wax,-0.6307792261982097,0.43396778596593527,3
PE,LT,WAX_1,Wax,-0.7054062271759564,0.2507950897149476,3
PE,LT,WAX_1,Wax,-0.7156118219717859,0.20462273790760785,3
PE,LT,WAX_1,Wax,-0.6242601613068491,0.770149733935707,3
PE,LT,WAX_1,Wax,-0.6816088800116094,0.646859799293097,3
PE,LT,WAX_1,Wax,-0.6065635615585172,0.9166594106673506,3
PE,LT,WAX_1,Wax,-0.6152150721846248,0.8395732012571374,3
PE,LT,WAX_1,Wax,-0.6648007534470521,0.661579418686466,3
PE,LT,WAX_1,Wax,-0.5625417314472853,1.0954520702874004,3
PE,LT,WAX_1,Wax,-0.6039733823813505,0.8814148053827745,3
PE,LT,WAX_1,Wax,-0.6485983963589271,0.769800303448362,3
PE,LT,WAX_1,Wax,-0.5962957381344571,0.9462321787586507,3
PE,LT,WAX_1,Wax,-0.6709227391122023,0.7630594825076634,3
PE,LT,WAX_1,Wax,-0.6811283339080323,0.7168871307003238,3
PE,LT,WAX_1,Wax,-0.7763411203289274,-0.5833481991561773,4
PE,LT,WAX_1,Wax,-0.8336898390336879,-0.7066381337987855,4
PE,LT,WAX_1,Wax,-0.7586445205805961,-0.43683852242453547,4
PE,LT,WAX_1,Wax,-0.7672960312067033,-0.5139247318347457,4
PE,LT,WAX_1,Wax,-0.8168817124691311,-0.6919185144054165,4
PE,LT,WAX_1,Wax,-0.7146226904693638,-0.2580458628044826,4
PE,LT,WAX_1,Wax,-0.7560543414034288,-0.4720831277091092,4
PE,LT,WAX_1,Wax,-0.8006793553810054,-0.583697629643521,4
PE,LT,WAX_1,Wax,-0.7483766971565359,-0.40726575433323237,4
PE,LT,WAX_1,Wax,-0.8230036981342808,-0.5904384505842206,4
PE,LT,WAX_1,Wax,-0.8332092929301107,-0.6366108023915598,4
PE,LT,WAX_1,Wax,-0.8351094555520144,-0.9065622511547938,4
PE,LT,WAX_1,Wax,-0.8924581742567747,-1.029852185797402,4
PE,LT,WAX_1,Wax,-0.8174128558036825,-0.7600525744231513,4
PE,LT,WAX_1,Wax,-0.8260643664297899,-0.8371387838333634,4
PE,LT,WAX_1,Wax,-0.8756500476922177,-1.0151325664040336,4
PE,LT,WAX_1,Wax,-0.7733910256924506,-0.5812599148030994,4
PE,LT,WAX_1,Wax,-0.8148226766265159,-0.795297179707726,4
PE,LT,WAX_1,Wax,-0.8594476906040919,-0.9069116816421374,4
PE,LT,WAX_1,Wax,-0.8071450323796213,-0.7304798063318494,4
PE,LT,WAX_1,Wax,-0.8817720333573676,-0.913652502582837,4
PE,LT,WAX_1,Wax,-0.8919776281531979,-0.9598248543901763,4
PE,HT,MeOH_1,MeOH,-0.3613955834815587,-0.42961539835546436,2
PE,HT,FT_1,FT fuel,-0.4614391261580066,-0.9797860289770445,4
PE,HT,H2_1,H₂,-0.4588488095250226,-0.032480891640618445,4
PE,HT,MeOH_1,MeOH,-0.900588369078396,-4.19849803043564,4
PE,HT,FT_1,FT fuel,-1.0140985545038221,-4.928858738335718,4
PE,HT,Olefin,Olefin,-0.2736119960288035,1.7856664237347286,1
PE,HT,MeOH_1,MeOH,-0.35207117363667934,-0.35224086898035256,2
PE,HT,FT_1,FT fuel,-0.437701550372348,-0.9402233433800533,4
PE,HT,H2_1,H₂,-0.45965170979323305,-0.047047457085990015,4
PE,HT,MeOH_1,MeOH,-0.8872997014853461,-4.116945896695658,4
PE,HT,FT_1,FT fuel,-1.025928970965959,-5.105448049726354,4
PE,LT,WAX_1,Wax,-0.38535222235752686,0.5264884615434098,1
PE,LT,WAX_1,Wax,-0.43682344552778946,0.3435186899222201,3
PE,LT,WAX_1,Wax,-0.3910841966018883,0.9785481835509807,1
PE,LT,WAX_1,Wax,-0.5255828450213891,-0.6041910287444207,4
PE,LT,WAX_1,Wax,-0.5711261206571265,-0.8552578231814513,4
PE,LT,WAX_1,Wax,-0.30301200998091743,1.2707855064659337,1
PE,LT,WAX_1,Wax,-0.40862255019787996,0.3506332261134705,1
PE,LT,WAX_1,Wax,-0.4764223693376041,0.05532322111928761,3
PE,LT,WAX_1,Wax,-0.41018966137766527,0.8150521922009065,1
PE,LT,WAX_1,Wax,-0.546424977670226,-0.7750982784862461,4
PE,LT,WAX_1,Wax,-0.5796793893172676,-1.0752494587536456,4
PE,SG,MeOH_1,MeOH,-0.24405295730248838,-0.9833132511627171,2
PE,SG,FT_1,FT fuel,-0.3904077666937697,-1.912107390002236,2
PE,SG,H2_1,H₂,-0.3294626489748241,-1.0245524337144836,2
PE,SG,MeOH_1,MeOH,-0.8933752355595654,-6.254408024156043,4
PE,SG,FT_1,FT fuel,-1.025600715949994,-7.143248406693723,4
PE,SG,MeOH_1,MeOH,-0.2456801122491055,-0.8601753499644902,2
PE,SG,FT_1,FT fuel,-0.4437469179555703,-2.201851396932778,4
PE,SG,H2_1,H₂,-0.398127402336554,-1.3992026301041844,2
PE,SG,MeOH_1,MeOH,-0.8993989219297038,-6.314043435072769,4
PE,SG,FT_1,FT fuel,-1.0669982420392117,-7.1949196039722105,4
PE,OG,MeOH_1,MeOH,-0.48942023828161785,-0.06502765613466233,4
PE,OG,FT_1,FT fuel,-0.5961479312114153,0.19630995212737917,3
PE,OG,H2_1,H₂,-0.4864104252912358,0.8114759962172265,3
PE,OG,MeOH_1,MeOH,-0.9291617095450143,-3.328982878194026,4
PE,OG,FT_1,FT fuel,-1.052853239616673,-3.2606584968414793,4
PE,OG,MeOH_1,MeOH,-0.46735760527106635,0.5520842992876965,3
PE,OG,FT_1,FT fuel,-0.5822130056715326,0.6302429120353695,3
PE,OG,H2_1,H₂,-0.5199611681159876,0.6625168169771197,3
PE,OG,MeOH_1,MeOH,-0.8157241538897818,-2.5060427694269483,4
PE,OG,FT_1,FT fuel,-0.7861067232198555,-2.4512954044649162,4
PE,HG,DIESEL_1,Diesel,-0.27540564822543534,0.8214300090115807,1
PE,HG,DIESEL_1,Diesel,-0.3327514683108147,0.506722756590744,1
PE,HG,DIESEL_1,Diesel,-0.2852474488275246,1.103710511602588,1
PE,HG,MeOH_1,MeOH,-0.4294150641035021,-0.13576604096027522,4
PE,HG,DIESEL_1,Diesel,-0.496149152725193,-0.5392276376941192,4
