Feedstock,Technology,Pathway1,Pathway2,Product,Energy_efficiency
PET,HT,#1,#1,GASOLINE_1,0.6091999387069317
PET,HT,#1,#2,GASOLINE_1,0.5621600829147384
PET,HT,#1,#3,GASOLINE_1,0.6302860551694851
PET,HT,#1,#4,GASOLINE_1,0.5248666523187622
PET,HT,#1,#5,GASOLINE_1,0.5287485827176461
PET,HT,#1,#6,GASOLINE_1,0.6974737960508258
PET,HT,#1,#7,GASOLINE_1,0.5943778671929604
PET,HT,#1,#8,GASOLINE_1,0.5662978570705157
PET,HT,#1,#9,GASOLINE_1,0.6134036413435601
PET,HT,#1,#10,GASOLINE_1,0.5520409007981247
PET,HT,#1,#11,GASOLINE_1,0.5489647512279112
PET,HT,#2,#1,GASOLINE_1,0.5231999065379305
PET,HT,#2,#2,GASOLINE_1,0.5029327770048224
PET,HT,#2,#3,GASOLINE_1,0.5426004413970594
PET,HT,#2,#4,GASOLINE_1,0.45718586303490105
PET,HT,#2,#5,GASOLINE_1,0.47486938102845866
PET,HT,#2,#6,GASOLINE_1,0.5916114086270082
PET,HT,#2,#7,GASOLINE_1,0.5124727421119928
PET,HT,#2,#8,GASOLINE_1,0.4901948490658134
PET,HT,#2,#9,GASOLINE_1,0.5278827688622971
PET,HT,#2,#10,GASOLINE_1,0.47902210384955324
PET,HT,#2,#11,GASOLINE_1,0.47667227639506826
PET,HT,#3,#1,GASOLINE_1,0.4708403566741296
PET,HT,#3,#2,GASOLINE_1,0.4651562167154409
PET,HT,#3,#3,GASOLINE_1,0.4881793216640346
PET,HT,#3,#4,GASOLINE_1,0.41764252309580674
PET,HT,#3,#5,GASOLINE_1,0.4412325836855261
PET,HT,#3,#6,GASOLINE_1,0.5251857112536625
PET,HT,#3,#7,GASOLINE_1,0.46275432901771874
PET,HT,#3,#8,GASOLINE_1,0.4446440269504622
PET,HT,#3,#9,GASOLINE_1,0.4754481799291906
PET,HT,#3,#10,GASOLINE_1,0.4356270657054061
PET,HT,#3,#11,GASOLINE_1,0.4337657880136866
PET,HT,#4,#1,GASOLINE_1,0.43979456935850114
PET,HT,#4,#2,GASOLINE_1,0.44156749184710964
PET,HT,#4,#3,GASOLINE_1,0.45657592127554353
PET,HT,#4,#4,GASOLINE_1,0.39179086350932046
PET,HT,#4,#5,GASOLINE_1,0.4193790858657597
PET,HT,#4,#6,GASOLINE_1,0.488872508505046
PET,HT,#4,#7,GASOLINE_1,0.43281317731209357
PET,HT,#4,#8,GASOLINE_1,0.4163442532722723
PET,HT,#4,#9,GASOLINE_1,0.4444890573916863
PET,HT,#4,#10,GASOLINE_1,0.4082098050473598
PET,HT,#4,#11,GASOLINE_1,0.40655639458069187
PET,HT,#5,#1,GASOLINE_1,0.502285696367668
PET,HT,#5,#2,GASOLINE_1,0.4888477092827555
PET,HT,#5,#3,GASOLINE_1,0.51966374669452
PET,HT,#5,#4,GASOLINE_1,0.44508977964887025
PET,HT,#5,#5,GASOLINE_1,0.46366058906363333
PET,HT,#5,#6,GASOLINE_1,0.5603858443049327
PET,HT,#5,#7,GASOLINE_1,0.49327144416293844
PET,HT,#5,#8,GASOLINE_1,0.4739533634542428
PET,HT,#5,#9,GASOLINE_1,0.5066524545870528
PET,HT,#5,#10,GASOLINE_1,0.46425131429622635
PET,HT,#5,#11,GASOLINE_1,0.46221912549631766
PET,HT,#6,#1,MeOH_1,0.3515740629253125
PET,HT,#6,#2,MeOH_1,0.37171242345893973
PET,HT,#6,#3,MeOH_1,0.36665831511370184
PET,HT,#6,#4,MeOH_1,0.31706984841260993
PET,HT,#6,#5,MeOH_1,0.3543142857556243
PET,HT,#6,#6,MeOH_1,0.38718280838630664
PET,HT,#6,#7,MeOH_1,0.34737270943084764
PET,HT,#6,#8,MeOH_1,0.33518887493996685
PET,HT,#6,#9,MeOH_1,0.35636924520416147
PET,HT,#6,#10,MeOH_1,0.3293534060234576
PET,HT,#6,#11,MeOH_1,0.3282374506619474
PET,HT,#7,#1,GASOLINE_1,0.36619856998014416
PET,HT,#7,#2,GASOLINE_1,0.38278491208320464
PET,HT,#7,#3,GASOLINE_1,0.3806811118963443
PET,HT,#7,#4,GASOLINE_1,0.3315450188896237
PET,HT,#7,#5,GASOLINE_1,0.36545360184745523
PET,HT,#7,#6,GASOLINE_1,0.4015240636396996
PET,HT,#7,#7,GASOLINE_1,0.36183833669152565
PET,HT,#7,#8,GASOLINE_1,0.34969425484000466
PET,HT,#7,#9,GASOLINE_1,0.3707139348694054
PET,HT,#7,#10,GASOLINE_1,0.34382463637245925
PET,HT,#7,#11,GASOLINE_1,0.34268542437799493
PET,HT,#8,#1,BA_1,0.6844421223496827
PET,HT,#8,#2,BA_1,0.6151985874171852
PET,HT,#8,#3,BA_1,0.7050625554928099
PET,HT,#8,#4,BA_1,0.5897231420028057
PET,HT,#8,#5,BA_1,0.5789213666389145
PET,HT,#8,#6,BA_1,0.7825553608082422
PET,HT,#8,#7,BA_1,0.6670442580907932
PET,HT,#8,#8,BA_1,0.6358875280127103
PET,HT,#8,#9,BA_1,0.6877490128142645
PET,HT,#8,#10,BA_1,0.6198554466620854
PET,HT,#8,#11,BA_1,0.6163259276768135
PET,LT,#1,#1,MeOH_1,0.5930128550834025
PET,LT,#1,#2,GASOLINE_1,0.47995711106029826
PET,LT,#1,#3,GASOLINE_1,0.4562781193381478
PET,LT,#1,#4,MeOH_1,0.4576750064039741
PET,LT,#1,#5,GASOLINE_1,0.3946221975704268
PET,LT,#1,#6,GASOLINE_1,0.5739672909248477
PET,LT,#1,#7,GASOLINE_1,0.47647568002379553
PET,LT,#1,#8,GASOLINE_1,0.45372890125907417
PET,LT,#1,#9,GASOLINE_1,0.49546962901938013
PET,LT,#1,#10,GASOLINE_1,0.4478832659161922
PET,LT,#1,#11,GASOLINE_1,0.4432681560682155
PET,LT,#2,#1,MeOH_1,0.5601634293300788
PET,LT,#2,#2,FT_1,0.44835932870792405
PET,LT,#2,#3,GASOLINE_1,0.41443822407174824
PET,LT,#2,#4,MeOH_1,0.4318836190854791
PET,LT,#2,#5,FT_1,0.3728816169777128
PET,LT,#2,#6,Olefin,0.5124536265806193
PET,LT,#2,#7,GASOLINE_1,0.43242642339040044
PET,LT,#2,#8,GASOLINE_1,0.4134660085601593
PET,LT,#2,#9,GASOLINE_1,0.4489070056704498
PET,LT,#2,#10,GASOLINE_1,0.4084468155089642
PET,LT,#2,#11,GASOLINE_1,0.4047050243369499
PET,LT,#3,#1,MeOH_1,0.5254726634731047
PET,LT,#3,#2,FT_1,0.41779201541351213
PET,LT,#3,#3,GASOLINE_1,0.377505604862982
PET,LT,#3,#4,MeOH_1,0.4066422790187076
PET,LT,#3,#5,FT_1,0.3526812973289516
PET,LT,#3,#6,GASOLINE_1,0.4566164927690745
PET,LT,#3,#7,MeOH_1,0.393034745542105
PET,LT,#3,#8,GASOLINE_1,0.3776916442919145
PET,LT,#3,#9,GASOLINE_1,0.4069094213697413
PET,LT,#3,#10,MeOH_1,0.37350251571992754
PET,LT,#3,#11,GASOLINE_1,0.37056088613777244
PET,LT,#4,#1,MeOH_1,0.5058055678952343
PET,LT,#4,#2,FT_1,0.3976933399403568
PET,LT,#4,#3,GASOLINE_1,0.3521967902604541
PET,LT,#4,#4,MeOH_1,0.3893813360276647
PET,LT,#4,#5,FT_1,0.336955895858209
PET,LT,#4,#6,GASOLINE_1,0.42468502916627004
PET,LT,#4,#7,GASOLINE_1,0.3670107077076101
PET,LT,#4,#8,GASOLINE_1,0.3530634419387899
PET,LT,#4,#9,GASOLINE_1,0.38003407627856683
PET,LT,#4,#10,GASOLINE_1,0.34917484479240213
PET,LT,#4,#11,GASOLINE_1,0.3465758582176607
PET,LT,#5,#1,MeOH_1,0.5423026504189049
PET,LT,#5,#2,FT_1,0.4362369590148619
PET,LT,#5,#3,GASOLINE_1,0.40172671878397515
PET,LT,#5,#4,MeOH_1,0.4225150556928391
PET,LT,#5,#5,FT_1,0.36770314517250097
PET,LT,#5,#6,GASOLINE_1,0.48583926673707917
PET,LT,#5,#7,GASOLINE_1,0.41767645640420653
PET,LT,#5,#8,GASOLINE_1,0.4012215948371469
PET,LT,#5,#9,GASOLINE_1,0.4321353058093915
PET,LT,#5,#10,GASOLINE_1,0.39680771911919666
PET,LT,#5,#11,GASOLINE_1,0.39357454635405803
PET,LT,#6,#1,MeOH_1,0.47793921274635043
PET,LT,#6,#2,MeOH_1,0.3725072553854135
PET,LT,#6,#3,MeOH_1,0.32329973534795986
PET,LT,#6,#4,MeOH_1,0.36771122666374745
PET,LT,#6,#5,MeOH_1,0.3186110118616557
PET,LT,#6,#6,MeOH_1,0.3853299906257161
PET,LT,#6,#7,MeOH_1,0.33667637301771536
PET,LT,#6,#8,MeOH_1,0.32481099678279757
PET,LT,#6,#9,MeOH_1,0.34819996387952257
PET,LT,#6,#10,MeOH_1,0.3214083928018722
PET,LT,#6,#11,MeOH_1,0.3192758555985149
PET,LT,#7,#1,MeOH_1,0.46658468365515376
PET,LT,#7,#2,FT_1,0.361493904678847
PET,LT,#7,#3,GASOLINE_1,0.31032202104458645
PET,LT,#7,#4,MeOH_1,0.3580844489259545
PET,LT,#7,#5,FT_1,0.30998203324859536
PET,LT,#7,#6,GASOLINE_1,0.3690400923345382
PET,LT,#7,#7,GASOLINE_1,0.32328133957859145
PET,LT,#7,#8,GASOLINE_1,0.31210849272543884
PET,LT,#7,#9,GASOLINE_1,0.3343459434403901
PET,LT,#7,#10,GASOLINE_1,0.3088623351755256
PET,LT,#7,#11,GASOLINE_1,0.3068937208462057
PET,LT,#8,#1,MeOH_1,0.5881737331580139
PET,LT,#8,#2,BA_1,0.48109202153245506
PET,LT,#8,#3,BA_1,0.45990115417566824
PET,LT,#8,#4,MeOH_1,0.45981868282443966
PET,LT,#8,#5,BA_1,0.39999402756049324
PET,LT,#8,#6,BA_1,0.5664376848610639
PET,LT,#8,#7,BA_1,0.4783757852211529
PET,LT,#8,#8,BA_1,0.45744649980230123
PET,LT,#8,#9,BA_1,0.4957314235307932
PET,LT,#8,#10,BA_1,0.452056235734328
PET,LT,#8,#11,BA_1,0.44776896928993487
PET,HT,#1,-,GASOLINE_1,0.5511663642163517
PET,HT,#2,-,GASOLINE_1,0.4291292334822035
PET,HT,#3,-,GASOLINE_1,0.5361034802707921
PET,HT,#4,-,MeOH_1,0.3631479711451236
PET,HT,#5,-,GASOLINE_1,0.36975863333422454
PET,HT,#6,-,GASOLINE_1,0.5973997604630583
PET,HT,#7,-,GASOLINE_1,0.4970510565251434
PET,HT,#8,-,GASOLINE_1,0.4505608112048409
PET,HT,#9,-,GASOLINE_1,0.6210499420355924
PET,HT,#10,-,MeOH_1,0.5421668481696167
PET,HT,#11,-,GASOLINE_1,0.5195033398831
PET,LT,#1,-,GASOLINE_1,0.38534987349689465
PET,LT,#2,-,GASOLINE_1,0.3694127312987151
PET,LT,#3,-,GASOLINE_1,0.4703088790925033
PET,LT,#4,-,MeOH_1,0.32173992420389963
PET,LT,#5,-,FT_1,0.3650949445419777
PET,LT,#6,-,Olefin,0.543608191115132
PET,LT,#7,-,MeOH_1,0.447734059387537
PET,LT,#8,-,FT_1,0.41318331882911014
PET,LT,#9,-,GASOLINE_1,0.4814479386904902
PET,LT,#10,-,MeOH_1,0.35394978865025556
PET,LT,#11,-,FT_1,0.33625064122572296
PET,SG,#1,-,MeOH_1,0.47199026847422004
PET,SG,#2,-,FT_4,0.5302367729863731
PET,SG,#3,-,H2_1,0.6149759285288838
PET,SG,#4,-,MeOH_1,0.30451236747695826
PET,SG,#5,-,FT_4,0.3310095584482775
PET,SG,#6,-,MeOH_1,0.45589451563114214
PET,SG,#7,-,FT_1,0.40385160565501155
PET,SG,#8,-,H2_1,0.5567255163559545
PET,SG,#9,-,MeOH_1,0.2893819104595934
PET,SG,#10,-,FT_1,0.25893591243619574
PET,OG,#1,-,MeOH_1,0.4716721090110156
PET,OG,#2,-,FT_1,0.43741975929737126
PET,OG,#3,-,H2_1,0.30969785521716037
PET,OG,#4,-,MeOH_1,0.251955227382822
PET,OG,#5,-,FT_1,0.33536559296686025
PET,OG,#6,-,MeOH_1,0.3649118388718232
PET,OG,#7,-,FT_1,0.40494113426357004
PET,OG,#8,-,H2_1,0.31497556926798936
PET,OG,#9,-,MeOH_1,0.23535631050396008
PET,OG,#10,-,FT_1,0.28830366122531764
PP,HT,#1,#1,MeOH_1,0.6018285093978107
PP,HT,#1,#2,FT_1,0.5347170590399245
PP,HT,#1,#3,JET FUEL_1,0.6317739053159939
PP,HT,#1,#4,MeOH_1,0.39166613385801774
PP,HT,#1,#5,FT_1,0.3661454676861094
PP,HT,#1,#6,Olefin,0.6872037392735834
PP,HT,#1,#7,MeOH_1,0.5850694180300857
PP,HT,#1,#8,FT_1,0.5186636790133331
PP,HT,#1,#9,JET FUEL_1,0.6602432732578638
PP,HT,#1,#10,MeOH_1,0.39448207482194714
PP,HT,#1,#11,FT_1,0.35617015427483867
PP,HT,#2,#1,MeOH_1,0.5653376844348388
PP,HT,#2,#2,FT_1,0.5028373130949915
PP,HT,#2,#3,H2_1,0.5923122364641354
PP,HT,#2,#4,MeOH_1,0.37462923580692264
PP,HT,#2,#5,FT_1,0.35066056919588
PP,HT,#2,#6,Olefin,0.6357090360137246
PP,HT,#2,#7,MeOH_1,0.5496024087046295
PP,HT,#2,#8,FT_1,0.4893239671950638
PP,HT,#2,#9,H2_1,0.6194045002149408
PP,HT,#2,#10,MeOH_1,0.3773442993908656
PP,HT,#2,#11,FT_1,0.34157429179354976
PP,HT,#3,#1,MeOH_1,0.5365573714739229
PP,HT,#3,#2,FT_1,0.4794208746457265
PP,HT,#3,#3,H2_1,0.5605093775922732
PP,HT,#3,#4,MeOH_1,0.3646493050814404
PP,HT,#3,#5,FT_1,0.3422837621106311
PP,HT,#3,#6,Olefin,0.5939108255127152
PP,HT,#3,#7,MeOH_1,0.5220871433759826
PP,HT,#3,#8,FT_1,0.468032877042767
PP,HT,#3,#9,H2_1,0.5856729557801401
PP,HT,#3,#10,MeOH_1,0.3672201079664596
PP,HT,#3,#11,FT_1,0.33393584131537857
PP,HT,#4,#1,MeOH_1,0.5627073779828197
PP,HT,#4,#2,FT_1,0.5060684268731158
PP,HT,#4,#3,JET FUEL_1,0.5869712266523445
PP,HT,#4,#4,MeOH_1,0.38576490984006717
PP,HT,#4,#5,FT_1,0.36304642450659147
PP,HT,#4,#6,Olefin,0.6244020160987706
PP,HT,#4,#7,MeOH_1,0.5484663216101264
PP,HT,#4,#8,FT_1,0.4935951385421211
PP,HT,#4,#9,JET FUEL_1,0.6114746455898513
PP,HT,#4,#10,MeOH_1,0.3882867341178821
PP,HT,#4,#11,FT_1,0.35416055142238473
PP,HT,#5,#1,MeOH_1,0.5543909531960619
PP,HT,#5,#2,FT_1,0.49630357152221755
PP,HT,#5,#3,H2_1,0.5791354352906963
PP,HT,#5,#4,MeOH_1,0.3761236632848897
PP,HT,#5,#5,FT_1,0.35324327241848835
PP,HT,#5,#6,Olefin,0.616440635050975
PP,HT,#5,#7,MeOH_1,0.5397458047522653
PP,HT,#5,#8,FT_1,0.4839726820191579
PP,HT,#5,#9,H2_1,0.6044291417631074
PP,HT,#5,#10,MeOH_1,0.37870512627113706
PP,HT,#5,#11,FT_1,0.3444920992082743
PP,HT,#6,#1,MeOH_1,0.4874237001009989
PP,HT,#6,#2,FT_1,0.43585135195804453
PP,HT,#6,#3,MeOH_1,0.508002140229733
PP,HT,#6,#4,MeOH_1,0.3390121445052816
PP,HT,#6,#5,FT_1,0.31870361612072634
PP,HT,#6,#6,Olefin,0.5293636197842116
PP,HT,#6,#7,MeOH_1,0.47421124175767637
PP,HT,#6,#8,FT_1,0.4273099341411384
PP,HT,#6,#9,MeOH_1,0.5313913141483556
PP,HT,#6,#10,MeOH_1,0.34144457202057354
PP,HT,#6,#11,FT_1,0.3115283682188155
PP,HT,#7,#1,MeOH_1,0.47562839966541165
PP,HT,#7,#2,FT_1,0.4251943807132891
PP,HT,#7,#3,H2_1,0.49550759695247065
PP,HT,#7,#4,MeOH_1,0.33229928282225224
PP,HT,#7,#5,FT_1,0.3124460504967337
PP,HT,#7,#6,Olefin,0.5143729653592
PP,HT,#7,#7,MeOH_1,0.4626703973961955
PP,HT,#7,#8,FT_1,0.4172708552714481
PP,HT,#7,#9,H2_1,0.5185449775104265
PP,HT,#7,#10,MeOH_1,0.3347036768309442
PP,HT,#7,#11,FT_1,0.3055436549898152
PP,HT,#8,#1,MeOH_1,0.6265350826641531
PP,HT,#8,#2,FT_1,0.5559516956260679
PP,HT,#8,#3,H2_1,0.6587268228521334
PP,HT,#8,#4,MeOH_1,0.4021915876980385
PP,HT,#8,#5,FT_1,0.3755755555565467
PP,HT,#8,#6,Olefin,0.7235021216736113
PP,HT,#8,#7,MeOH_1,0.6090026365203736
PP,HT,#8,#8,FT_1,0.5380237188206467
PP,HT,#8,#9,H2_1,0.6882395375182591
PP,HT,#8,#10,MeOH_1,0.4050822754542249
PP,HT,#8,#11,FT_1,0.36499246685943104
PP,HT,#9,#1,MeOH_1,0.6023675117172403
PP,HT,#9,#2,FT_1,0.5352222864183529
PP,HT,#9,#3,H2_1,0.6323414143536983
PP,HT,#9,#4,MeOH_1,0.39199032244897253
PP,HT,#9,#5,FT_1,0.3664532793894875
PP,HT,#9,#6,Olefin,0.6879183987684309
PP,HT,#9,#7,MeOH_1,0.5856021826126465
PP,HT,#9,#8,FT_1,0.519136023128159
PP,HT,#9,#9,H2_1,0.6608154023784779
PP,HT,#9,#10,MeOH_1,0.39480662508060865
PP,HT,#9,#11,FT_1,0.3564653500519589
PP,LT,#1,#1,GASOLINE_1,0.6337583763294901
PP,LT,#1,#2,GASOLINE_1,0.617626352710818
PP,LT,#1,#3,GASOLINE_1,0.6444382655655434
PP,LT,#1,#4,GASOLINE_1,0.6038609829708431
PP,LT,#1,#5,GASOLINE_1,0.6066107431858878
PP,LT,#1,#6,GASOLINE_1,0.7009979884418965
PP,LT,#1,#7,GASOLINE_1,0.6375964040028376
PP,LT,#1,#8,GASOLINE_1,0.618305852906362
PP,LT,#1,#9,GASOLINE_1,0.6480855306881584
PP,LT,#1,#10,GASOLINE_1,0.6015807115529924
PP,LT,#1,#11,GASOLINE_1,0.6028970095556304
PP,LT,#2,#1,DIESEL_1,0.5643697974128332
PP,LT,#2,#2,DIESEL_1,0.5503521589320247
PP,LT,#2,#3,DIESEL_1,0.5737135817782305
PP,LT,#2,#4,DIESEL_1,0.5387332054429447
PP,LT,#2,#5,DIESEL_1,0.5421477635021001
PP,LT,#2,#6,DIESEL_1,0.6198993654360433
PP,LT,#2,#7,DIESEL_1,0.567658241461371
PP,LT,#2,#8,DIESEL_1,0.5507417848697737
PP,LT,#2,#9,DIESEL_1,0.5767565351938069
PP,LT,#2,#10,DIESEL_1,0.53684535095558
PP,LT,#2,#11,DIESEL_1,0.5377290505172126
PP,LT,#3,#1,DIESEL_1,0.5241832413012009
PP,LT,#3,#2,DIESEL_1,0.5122018390287161
PP,LT,#3,#3,DIESEL_1,0.5321918521414338
PP,LT,#3,#4,DIESEL_1,0.5024373779050488
PP,LT,#3,#5,DIESEL_1,0.5059292311266997
PP,LT,#3,#6,DIESEL_1,0.5696754606412198
PP,LT,#3,#7,DIESEL_1,0.5269638776867251
PP,LT,#3,#8,DIESEL_1,0.5124239000113501
PP,LT,#3,#9,DIESEL_1,0.5347134943121742
PP,LT,#3,#10,DIESEL_1,0.5008692099268228
PP,LT,#3,#11,DIESEL_1,0.5014853417812849
PP,LT,#4,#1,DIESEL_1,0.49573503963648763
PP,LT,#4,#2,DIESEL_1,0.48451320208896836
PP,LT,#4,#3,DIESEL_1,0.5032632009257543
PP,LT,#4,#4,DIESEL_1,0.47551140423221194
PP,LT,#4,#5,DIESEL_1,0.47920702882235083
PP,LT,#4,#6,DIESEL_1,0.5372206302508888
PP,LT,#4,#7,DIESEL_1,0.49832074406754234
PP,LT,#4,#8,DIESEL_1,0.4846385800622378
PP,LT,#4,#9,DIESEL_1,0.5055742585512465
PP,LT,#4,#10,DIESEL_1,0.47408209410653906
PP,LT,#4,#11,DIESEL_1,0.47455096344663616
PP,LT,#5,#1,DIESEL_1,0.5485491654962412
PP,LT,#5,#2,DIESEL_1,0.536061781677442
PP,LT,#5,#3,DIESEL_1,0.5568692413476183
PP,LT,#5,#4,DIESEL_1,0.5257523893478719
PP,LT,#5,#5,DIESEL_1,0.5290125022226194
PP,LT,#5,#6,DIESEL_1,0.5969021272630118
PP,LT,#5,#7,DIESEL_1,0.5514631388952681
PP,LT,#5,#8,DIESEL_1,0.5363671591066154
PP,LT,#5,#9,DIESEL_1,0.5595410824887257
PP,LT,#5,#10,DIESEL_1,0.5240815816206521
PP,LT,#5,#11,DIESEL_1,0.5248213722355648
PP,LT,#6,#1,MeOH_1,0.4440029905269201
PP,LT,#6,#2,DIESEL_1,0.4347234740882558
PP,LT,#6,#3,DIESEL_1,0.45026553732652635
PP,LT,#6,#4,MeOH_1,0.4275053576627514
PP,LT,#6,#5,DIESEL_1,0.43127397843735904
PP,LT,#6,#6,DIESEL_1,0.4762498901625833
PP,LT,#6,#7,MeOH_1,0.4461076274465978
PP,LT,#6,#8,DIESEL_1,0.4346900201777531
PP,LT,#6,#9,DIESEL_1,0.452086973015444
PP,LT,#6,#10,MeOH_1,0.426385448538532
PP,LT,#6,#11,DIESEL_1,0.426595687037302
PP,LT,#7,#1,DIESEL_1,0.4254542929714925
PP,LT,#7,#2,DIESEL_1,0.41668624368196533
PP,LT,#7,#3,DIESEL_1,0.43138828158614373
PP,LT,#7,#4,DIESEL_1,0.4099558832944603
PP,LT,#7,#5,DIESEL_1,0.4137861600194231
PP,LT,#7,#6,DIESEL_1,0.45522406039790037
PP,LT,#7,#7,DIESEL_1,0.4274311142170145
PP,LT,#7,#8,DIESEL_1,0.41660275492642873
PP,LT,#7,#9,DIESEL_1,0.4330773342763044
PP,LT,#7,#10,DIESEL_1,0.40892247656710534
PP,LT,#7,#11,DIESEL_1,0.4090528918165924
PP,LT,#8,#1,DIESEL_1,0.6573341457032743
PP,LT,#8,#2,DIESEL_1,0.6397350860221187
PP,LT,#8,#3,DIESEL_1,0.6689766927744549
PP,LT,#8,#4,DIESEL_1,0.6246196264184412
PP,LT,#8,#5,DIESEL_1,0.627243582527448
PP,LT,#8,#6,DIESEL_1,0.7322682263914808
PP,LT,#8,#7,DIESEL_1,0.6615435892857464
PP,LT,#8,#8,DIESEL_1,0.6405501668016506
PP,LT,#8,#9,DIESEL_1,0.673013832146419
PP,LT,#8,#10,DIESEL_1,0.6221055901232722
PP,LT,#8,#11,DIESEL_1,0.6236302717858769
PP,LT,#9,#1,DIESEL_1,0.6575588291061593
PP,LT,#9,#2,DIESEL_1,0.6400127295353722
PP,LT,#9,#3,DIESEL_1,0.6691648483327436
PP,LT,#9,#4,DIESEL_1,0.6249389680605225
PP,LT,#9,#5,DIESEL_1,0.6275502301036617
PP,LT,#9,#6,DIESEL_1,0.732240807268036
PP,LT,#9,#7,DIESEL_1,0.6617554056159464
PP,LT,#9,#8,DIESEL_1,0.6408263081684543
PP,LT,#9,#9,DIESEL_1,0.6731895029161142
PP,LT,#9,#10,DIESEL_1,0.6224314300425234
PP,LT,#9,#11,DIESEL_1,0.6239532791140046
PP,HT,#1,-,MeOH_1,0.5500559084033892
PP,HT,#2,-,FT_1,0.5321724759260651
PP,HT,#3,-,H2_1,0.641447586413572
PP,HT,#4,-,MeOH_1,0.40562041449329506
PP,HT,#5,-,FT_1,0.45508653165836166
PP,HT,#6,-,Olefin,0.6717507039424914
PP,HT,#7,-,MeOH_1,0.5463829745961518
PP,HT,#8,-,FT_1,0.47051911902078114
PP,HT,#9,-,H2_1,0.6214092291074642
PP,HT,#10,-,MeOH_1,0.3501394466542651
PP,HT,#11,-,FT_1,0.34726988185072366
PP,LT,#1,-,DIESEL_1,0.5557404395134855
PP,LT,#2,-,DIESEL_1,0.545922638111331
PP,LT,#3,-,DIESEL_1,0.5955649541223423
PP,LT,#4,-,MeOH_1,0.456395226772223
PP,LT,#5,-,DIESEL_1,0.45078135358125204
PP,LT,#6,-,DIESEL_1,0.617390889614124
PP,LT,#7,-,DIESEL_1,0.5728339821995467
PP,LT,#8,-,DIESEL_1,0.5146138341455428
PP,LT,#9,-,DIESEL_1,0.5886102335173745
PP,LT,#10,-,MeOH_1,0.43514402614801245
PP,LT,#11,-,DIESEL_1,0.5500996448459095
PP,SG,#1,-,MeOH_1,0.5431926360383583
PP,SG,#2,-,FT_1,0.45720220310648096
PP,SG,#3,-,H2_1,0.7257910243683321
PP,SG,#4,-,MeOH_1,0.3277493098465262
PP,SG,#5,-,FT_1,0.28774881792864826
PP,SG,#6,-,MeOH_1,0.5284717854616525
PP,SG,#7,-,FT_1,0.4237520725504819
PP,SG,#8,-,H2_1,0.6686351421157317
PP,SG,#9,-,MeOH_1,0.32256532886157946
PP,SG,#10,-,FT_1,0.27932629844022777
PP,OG,#1,-,MeOH_1,0.4586144266692453
PP,OG,#2,-,FT_1,0.4253653483393362
PP,OG,#3,-,H2_1,0.5555562609849285
PP,OG,#4,-,MeOH_1,0.273552213144721
PP,OG,#5,-,FT_1,0.31479323522805036
PP,OG,#6,-,MeOH_1,0.39228536341310183
PP,OG,#7,-,FT_1,0.37847771314993967
PP,OG,#8,-,H2_1,0.46612064700874273
PP,OG,#9,-,MeOH_1,0.25296171782375915
PP,OG,#10,-,FT_1,0.2670857748826502
PVC,HT,#1,#1,JET FUEL_1,0.5188116742701845
PVC,HT,#1,#2,JET FUEL_1,0.5089584131191379
PVC,HT,#1,#3,JET FUEL_1,0.5850816475002949
PVC,HT,#1,#4,JET FUEL_1,0.43445678982037256
PVC,HT,#1,#5,JET FUEL_1,0.45034950139194607
PVC,HT,#1,#6,JET FUEL_1,0.6168184078858306
PVC,HT,#1,#7,JET FUEL_1,0.5296035527057739
PVC,HT,#1,#8,JET FUEL_1,0.4991376572163949
PVC,HT,#1,#9,JET FUEL_1,0.5149096563924639
PVC,HT,#1,#10,JET FUEL_1,0.47484227292912484
PVC,HT,#1,#11,JET FUEL_1,0.4491813961257467
PVC,HT,#2,#1,DIESEL_1,0.4809454757205629
PVC,HT,#2,#2,FT_1,0.4812061497042931
PVC,HT,#2,#3,DIESEL_1,0.5376563989806774
PVC,HT,#2,#4,DIESEL_1,0.40863880344459586
PVC,HT,#2,#5,FT_1,0.42881797151368034
PVC,HT,#2,#6,Olefin,0.5633607817150051
PVC,HT,#2,#7,DIESEL_1,0.490253299223677
PVC,HT,#2,#8,DIESEL_1,0.46438046059159405
PVC,HT,#2,#9,DIESEL_1,0.4783082478489805
PVC,HT,#2,#10,DIESEL_1,0.443599253037318
PVC,HT,#2,#11,DIESEL_1,0.421442280816247
PVC,HT,#3,#1,MeOH_1,0.43447231986845136
PVC,HT,#3,#2,MeOH_1,0.44530400731812875
PVC,HT,#3,#3,MeOH_1,0.4812704119715712
PVC,HT,#3,#4,MeOH_1,0.3750920212735996
PVC,HT,#3,#5,FT_1,0.40003047347394777
PVC,HT,#3,#6,MeOH_1,0.5009775517626123
PVC,HT,#3,#7,MeOH_1,0.4422208211125301
PVC,HT,#3,#8,MeOH_1,0.42116995440240984
PVC,HT,#3,#9,MeOH_1,0.43312087721972964
PVC,HT,#3,#10,MeOH_1,0.40413935471125945
PVC,HT,#3,#11,MeOH_1,0.38578355646123064
PVC,HT,#4,#1,DIESEL_1,0.43535628530156667
PVC,HT,#4,#2,FT_1,0.44573136618971765
PVC,HT,#4,#3,DIESEL_1,0.48067223102468054
PVC,HT,#4,#4,DIESEL_1,0.37746821674913067
PVC,HT,#4,#5,FT_1,0.40141914948485014
PVC,HT,#4,#6,DIESEL_1,0.4996700152290082
PVC,HT,#4,#7,DIESEL_1,0.4428726468053331
PVC,HT,#4,#8,DIESEL_1,0.42242406139864347
PVC,HT,#4,#9,DIESEL_1,0.43402720946697804
PVC,HT,#4,#10,DIESEL_1,0.40583856889678804
PVC,HT,#4,#11,DIESEL_1,0.3879226775916582
PVC,HT,#5,#1,DIESEL_1,0.4670329174937654
PVC,HT,#5,#2,FT_1,0.470478377032322
PVC,HT,#5,#3,DIESEL_1,0.516809557210537
PVC,HT,#5,#4,DIESEL_1,0.40270539443840553
PVC,HT,#5,#5,FT_1,0.42262208600177065
PVC,HT,#5,#6,DIESEL_1,0.5386212869575382
PVC,HT,#5,#7,DIESEL_1,0.4752591352291908
PVC,HT,#5,#8,DIESEL_1,0.45249306848697035
PVC,HT,#5,#9,DIESEL_1,0.464952442451496
PVC,HT,#5,#10,DIESEL_1,0.43405902209793684
PVC,HT,#5,#11,DIESEL_1,0.4142365450111736
PVC,HT,#6,#1,MeOH_1,0.364362447021649
PVC,HT,#6,#2,MeOH_1,0.3880336063901558
PVC,HT,#6,#3,MeOH_1,0.39977489333330957
PVC,HT,#6,#4,MeOH_1,0.32057273249565615
PVC,HT,#6,#5,MeOH_1,0.3519829420210968
PVC,HT,#6,#6,MeOH_1,0.412879971760075
PVC,HT,#6,#7,MeOH_1,0.37029197446772355
PVC,HT,#6,#8,MeOH_1,0.354893323091293
PVC,HT,#6,#9,MeOH_1,0.36449897939261916
PVC,HT,#6,#10,MeOH_1,0.34235279174409167
PVC,HT,#6,#11,MeOH_1,0.32864062524186016
PVC,HT,#7,#1,DIESEL_1,0.3460654845232214
PVC,HT,#7,#2,FT_1,0.37274234311262977
PVC,HT,#7,#3,DIESEL_1,0.3792869252569912
PVC,HT,#7,#4,DIESEL_1,0.30547017806018156
PVC,HT,#7,#5,FT_1,0.3386439430071302
PVC,HT,#7,#6,DIESEL_1,0.39111962003512246
PVC,HT,#7,#7,DIESEL_1,0.3516411084404037
PVC,HT,#7,#8,DIESEL_1,0.33736993996351927
PVC,HT,#7,#9,DIESEL_1,0.34652523972896476
PVC,HT,#7,#10,DIESEL_1,0.32574231512700924
PVC,HT,#7,#11,DIESEL_1,0.31298897236435763
PVC,HT,#8,#1,Aromatics,0.5705957477134571
PVC,HT,#8,#2,Aromatics,0.544512742201264
PVC,HT,#8,#3,Aromatics,0.6524497433448249
PVC,HT,#8,#4,Aromatics,0.4673977211213784
PVC,HT,#8,#5,Aromatics,0.47687623333780865
PVC,HT,#8,#6,Aromatics,0.6945209059787313
PVC,HT,#8,#7,Aromatics,0.5837685311716203
PVC,HT,#8,#8,Aromatics,0.5459321453766046
PVC,HT,#8,#9,Aromatics,0.5645941904011923
PVC,HT,#8,#10,Aromatics,0.5161082974613115
PVC,HT,#8,#11,Aromatics,0.48504072057070036
PVC,HT,#9,#1,Aromatics,0.5318903114703981
PVC,HT,#9,#2,Aromatics,0.5180969371557962
PVC,HT,#9,#3,Aromatics,0.6026580114092207
PVC,HT,#9,#4,Aromatics,0.4422088769878344
PVC,HT,#9,#5,Aromatics,0.4568300552214312
PVC,HT,#9,#6,Aromatics,0.6372584346370107
PVC,HT,#9,#7,Aromatics,0.5433719174119085
PVC,HT,#9,#8,Aromatics,0.5108170764506057
PVC,HT,#9,#9,Aromatics,0.527453031824226
PVC,HT,#9,#10,Aromatics,0.4849561694836094
PVC,HT,#9,#11,Aromatics,0.45776152348017063
PVC,LT,#1,#1,GASOLINE_1,0.5397845928735108
PVC,LT,#1,#2,GASOLINE_1,0.5306913731819005
PVC,LT,#1,#3,GASOLINE_1,0.6017729001509152
PVC,LT,#1,#4,GASOLINE_1,0.4208461463344874
PVC,LT,#1,#5,GASOLINE_1,0.5870320048096471
PVC,LT,#1,#6,GASOLINE_1,0.6580375740670066
PVC,LT,#1,#7,GASOLINE_1,0.5442696429244642
PVC,LT,#1,#8,GASOLINE_1,0.5110372517116591
PVC,LT,#1,#9,GASOLINE_1,0.523483113451731
PVC,LT,#1,#10,GASOLINE_1,0.49250947325369415
PVC,LT,#1,#11,GASOLINE_1,0.480247991443332
PVC,LT,#2,#1,GASOLINE_1,0.49319710850090165
PVC,LT,#2,#2,FT_1,0.49828114783644206
PVC,LT,#2,#3,GASOLINE_1,0.5452503067969472
PVC,LT,#2,#4,GASOLINE_1,0.3909905410295735
PVC,LT,#2,#5,FT_1,0.546871903310169
PVC,LT,#2,#6,Olefin,0.5909995269957175
PVC,LT,#2,#7,GASOLINE_1,0.49656937610620233
PVC,LT,#2,#8,GASOLINE_1,0.4679562761078332
PVC,LT,#2,#9,GASOLINE_1,0.479980978488604
PVC,LT,#2,#10,GASOLINE_1,0.45281181310444457
PVC,LT,#2,#11,GASOLINE_1,0.4421355106383276
PVC,LT,#3,#1,MeOH_1,0.44666907536525424
PVC,LT,#3,#2,MeOH_1,0.46379333102150977
PVC,LT,#3,#3,MeOH_1,0.48919204740250194
PVC,LT,#3,#4,MeOH_1,0.361017449362982
PVC,LT,#3,#5,FT_1,0.5044647743351878
PVC,LT,#3,#6,MeOH_1,0.5252295499738642
PVC,LT,#3,#7,MeOH_1,0.4490459403420592
PVC,LT,#3,#8,MeOH_1,0.42500493045460275
PVC,LT,#3,#9,MeOH_1,0.43633884339037077
PVC,LT,#3,#10,MeOH_1,0.41304568221663757
PVC,LT,#3,#11,MeOH_1,0.4039655777866038
PVC,LT,#4,#1,GASOLINE_1,0.4147681528427707
PVC,LT,#4,#2,FT_1,0.43980944158369106
PVC,LT,#4,#3,GASOLINE_1,0.45361265722122696
PVC,LT,#4,#4,GASOLINE_1,0.3360681354850292
PVC,LT,#4,#5,FT_1,0.4770006304542258
PVC,LT,#4,#6,GASOLINE_1,0.4859414928275952
PVC,LT,#4,#7,GASOLINE_1,0.41665910702577813
PVC,LT,#4,#8,GASOLINE_1,0.3943389301557382
PVC,LT,#4,#9,GASOLINE_1,0.4057335026901073
PVC,LT,#4,#10,GASOLINE_1,0.3838481547403561
PVC,LT,#4,#11,GASOLINE_1,0.37539009622991126
PVC,LT,#5,#1,GASOLINE_1,0.48031502362193645
PVC,LT,#5,#2,FT_1,0.48848501730880234
PVC,LT,#5,#3,GASOLINE_1,0.5256578224697002
PVC,LT,#5,#4,GASOLINE_1,0.38904762863232856
PVC,LT,#5,#5,FT_1,0.5320008746515987
PVC,LT,#5,#6,GASOLINE_1,0.5646032964644625
PVC,LT,#5,#7,GASOLINE_1,0.4831613205962196
PVC,LT,#5,#8,GASOLINE_1,0.45787209960483805
PVC,LT,#5,#9,GASOLINE_1,0.4688332544398306
PVC,LT,#5,#10,GASOLINE_1,0.4445889626907555
PVC,LT,#5,#11,GASOLINE_1,0.43504795308876887
PVC,LT,#6,#1,MeOH_1,0.49140086181400505
PVC,LT,#6,#2,MeOH_1,0.49581011421821203
PVC,LT,#6,#3,MeOH_1,0.5280950666434453
PVC,LT,#6,#4,MeOH_1,0.4142861610294503
PVC,LT,#6,#5,MeOH_1,0.5329032892245036
PVC,LT,#6,#6,MeOH_1,0.5587674121729364
PVC,LT,#6,#7,MeOH_1,0.49380879113893594
PVC,LT,#6,#8,MeOH_1,0.4730855027218229
PVC,LT,#6,#9,MeOH_1,0.48180159577087855
PVC,LT,#6,#10,MeOH_1,0.4618001241310533
PVC,LT,#6,#11,MeOH_1,0.45383616430117835
PVC,LT,#7,#1,GASOLINE_1,0.3506200147154456
PVC,LT,#7,#2,FT_1,0.38712216047019204
PVC,LT,#7,#3,GASOLINE_1,0.37909610171916425
PVC,LT,#7,#4,GASOLINE_1,0.2910725840365521
PVC,LT,#7,#5,FT_1,0.4146604373640923
PVC,LT,#7,#6,GASOLINE_1,0.40147698135985166
PVC,LT,#7,#7,GASOLINE_1,0.35151499290014165
PVC,LT,#7,#8,GASOLINE_1,0.33439811394361985
PVC,LT,#7,#9,GASOLINE_1,0.3446628294803416
PVC,LT,#7,#10,GASOLINE_1,0.3273595694087505
PVC,LT,#7,#11,GASOLINE_1,0.3207753632595947
PVC,LT,#8,#1,Aromatics,0.5524657580913095
PVC,LT,#8,#2,FT_1,0.5384408243340556
PVC,LT,#8,#3,Aromatics,0.6234066180006888
PVC,LT,#8,#4,Aromatics,0.42027973281022596
PVC,LT,#8,#5,FT_1,0.600572372290809
PVC,LT,#8,#6,Aromatics,0.6895149639420336
PVC,LT,#8,#7,Aromatics,0.5576965852455333
PVC,LT,#8,#8,Aromatics,0.5202597915308234
PVC,LT,#8,#9,Aromatics,0.533867480162915
PVC,LT,#8,#10,Aromatics,0.4993385369436536
PVC,LT,#8,#11,Aromatics,0.48570705097085315
PVC,LT,#9,#1,Aromatics,0.5071505585906073
PVC,LT,#9,#2,FT_1,0.5082592474465869
PVC,LT,#9,#3,Aromatics,0.5681246612234478
PVC,LT,#9,#4,Aromatics,0.3911860938116111
PVC,LT,#9,#5,FT_1,0.5630884982866129
PVC,LT,#9,#6,Aromatics,0.6232909413019093
PVC,LT,#9,#7,Aromatics,0.5112188677272365
PVC,LT,#9,#8,Aromatics,0.4782900516186088
PVC,LT,#9,#9,Aromatics,0.49167854496793567
PVC,LT,#9,#10,Aromatics,0.460770791219917
PVC,LT,#9,#11,Aromatics,0.4486578825872936
PVC,HT,#1,-,MeOH_1,0.43739305174446136
PVC,HT,#2,-,FT_1,0.4068034838435198
PVC,HT,#3,-,DIESEL_1,0.6699830940559087
PVC,HT,#4,-,MeOH_1,0.2591766885628583
PVC,HT,#5,-,FT_1,0.302673733086631
PVC,HT,#6,-,Olefin,0.5236824945428916
PVC,HT,#7,-,MeOH_1,0.4658596122565363
PVC,HT,#8,-,DIESEL_1,0.41682062549764337
PVC,HT,#9,-,DIESEL_1,0.507634750912248
PVC,HT,#10,-,MeOH_1,0.3542101724790402
PVC,HT,#11,-,DIESEL_1,0.3245657106274467
PVC,LT,#1,-,MeOH_1,0.4657105206294336
PVC,LT,#2,-,FT_1,0.4434683587665642
PVC,LT,#3,-,GASOLINE_1,0.5097987123721536
PVC,LT,#4,-,MeOH_1,0.34954092425734157
PVC,LT,#5,-,FT_1,0.35035732551044235
PVC,LT,#6,-,Olefin,0.5881803878796291
PVC,LT,#7,-,MeOH_1,0.46448020186079414
PVC,LT,#8,-,GASOLINE_1,0.4121648373822387
PVC,LT,#9,-,GASOLINE_1,0.501647231572998
PVC,LT,#10,-,MeOH_1,0.34767802379304524
PVC,LT,#11,-,GASOLINE_1,0.32513351299980325
PVC,SG,#1,-,MeOH_1,0.536604743496411
PVC,SG,#2,-,FT_1,0.5084411339886482
PVC,SG,#3,-,H2_1,0.6531798697086666
PVC,SG,#4,-,MeOH_1,0.3315982039499234
PVC,SG,#5,-,FT_1,0.30454959807377696
PVC,SG,#6,-,MeOH_1,0.49125339459364115
PVC,SG,#7,-,FT_1,0.4297364234473108
PVC,SG,#8,-,H2_1,0.5575772404950752
PVC,SG,#9,-,MeOH_1,0.3026014861355351
PVC,SG,#10,-,FT_1,0.27211740670625284
PVC,OG,#1,-,MeOH_1,0.47280842010271684
PVC,OG,#2,-,FT_1,0.48654729661792584
PVC,OG,#3,-,H2_1,0.39376146680943863
PVC,OG,#4,-,MeOH_1,0.27272039296012907
PVC,OG,#5,-,FT_1,0.30519112499680423
PVC,OG,#6,-,MeOH_1,0.3992273990431809
PVC,OG,#7,-,FT_1,0.37867028013913795
PVC,OG,#8,-,H2_1,0.3890471139914728
PVC,OG,#9,-,MeOH_1,0.24884072618883593
PVC,OG,#10,-,FT_1,0.2924834701219959
PS,HT,#1,-,GASOLINE_1,0.7191479721749677
PS,HT,#2,-,GASOLINE_1,0.6104353075252769
PS,HT,#3,-,GASOLINE_1,0.5594200234041363
PS,HT,#4,-,GASOLINE_1,0.5302586348162426
PS,HT,#5,-,GASOLINE_1,0.5996616743604016
PS,HT,#6,-,MeOH_1,0.46094074625121256
PS,HT,#7,-,GASOLINE_1,0.43867970543263823
PS,HT,#8,-,WAX_1,0.6978130713649311
PS,HT,#9,-,WAX_1,0.6764128618385338
PS,LT,#1,-,GASOLINE_1,0.7303155320434016
PS,LT,#2,-,GASOLINE_1,0.7066715712626266
PS,LT,#3,-,GASOLINE_1,0.5841592717397822
PS,LT,#4,-,GASOLINE_1,0.5528626831017517
PS,LT,#5,-,GASOLINE_1,0.6258163278055275
PS,LT,#6,-,MeOH_1,0.47946645178131203
PS,LT,#7,-,GASOLINE_1,0.4557184864647956
PS,LT,#8,-,Aromatics,0.815305023577231
PS,LT,#9,-,Aromatics,0.7796775573634199
PS,SG,#1,-,MeOH_1,0.485998289540393
PS,SG,#2,-,FT_1,0.4497687812955068
PS,SG,#3,-,H2_1,0.6638017481839968
PS,SG,#4,-,MeOH_1,0.2950587443600282
PS,SG,#5,-,FT_1,0.28206091910022985
PS,SG,#6,-,MeOH_1,0.47194418074955613
PS,SG,#7,-,FT_1,0.4140894729270748
PS,SG,#8,-,H2_1,0.5421801883288493
PS,SG,#9,-,MeOH_1,0.2961201262555835
PS,SG,#10,-,FT_1,0.2626473948369453
PS,OG,#1,-,MeOH_1,0.4036171272300092
PS,OG,#2,-,FT_1,0.4231296151510215
PS,OG,#3,-,H2_1,0.4532864962576654
PS,OG,#4,-,MeOH_1,0.26258603147959525
PS,OG,#5,-,FT_1,0.3290603978222821
PS,OG,#6,-,MeOH_1,0.3660456321003034
PS,OG,#7,-,FT_1,0.3561147166450979
PS,OG,#8,-,H2_1,0.3749127840049287
PS,OG,#9,-,MeOH_1,0.25228809663770485
PS,OG,#10,-,FT_1,0.2621438059833957
PE,HT,#1,#1,MeOH_1,0.6383476757515995
PE,HT,#1,#2,FT_1,0.5608921320420784
PE,HT,#1,#3,GASOLINE_1,0.6948447668305148
PE,HT,#1,#4,MeOH_1,0.4458253355482532
PE,HT,#1,#5,FT_1,0.406105466261025
PE,HT,#1,#6,Olefin,0.7230065593389706
PE,HT,#1,#7,MeOH_1,0.6241478826161438
PE,HT,#1,#8,FT_1,0.5497719386793121
PE,HT,#1,#9,GASOLINE_1,0.6893436043191498
PE,HT,#1,#10,MeOH_1,0.42744703047616517
PE,HT,#1,#11,FT_1,0.38912086815347663
PE,HT,#2,#1,MeOH_1,0.6057792338671869
PE,HT,#2,#2,FT_1,0.5348432434394393
PE,HT,#2,#3,H2_1,0.6582896333881268
PE,HT,#2,#4,MeOH_1,0.4299523965398405
PE,HT,#2,#5,FT_1,0.3927151970065163
PE,HT,#2,#6,Olefin,0.6782536192595462
PE,HT,#2,#7,MeOH_1,0.5927712542625512
PE,HT,#2,#8,FT_1,0.524710106148714
PE,HT,#2,#9,H2_1,0.6538931065394303
PE,HT,#2,#10,MeOH_1,0.41290907350764783
PE,HT,#2,#11,FT_1,0.37682132516708516
PE,HT,#3,#1,MeOH_1,0.5680551326939954
PE,HT,#3,#2,FT_1,0.5053161274746533
PE,HT,#3,#3,H2_1,0.6152884492366626
PE,HT,#3,#4,MeOH_1,0.41278651706012165
PE,HT,#3,#5,FT_1,0.37871275675904814
PE,HT,#3,#6,Olefin,0.6265919008701877
PE,HT,#3,#7,MeOH_1,0.556554258602697
PE,HT,#3,#8,FT_1,0.49639943783722984
PE,HT,#3,#9,H2_1,0.612118652363167
PE,HT,#3,#10,MeOH_1,0.39739015966013735
PE,HT,#3,#11,FT_1,0.36417713925133793
PE,HT,#4,#1,MeOH_1,0.5438874531772374
PE,HT,#4,#2,FT_1,0.48429900956495336
PE,HT,#4,#3,H2_1,0.5894149518382588
PE,HT,#4,#4,MeOH_1,0.39759041799470557
PE,HT,#4,#5,FT_1,0.36497703570636897
PE,HT,#4,#6,Olefin,0.5964755329925971
PE,HT,#4,#7,MeOH_1,0.5329422299688268
PE,HT,#4,#8,FT_1,0.4758952236579541
PE,HT,#4,#9,H2_1,0.5868288204509756
PE,HT,#4,#10,MeOH_1,0.3830185312251117
PE,HT,#4,#11,FT_1,0.35113356508732835
PE,HT,#5,#1,MeOH_1,0.5888080091695123
PE,HT,#5,#2,FT_1,0.5239679845199379
PE,HT,#5,#3,H2_1,0.6369837694629862
PE,HT,#5,#4,MeOH_1,0.4270048179452877
PE,HT,#5,#5,FT_1,0.39186165733264483
PE,HT,#5,#6,Olefin,0.6518435293713764
PE,HT,#5,#7,MeOH_1,0.5769487419929602
PE,HT,#5,#8,FT_1,0.5146844141348718
PE,HT,#5,#9,H2_1,0.633343182370236
PE,HT,#5,#10,MeOH_1,0.4109703072707488
PE,HT,#5,#11,FT_1,0.37678949179138976
PE,HT,#6,#1,MeOH_1,0.5369024698518811
PE,HT,#6,#2,FT_1,0.47891477956967443
PE,HT,#6,#3,MeOH_1,0.5813496973244556
PE,HT,#6,#4,MeOH_1,0.3945554357289851
PE,HT,#6,#5,FT_1,0.3625787621286528
PE,HT,#6,#6,Olefin,0.5870527396758761
PE,HT,#6,#7,MeOH_1,0.5262527989003681
PE,HT,#6,#8,FT_1,0.47074436595830543
PE,HT,#6,#9,MeOH_1,0.5789699325155067
PE,HT,#6,#10,MeOH_1,0.3803045977330513
PE,HT,#6,#11,FT_1,0.3490038340517822
PE,HT,#7,#1,MeOH_1,0.5210671596548265
PE,HT,#7,#2,FT_1,0.4653718317745554
PE,HT,#7,#3,H2_1,0.564171804090144
PE,HT,#7,#4,MeOH_1,0.38501182349022284
PE,HT,#7,#5,FT_1,0.35407700091660094
PE,HT,#7,#6,Olefin,0.5672550899484785
PE,HT,#7,#7,MeOH_1,0.5108269537006938
PE,HT,#7,#8,FT_1,0.4575630696750652
PE,HT,#7,#9,H2_1,0.5621668153722361
PE,HT,#7,#10,MeOH_1,0.3713298562446042
PE,HT,#7,#11,FT_1,0.34098204958320605
PE,HT,#8,#1,MeOH_1,0.6826207750478819
PE,HT,#8,#2,FT_1,0.5960480827759863
PE,HT,#8,#3,DIESEL_1,0.7445989312903322
PE,HT,#8,#4,MeOH_1,0.46685285115411174
PE,HT,#8,#5,FT_1,0.423806333434086
PE,HT,#8,#6,Olefin,0.7853854899216482
PE,HT,#8,#7,MeOH_1,0.6667510458766334
PE,HT,#8,#8,FT_1,0.5835463532986059
PE,HT,#8,#9,DIESEL_1,0.7374548002095187
PE,HT,#8,#10,MeOH_1,0.44666539531612304
PE,HT,#8,#11,FT_1,0.4053593772386072
PE,HT,#9,#1,MeOH_1,0.6543839683920709
PE,HT,#9,#2,FT_1,0.5734016339254013
PE,HT,#9,#3,H2_1,0.7130673563451289
PE,HT,#9,#4,MeOH_1,0.4530158114562998
PE,HT,#9,#5,FT_1,0.41202227799911456
PE,HT,#9,#6,Olefin,0.7457829941024837
PE,HT,#9,#7,MeOH_1,0.6395349514630077
PE,HT,#9,#8,FT_1,0.5617542978766796
PE,HT,#9,#9,H2_1,0.7069634534056856
PE,HT,#9,#10,MeOH_1,0.4339568326797556
PE,HT,#9,#11,FT_1,0.394486959422885
PE,LT,#1,#1,JET FUEL_1,0.5035030796371216
PE,LT,#1,#2,JET FUEL_1,0.4939544853648401
PE,LT,#1,#3,JET FUEL_1,0.5092793140929673
PE,LT,#1,#4,JET FUEL_1,0.5049935505540906
PE,LT,#1,#5,JET FUEL_1,0.49646928813696933
PE,LT,#1,#6,JET FUEL_1,0.5236496668087448
PE,LT,#1,#7,JET FUEL_1,0.5108188569696005
PE,LT,#1,#8,JET FUEL_1,0.5048912261795689
PE,LT,#1,#9,JET FUEL_1,0.5108468137453375
PE,LT,#1,#10,JET FUEL_1,0.49903954905359077
PE,LT,#1,#11,JET FUEL_1,0.49539995972380874
PE,LT,#2,#1,WAX_1,0.6383853639789411
PE,LT,#2,#2,WAX_1,0.6677290041224049
PE,LT,#2,#3,WAX_1,0.6642598779144873
PE,LT,#2,#4,WAX_1,0.633617326546076
PE,LT,#2,#5,WAX_1,0.6977755850053448
PE,LT,#2,#6,WAX_1,0.6628942372668354
PE,LT,#2,#7,WAX_1,0.6566727413613597
PE,LT,#2,#8,WAX_1,0.670098268765709
PE,LT,#2,#9,WAX_1,0.6542127742576096
PE,LT,#2,#10,WAX_1,0.648264070966879
PE,LT,#2,#11,WAX_1,0.6882861423017919
PE,LT,#3,#1,WAX_1,0.6117617867549077
PE,LT,#3,#2,WAX_1,0.5991952553675303
PE,LT,#3,#3,WAX_1,0.6186104994836479
PE,LT,#3,#4,WAX_1,0.6141118408259377
PE,LT,#3,#5,WAX_1,0.601404563234803
PE,LT,#3,#6,WAX_1,0.6369967561265132
PE,LT,#3,#7,WAX_1,0.6202885424246378
PE,LT,#3,#8,WAX_1,0.612694975242501
PE,LT,#3,#9,WAX_1,0.6205630702685855
PE,LT,#3,#10,WAX_1,0.606552035023188
PE,LT,#3,#11,WAX_1,0.6023948031245435
PE,LT,#4,#1,WAX_1,0.5813990250943333
PE,LT,#4,#2,WAX_1,0.569960723060608
PE,LT,#4,#3,WAX_1,0.5877860655647766
PE,LT,#4,#4,WAX_1,0.5834544743438708
PE,LT,#4,#5,WAX_1,0.5722027739806849
PE,LT,#4,#6,WAX_1,0.6045982101986114
PE,LT,#4,#7,WAX_1,0.5893852387091288
PE,LT,#4,#8,WAX_1,0.5824362238497954
PE,LT,#4,#9,WAX_1,0.5895843757651483
PE,LT,#4,#10,WAX_1,0.576519382239579
PE,LT,#4,#11,WAX_1,0.5726030997800449
PE,LT,#5,#1,WAX_1,0.6328206578552291
PE,LT,#5,#2,WAX_1,0.6196034959588916
PE,LT,#5,#3,WAX_1,0.6399110989268163
PE,LT,#5,#4,WAX_1,0.6353516747665424
PE,LT,#5,#5,WAX_1,0.6217607855826294
PE,LT,#5,#6,WAX_1,0.6591774112290376
PE,LT,#5,#7,WAX_1,0.6416236270254929
PE,LT,#5,#8,WAX_1,0.6336668879635525
PE,LT,#5,#9,WAX_1,0.6419485440913435
PE,LT,#5,#10,WAX_1,0.6274412821970683
PE,LT,#5,#11,WAX_1,0.623164395031244
PE,LT,#6,#1,WAX_1,0.5299106205530985
PE,LT,#6,#2,WAX_1,0.5207487578544383
PE,LT,#6,#3,WAX_1,0.53527025555595
PE,LT,#6,#4,WAX_1,0.5314184265095584
PE,LT,#6,#5,WAX_1,0.5229229198026156
PE,LT,#6,#6,WAX_1,0.5488202180703444
PE,LT,#6,#7,WAX_1,0.5366664938756364
PE,LT,#6,#8,WAX_1,0.5310479158946022
PE,LT,#6,#9,WAX_1,0.5367423296270107
PE,LT,#6,#10,WAX_1,0.525779781542919
PE,LT,#6,#11,WAX_1,0.5224274638983809
PE,LT,#7,#1,WAX_1,0.5104319383471487
PE,LT,#7,#2,WAX_1,0.5019426597182284
PE,LT,#7,#3,WAX_1,0.5155027249978342
PE,LT,#7,#4,WAX_1,0.5117724452694979
PE,LT,#7,#5,WAX_1,0.5041153947260211
PE,LT,#7,#6,WAX_1,0.5281125473959447
PE,LT,#7,#7,WAX_1,0.5168453420623675
PE,LT,#7,#8,WAX_1,0.5116136475271942
PE,LT,#7,#9,WAX_1,0.5168811768143071
PE,LT,#7,#10,WAX_1,0.506510371364301
PE,LT,#7,#11,WAX_1,0.5033138011736593
PE,HT,#1,-,MeOH_1,0.5917524152234006
PE,HT,#2,-,FT_1,0.567087067000387
PE,HT,#3,-,H2_1,0.6792501466257327
PE,HT,#4,-,MeOH_1,0.3699190790968671
PE,HT,#5,-,FT_1,0.37387338898101447
PE,HT,#6,-,Olefin,0.7341915889185258
PE,HT,#7,-,MeOH_1,0.5997670313954095
PE,HT,#8,-,FT_1,0.515322412965882
PE,HT,#9,-,H2_1,0.6801029277099029
PE,HT,#10,-,MeOH_1,0.38404307711275104
PE,HT,#11,-,FT_1,0.3462992224905081
PE,LT,#1,-,WAX_1,0.6272223213107556
PE,LT,#2,-,WAX_1,0.6077973429206806
PE,LT,#3,-,WAX_1,0.6648650078559961
PE,LT,#4,-,WAX_1,0.5227091273588319
PE,LT,#5,-,WAX_1,0.51852360715232
PE,LT,#6,-,WAX_1,0.6840643967077128
PE,LT,#7,-,WAX_1,0.6088287367002188
PE,LT,#8,-,WAX_1,0.5589875137264713
PE,LT,#9,-,WAX_1,0.6429061439039877
PE,LT,#10,-,WAX_1,0.5093210173522741
PE,LT,#11,-,WAX_1,0.49161610029808855
PE,SG,#1,-,MeOH_1,0.5383103214837841
PE,SG,#2,-,FT_1,0.46557440416154416
PE,SG,#3,-,H2_1,0.738590440392706
PE,SG,#4,-,MeOH_1,0.33113977751426155
PE,SG,#5,-,FT_1,0.2909401113523235
PE,SG,#6,-,MeOH_1,0.5313806622766407
PE,SG,#7,-,FT_1,0.44003022538988257
PE,SG,#8,-,H2_1,0.6331723407672246
PE,SG,#9,-,MeOH_1,0.3240739229902428
PE,SG,#10,-,FT_1,0.2893626496653988
PE,OG,#1,-,MeOH_1,0.45774886596531056
PE,OG,#2,-,FT_1,0.4505163214025032
PE,OG,#3,-,H2_1,0.5520991099034248
PE,OG,#4,-,MeOH_1,0.30011015223458887
PE,OG,#5,-,FT_1,0.31173894827889403
PE,OG,#6,-,MeOH_1,0.38419864468315484
PE,OG,#7,-,FT_1,0.38192430627824453
PE,OG,#8,-,H2_1,0.49241255842982506
PE,OG,#9,-,MeOH_1,0.26982989264914836
PE,OG,#10,-,FT_1,0.28639899417909925
PE,HG,#1,-,DIESEL_1,0.4926857068907713
PE,HG,#2,-,DIESEL_1,0.4678952769855665
PE,HG,#3,-,DIESEL_1,0.5161531456364693
PE,HG,#4,-,MeOH_1,0.43014648784237414
PE,HG,#5,-,DIESEL_1,0.41058884266358053
